{
    "num_pairs": 10,
    "pairs": [
        {
            "index": 1,
            "source": "1nem.A.1",
            "target": "1nem.A.23",
            "bp": "G-C",
            "name": "WC",
            "Saenger": "19-XIX",
            "LW": "cWW",
            "DSSR": "cW-W"
        },
        {
            "index": 2,
            "source": "1nem.A.2",
            "target": "1nem.A.22",
            "bp": "G-C",
            "name": "WC",
            "Saenger": "19-XIX",
            "LW": "cWW",
            "DSSR": "cW-W"
        },
        {
            "index": 3,
            "source": "1nem.A.3",
            "target": "1nem.A.21",
            "bp": "A-U",
            "name": "WC",
            "Saenger": "20-XX",
            "LW": "cWW",
            "DSSR": "cW-W"
        },
        {
            "index": 4,
            "source": "1nem.A.4",
            "target": "1nem.A.20",
            "bp": "C-G",
            "name": "WC",
            "Saenger": "19-XIX",
            "LW": "cWW",
            "DSSR": "cW-W"
        },
        {
            "index": 5,
            "source": "1nem.A.5",
            "target": "1nem.A.19",
            "bp": "U-A",
            "name": "WC",
            "Saenger": "20-XX",
            "LW": "cWW",
            "DSSR": "cW-W"
        },
        {
            "index": 6,
            "source": "1nem.A.6",
            "target": "1nem.A.18",
            "bp": "G-U",
            "name": "Wobble",
            "Saenger": "28-XXVIII",
            "LW": "cWW",
            "DSSR": "cW-W"
        },
        {
            "index": 7,
            "source": "1nem.A.7",
            "target": "1nem.A.17",
            "bp": "G-U",
            "name": "Wobble",
            "Saenger": "28-XXVIII",
            "LW": "cWW",
            "DSSR": "cW-W"
        },
        {
            "index": 8,
            "source": "1nem.A.8",
            "target": "1nem.A.16",
            "bp": "G-U",
            "name": "Wobble",
            "Saenger": "28-XXVIII",
            "LW": "cWW",
            "DSSR": "cW-W"
        },
        {
            "index": 9,
            "source": "1nem.A.9",
            "target": "1nem.A.15",
            "bp": "C-G",
            "name": "WC",
            "Saenger": "19-XIX",
            "LW": "cWW",
            "DSSR": "cW-W"
        },
        {
            "index": 10,
            "source": "1nem.A.10",
            "target": "1nem.A.14",
            "bp": "G-A",
            "name": "Sheared",
            "Saenger": "11-XI",
            "LW": "tSH",
            "DSSR": "tm-M"
        }
    ],
    "num_helices": 1,
    "helices": [
        {
            "index": 1,
            "num_stems": 1,
            "strand1": "GGACUGGGCG",
            "strand2": "CCUGAUUUGA",
            "bp_type": "|||||||||.",
            "helix_form": "AAAA.....",
            "num_pairs": 10,
            "pairs": [
                {
                    "index": 1,
                    "source": "1nem.A.1",
                    "target": "1nem.A.23",
                    "bp": "G-C",
                    "name": "WC",
                    "Saenger": "19-XIX",
                    "LW": "cWW",
                    "DSSR": "cW-W"
                },
                {
                    "index": 2,
                    "source": "1nem.A.2",
                    "target": "1nem.A.22",
                    "bp": "G-C",
                    "name": "WC",
                    "Saenger": "19-XIX",
                    "LW": "cWW",
                    "DSSR": "cW-W"
                },
                {
                    "index": 3,
                    "source": "1nem.A.3",
                    "target": "1nem.A.21",
                    "bp": "A-U",
                    "name": "WC",
                    "Saenger": "20-XX",
                    "LW": "cWW",
                    "DSSR": "cW-W"
                },
                {
                    "index": 4,
                    "source": "1nem.A.4",
                    "target": "1nem.A.20",
                    "bp": "C-G",
                    "name": "WC",
                    "Saenger": "19-XIX",
                    "LW": "cWW",
                    "DSSR": "cW-W"
                },
                {
                    "index": 5,
                    "source": "1nem.A.5",
                    "target": "1nem.A.19",
                    "bp": "U-A",
                    "name": "WC",
                    "Saenger": "20-XX",
                    "LW": "cWW",
                    "DSSR": "cW-W"
                },
                {
                    "index": 6,
                    "source": "1nem.A.6",
                    "target": "1nem.A.18",
                    "bp": "G-U",
                    "name": "Wobble",
                    "Saenger": "28-XXVIII",
                    "LW": "cWW",
                    "DSSR": "cW-W"
                },
                {
                    "index": 7,
                    "source": "1nem.A.7",
                    "target": "1nem.A.17",
                    "bp": "G-U",
                    "name": "Wobble",
                    "Saenger": "28-XXVIII",
                    "LW": "cWW",
                    "DSSR": "cW-W"
                },
                {
                    "index": 8,
                    "source": "1nem.A.8",
                    "target": "1nem.A.16",
                    "bp": "G-U",
                    "name": "Wobble",
                    "Saenger": "28-XXVIII",
                    "LW": "cWW",
                    "DSSR": "cW-W"
                },
                {
                    "index": 9,
                    "source": "1nem.A.9",
                    "target": "1nem.A.15",
                    "bp": "C-G",
                    "name": "WC",
                    "Saenger": "19-XIX",
                    "LW": "cWW",
                    "DSSR": "cW-W"
                },
                {
                    "index": 10,
                    "source": "1nem.A.10",
                    "target": "1nem.A.14",
                    "bp": "G-A",
                    "name": "Sheared",
                    "Saenger": "11-XI",
                    "LW": "tSH",
                    "DSSR": "tm-M"
                }
            ]
        }
    ],
    "num_stems": 1,
    "stems": [
        {
            "index": 1,
            "helix_index": 1,
            "strand1": "GGACUGGGC",
            "strand2": "CCUGAUUUG",
            "bp_type": "|||||||||",
            "helix_form": "AAAA....",
            "num_pairs": 9,
            "pairs": [
                {
                    "index": 1,
                    "source": "1nem.A.1",
                    "target": "1nem.A.23",
                    "bp": "G-C",
                    "name": "WC",
                    "Saenger": "19-XIX",
                    "LW": "cWW",
                    "DSSR": "cW-W"
                },
                {
                    "index": 2,
                    "source": "1nem.A.2",
                    "target": "1nem.A.22",
                    "bp": "G-C",
                    "name": "WC",
                    "Saenger": "19-XIX",
                    "LW": "cWW",
                    "DSSR": "cW-W"
                },
                {
                    "index": 3,
                    "source": "1nem.A.3",
                    "target": "1nem.A.21",
                    "bp": "A-U",
                    "name": "WC",
                    "Saenger": "20-XX",
                    "LW": "cWW",
                    "DSSR": "cW-W"
                },
                {
                    "index": 4,
                    "source": "1nem.A.4",
                    "target": "1nem.A.20",
                    "bp": "C-G",
                    "name": "WC",
                    "Saenger": "19-XIX",
                    "LW": "cWW",
                    "DSSR": "cW-W"
                },
                {
                    "index": 5,
                    "source": "1nem.A.5",
                    "target": "1nem.A.19",
                    "bp": "U-A",
                    "name": "WC",
                    "Saenger": "20-XX",
                    "LW": "cWW",
                    "DSSR": "cW-W"
                },
                {
                    "index": 6,
                    "source": "1nem.A.6",
                    "target": "1nem.A.18",
                    "bp": "G-U",
                    "name": "Wobble",
                    "Saenger": "28-XXVIII",
                    "LW": "cWW",
                    "DSSR": "cW-W"
                },
                {
                    "index": 7,
                    "source": "1nem.A.7",
                    "target": "1nem.A.17",
                    "bp": "G-U",
                    "name": "Wobble",
                    "Saenger": "28-XXVIII",
                    "LW": "cWW",
                    "DSSR": "cW-W"
                },
                {
                    "index": 8,
                    "source": "1nem.A.8",
                    "target": "1nem.A.16",
                    "bp": "G-U",
                    "name": "Wobble",
                    "Saenger": "28-XXVIII",
                    "LW": "cWW",
                    "DSSR": "cW-W"
                },
                {
                    "index": 9,
                    "source": "1nem.A.9",
                    "target": "1nem.A.15",
                    "bp": "C-G",
                    "name": "WC",
                    "Saenger": "19-XIX",
                    "LW": "cWW",
                    "DSSR": "cW-W"
                }
            ]
        }
    ],
    "num_stacks": 2,
    "stacks": [
        {
            "index": 1,
            "num_nts": 2,
            "nts_short": "CG",
            "nts_long": "///A/9,///A/10"
        },
        {
            "index": 2,
            "num_nts": 4,
            "nts_short": "AAAG",
            "nts_long": "///A/11,///A/13,///A/14,///A/15"
        }
    ],
    "nonStack": {
        "num_nts": 1,
        "nts_short": "G",
        "nts_long": "///A/12"
    },
    "num_hairpins": 1,
    "hairpins": [
        {
            "index": 1,
            "type": "hairpin loop",
            "bridging_nts": [
                5
            ],
            "stem_indices": [
                1
            ],
            "summary": "[1] 5 [A.9 A.15] 9",
            "num_nts": 7,
            "nts_short": "CGAGAAG",
            "nts_long": "///A/9,///A/10,///A/11,///A/12,///A/13,///A/14,///A/15",
            "num_stems": 1,
            "bridges": [
                {
                    "index": 1,
                    "num_nts": 5,
                    "nts_short": "GAGAA",
                    "nts_long": "///A/10,///A/11,///A/12,///A/13,///A/14"
                }
            ]
        }
    ],
    "num_splayUnits": 1,
    "splayUnits": [
        {
            "index": 1,
            "num_nts": 3,
            "nts_short": "AGA",
            "nts_long": "///A/11,///A/12,///A/13"
        }
    ],
    "dbn": {
        "all_chains": {
            "num_nts": 23,
            "num_chars": 23,
            "bseq": "GGACUGGGCGAGAAGUUUAGUCC",
            "sstr": "(((((((((.....)))))))))",
            "form": "AAAA.AAA....A..A..AAAA-"
        },
        "m1_chain_A": {
            "num_nts": 23,
            "num_chars": 23,
            "bseq": "GGACUGGGCGAGAAGUUUAGUCC",
            "sstr": "(((((((((.....)))))))))",
            "form": "AAAA.AAA....A..A..AAAA-"
        }
    },
    "chains": {
        "m1_chain_A": {
            "num_nts": 23,
            "bseq": "GGACUGGGCGAGAAGUUUAGUCC",
            "sstr": "(((((((((.....)))))))))",
            "form": "AAAA.AAA....A..A..AAAA-",
            "helical_rise": 0.071,
            "helical_rise_std": 2.849,
            "helical_axis": [
                0.663,
                -0.636,
                0.395
            ],
            "point1": [
                -1.798,
                -7.327,
                -5.013
            ],
            "point2": [
                -0.644,
                -8.434,
                -4.324
            ],
            "num_chars": 67,
            "suite": "G1aG1aA1cC1aU1aG1aG1aG1aC1aG!!A2zG2aA1aA1aG1aU1aU1aU1cA1aG1aU1aC1aC"
        }
    },
    "num_nts": 23,
    "nts": [
        {
            "index": 1,
            "index_chain": 1,
            "chain_name": "A",
            "nt_resnum": 1,
            "nt_name": "G",
            "nt_code": "G",
            "nt_id": "///A/1",
            "linked_nts": [
                null,
                "///A/2"
            ],
            "nt_type": "RNA",
            "dbn": "(",
            "summary": "anti,~C3'-endo,BI,canonical,non-pair-contact,helix-end,stem-end",
            "alpha": null,
            "beta": null,
            "gamma": 91.343,
            "delta": 84.648,
            "epsilon": -152.116,
            "zeta": -66.453,
            "epsilon_zeta": -85.663,
            "bb_type": "BI",
            "chi": -174.958,
            "glyco_bond": "anti",
            "C5prime_xyz": [
                -1.415,
                8.495,
                1.41
            ],
            "P_xyz": [
                null,
                null,
                null
            ],
            "form": "A",
            "ssZp": 4.581,
            "Dp": 4.591,
            "splay_angle": 23.164,
            "splay_distance": 3.765,
            "splay_ratio": 0.208,
            "eta": null,
            "theta": null,
            "eta_prime": null,
            "theta_prime": null,
            "eta_base": null,
            "theta_base": null,
            "v0": 5.09,
            "v1": -26.659,
            "v2": 36.901,
            "v3": -35.058,
            "v4": 18.924,
            "amplitude": 37.601,
            "phase_angle": 11.076,
            "puckering": "C3'-endo",
            "sugar_class": "~C3'-endo",
            "bin": "inc",
            "cluster": "__",
            "suiteness": 0,
            "filter_rmsd": 0.002,
            "frame": {
                "rmsd": 0.002,
                "origin": [
                    -4.298,
                    -3.229,
                    5.464
                ],
                "x_axis": [
                    -0.761,
                    -0.197,
                    -0.618
                ],
                "y_axis": [
                    0.486,
                    0.458,
                    -0.744
                ],
                "z_axis": [
                    0.43,
                    -0.867,
                    -0.253
                ],
                "quaternion": [
                    0.333,
                    0.092,
                    0.786,
                    -0.512
                ]
            }
        },
        {
            "index": 2,
            "index_chain": 2,
            "chain_name": "A",
            "nt_resnum": 2,
            "nt_name": "G",
            "nt_code": "G",
            "nt_id": "///A/2",
            "linked_nts": [
                "///A/1",
                "///A/3"
            ],
            "nt_type": "RNA",
            "dbn": "(",
            "summary": "anti,~C3'-endo,BI,canonical,non-pair-contact,helix,stem",
            "alpha": -68.67,
            "beta": -174.647,
            "gamma": 49.88,
            "delta": 81.798,
            "epsilon": -160.918,
            "zeta": -63.687,
            "epsilon_zeta": -97.231,
            "bb_type": "BI",
            "chi": -160.923,
            "glyco_bond": "anti",
            "C5prime_xyz": [
                -1.53,
                8.824,
                0.532
            ],
            "P_xyz": [
                0.945,
                9.434,
                1.176
            ],
            "form": "A",
            "ssZp": 4.374,
            "Dp": 4.488,
            "splay_angle": 23.937,
            "splay_distance": 3.839,
            "splay_ratio": 0.209,
            "eta": 168.123,
            "theta": -146.763,
            "eta_prime": -177.685,
            "theta_prime": -143.537,
            "eta_base": -140.242,
            "theta_base": -116.183,
            "v0": -1.101,
            "v1": -22.6,
            "v2": 36.333,
            "v3": -38.032,
            "v4": 24.644,
            "amplitude": 38.718,
            "phase_angle": 20.215,
            "puckering": "C3'-endo",
            "sugar_class": "~C3'-endo",
            "bin": "33p",
            "cluster": "1a",
            "suiteness": 0.902,
            "filter_rmsd": 0.002,
            "frame": {
                "rmsd": 0.002,
                "origin": [
                    -4.578,
                    -6.969,
                    5.791
                ],
                "x_axis": [
                    -0.385,
                    0.134,
                    -0.913
                ],
                "y_axis": [
                    0.844,
                    0.452,
                    -0.289
                ],
                "z_axis": [
                    0.374,
                    -0.882,
                    -0.287
                ],
                "quaternion": [
                    0.442,
                    0.336,
                    0.729,
                    -0.402
                ]
            }
        },
        {
            "index": 3,
            "index_chain": 3,
            "chain_name": "A",
            "nt_resnum": 3,
            "nt_name": "A",
            "nt_code": "A",
            "nt_id": "///A/3",
            "linked_nts": [
                "///A/2",
                "///A/4"
            ],
            "nt_type": "RNA",
            "dbn": "(",
            "summary": "anti,~C3'-endo,BI,canonical,non-pair-contact,helix,stem",
            "alpha": -65.969,
            "beta": -166.942,
            "gamma": 43.339,
            "delta": 84.872,
            "epsilon": -152.484,
            "zeta": -88.285,
            "epsilon_zeta": -64.199,
            "bb_type": "BI",
            "chi": -144.876,
            "glyco_bond": "anti",
            "C5prime_xyz": [
                -1.349,
                8.711,
                -0.367
            ],
            "P_xyz": [
                1.157,
                9.357,
                0.111
            ],
            "form": "A",
            "ssZp": 3.904,
            "Dp": 4.54,
            "splay_angle": 22.436,
            "splay_distance": 3.845,
            "splay_ratio": 0.198,
            "eta": 173.728,
            "theta": -127.832,
            "eta_prime": -175.597,
            "theta_prime": -134.213,
            "eta_base": -140.193,
            "theta_base": -107.642,
            "v0": 2.423,
            "v1": -23.984,
            "v2": 35.186,
            "v3": -34.889,
            "v4": 20.491,
            "amplitude": 36.424,
            "phase_angle": 14.978,
            "puckering": "C3'-endo",
            "sugar_class": "~C3'-endo",
            "bin": "33p",
            "cluster": "1a",
            "suiteness": 0.665,
            "filter_rmsd": 0.037,
            "frame": {
                "rmsd": 0.001,
                "origin": [
                    -4.747,
                    -10.475,
                    4.236
                ],
                "x_axis": [
                    0.117,
                    0.47,
                    -0.875
                ],
                "y_axis": [
                    0.948,
                    0.211,
                    0.24
                ],
                "z_axis": [
                    0.298,
                    -0.857,
                    -0.421
                ],
                "quaternion": [
                    0.476,
                    0.576,
                    0.615,
                    -0.251
                ]
            }
        },
        {
            "index": 4,
            "index_chain": 4,
            "chain_name": "A",
            "nt_resnum": 4,
            "nt_name": "C",
            "nt_code": "C",
            "nt_id": "///A/4",
            "linked_nts": [
                "///A/3",
                "///A/5"
            ],
            "nt_type": "RNA",
            "dbn": "(",
            "summary": "anti,~C3'-endo,BI,canonical,non-pair-contact,helix,stem",
            "alpha": 126.122,
            "beta": -142.934,
            "gamma": -168.022,
            "delta": 87.542,
            "epsilon": -139.537,
            "zeta": -79.381,
            "epsilon_zeta": -60.156,
            "bb_type": "BI",
            "chi": -175.923,
            "glyco_bond": "anti",
            "C5prime_xyz": [
                -1.156,
                8.335,
                1.513
            ],
            "P_xyz": [
                0.297,
                10.067,
                0.161
            ],
            "form": "A",
            "ssZp": 4.684,
            "Dp": 4.689,
            "splay_angle": 21.248,
            "splay_distance": 3.26,
            "splay_ratio": 0.185,
            "eta": 164.981,
            "theta": -170.484,
            "eta_prime": -178.146,
            "theta_prime": -165.343,
            "eta_base": -131.661,
            "theta_base": -138.371,
            "v0": 10.053,
            "v1": -29.64,
            "v2": 36.923,
            "v3": -32.237,
            "v4": 14.066,
            "amplitude": 36.986,
            "phase_angle": 3.329,
            "puckering": "C3'-endo",
            "sugar_class": "~C3'-endo",
            "bin": "33t",
            "cluster": "1c",
            "suiteness": 0.247,
            "filter_rmsd": 0.063,
            "frame": {
                "rmsd": 0.001,
                "origin": [
                    -4.394,
                    -12.484,
                    0.978
                ],
                "x_axis": [
                    0.485,
                    0.677,
                    -0.554
                ],
                "y_axis": [
                    0.799,
                    -0.085,
                    0.595
                ],
                "z_axis": [
                    0.356,
                    -0.731,
                    -0.582
                ],
                "quaternion": [
                    0.452,
                    0.734,
                    0.503,
                    -0.068
                ]
            }
        },
        {
            "index": 5,
            "index_chain": 5,
            "chain_name": "A",
            "nt_resnum": 5,
            "nt_name": "U",
            "nt_code": "U",
            "nt_id": "///A/5",
            "linked_nts": [
                "///A/4",
                "///A/6"
            ],
            "nt_type": "RNA",
            "dbn": "(",
            "summary": "anti,~C3'-endo,BI,canonical,non-pair-contact,helix,stem",
            "alpha": -60.155,
            "beta": -178.823,
            "gamma": 39.825,
            "delta": 86.604,
            "epsilon": -157.638,
            "zeta": -76.203,
            "epsilon_zeta": -81.435,
            "bb_type": "BI",
            "chi": -155.44,
            "glyco_bond": "anti",
            "C5prime_xyz": [
                -1.09,
                8.587,
                0.309
            ],
            "P_xyz": [
                1.476,
                8.802,
                0.845
            ],
            "form": ".",
            "ssZp": 4.345,
            "Dp": 4.582,
            "splay_angle": 30.178,
            "splay_distance": 4.777,
            "splay_ratio": 0.261,
            "eta": 164.832,
            "theta": -154.466,
            "eta_prime": 177.204,
            "theta_prime": -151.388,
            "eta_base": -146.327,
            "theta_base": -144.544,
            "v0": 9.524,
            "v1": -29.766,
            "v2": 37.566,
            "v3": -33.178,
            "v4": 14.997,
            "amplitude": 37.677,
            "phase_angle": 4.395,
            "puckering": "C3'-endo",
            "sugar_class": "~C3'-endo",
            "bin": "33p",
            "cluster": "1a",
            "suiteness": 0.591,
            "filter_rmsd": 0.103,
            "frame": {
                "rmsd": 0.003,
                "origin": [
                    -4.348,
                    -14.144,
                    -1.828
                ],
                "x_axis": [
                    0.818,
                    0.575,
                    -0.014
                ],
                "y_axis": [
                    0.405,
                    -0.56,
                    0.723
                ],
                "z_axis": [
                    0.408,
                    -0.597,
                    -0.691
                ],
                "quaternion": [
                    0.377,
                    0.876,
                    0.28,
                    0.113
                ]
            }
        },
        {
            "index": 6,
            "index_chain": 6,
            "chain_name": "A",
            "nt_resnum": 6,
            "nt_name": "G",
            "nt_code": "G",
            "nt_id": "///A/6",
            "linked_nts": [
                "///A/5",
                "///A/7"
            ],
            "nt_type": "RNA",
            "dbn": "(",
            "summary": "anti,~C3'-endo,BI,canonical,non-pair-contact,helix,stem",
            "alpha": -59.957,
            "beta": -162.289,
            "gamma": 32.77,
            "delta": 86.151,
            "epsilon": -154.849,
            "zeta": -74.951,
            "epsilon_zeta": -79.898,
            "bb_type": "BI",
            "chi": -151.188,
            "glyco_bond": "anti",
            "C5prime_xyz": [
                -1.095,
                8.672,
                0.035
            ],
            "P_xyz": [
                1.296,
                9.221,
                0.985
            ],
            "form": "A",
            "ssZp": 4.187,
            "Dp": 4.586,
            "splay_angle": 26.103,
            "splay_distance": 4.122,
            "splay_ratio": 0.226,
            "eta": 173.505,
            "theta": -153.737,
            "eta_prime": 175.714,
            "theta_prime": -148.118,
            "eta_base": -173.435,
            "theta_base": -122.849,
            "v0": 7.946,
            "v1": -28.44,
            "v2": 37.003,
            "v3": -33.513,
            "v4": 16.169,
            "amplitude": 37.254,
            "phase_angle": 6.659,
            "puckering": "C3'-endo",
            "sugar_class": "~C3'-endo",
            "bin": "33p",
            "cluster": "1a",
            "suiteness": 0.282,
            "filter_rmsd": 0.002,
            "frame": {
                "rmsd": 0.002,
                "origin": [
                    -4.225,
                    -16.2,
                    -6.139
                ],
                "x_axis": [
                    0.676,
                    0.562,
                    0.476
                ],
                "y_axis": [
                    0.087,
                    -0.702,
                    0.707
                ],
                "z_axis": [
                    0.731,
                    -0.437,
                    -0.524
                ],
                "quaternion": [
                    0.336,
                    0.852,
                    0.19,
                    0.354
                ]
            }
        },
        {
            "index": 7,
            "index_chain": 7,
            "chain_name": "A",
            "nt_resnum": 7,
            "nt_name": "G",
            "nt_code": "G",
            "nt_id": "///A/7",
            "linked_nts": [
                "///A/6",
                "///A/8"
            ],
            "nt_type": "RNA",
            "dbn": "(",
            "summary": "anti,~C3'-endo,BI,canonical,non-pair-contact,helix,stem",
            "alpha": -68.999,
            "beta": 166.608,
            "gamma": 63.908,
            "delta": 82.068,
            "epsilon": -156.28,
            "zeta": -63.652,
            "epsilon_zeta": -92.628,
            "bb_type": "BI",
            "chi": -162.756,
            "glyco_bond": "anti",
            "C5prime_xyz": [
                -1.355,
                8.725,
                0.705
            ],
            "P_xyz": [
                1.245,
                9.031,
                0.463
            ],
            "form": "A",
            "ssZp": 4.503,
            "Dp": 4.591,
            "splay_angle": 26.615,
            "splay_distance": 4.354,
            "splay_ratio": 0.235,
            "eta": 168.629,
            "theta": -138.901,
            "eta_prime": -175.891,
            "theta_prime": -142.55,
            "eta_base": -140.072,
            "theta_base": -124.248,
            "v0": 3.793,
            "v1": -26.989,
            "v2": 38.657,
            "v3": -37.556,
            "v4": 21.278,
            "amplitude": 39.717,
            "phase_angle": 13.267,
            "puckering": "C3'-endo",
            "sugar_class": "~C3'-endo",
            "bin": "33p",
            "cluster": "1a",
            "suiteness": 0.762,
            "filter_rmsd": 0.003,
            "frame": {
                "rmsd": 0.003,
                "origin": [
                    -1.038,
                    -17.02,
                    -8.62
                ],
                "x_axis": [
                    0.564,
                    0.218,
                    0.796
                ],
                "y_axis": [
                    -0.247,
                    -0.876,
                    0.415
                ],
                "z_axis": [
                    0.788,
                    -0.431,
                    -0.44
                ],
                "quaternion": [
                    0.249,
                    0.849,
                    -0.009,
                    0.467
                ]
            }
        },
        {
            "index": 8,
            "index_chain": 8,
            "chain_name": "A",
            "nt_resnum": 8,
            "nt_name": "G",
            "nt_code": "G",
            "nt_id": "///A/8",
            "linked_nts": [
                "///A/7",
                "///A/9"
            ],
            "nt_type": "RNA",
            "dbn": "(",
            "summary": "anti,~C3'-endo,BI,canonical,non-pair-contact,helix,stem",
            "alpha": -64.525,
            "beta": -177.9,
            "gamma": 48.673,
            "delta": 78.16,
            "epsilon": -155.472,
            "zeta": -64.639,
            "epsilon_zeta": -90.834,
            "bb_type": "BI",
            "chi": -171.483,
            "glyco_bond": "anti",
            "C5prime_xyz": [
                -1.776,
                8.775,
                1.108
            ],
            "P_xyz": [
                0.585,
                9.488,
                2.013
            ],
            "form": "A",
            "ssZp": 4.574,
            "Dp": 4.546,
            "splay_angle": 24.198,
            "splay_distance": 3.816,
            "splay_ratio": 0.212,
            "eta": 169.012,
            "theta": -145.931,
            "eta_prime": -177.759,
            "theta_prime": -141.314,
            "eta_base": -140.898,
            "theta_base": -97.379,
            "v0": -4.381,
            "v1": -21.386,
            "v2": 37.543,
            "v3": -41.044,
            "v4": 28.563,
            "amplitude": 41.25,
            "phase_angle": 24.478,
            "puckering": "C3'-endo",
            "sugar_class": "~C3'-endo",
            "bin": "33p",
            "cluster": "1a",
            "suiteness": 0.884,
            "filter_rmsd": 0.003,
            "frame": {
                "rmsd": 0.003,
                "origin": [
                    3.012,
                    -16.762,
                    -10.198
                ],
                "x_axis": [
                    0.158,
                    -0.121,
                    0.98
                ],
                "y_axis": [
                    -0.587,
                    -0.81,
                    -0.006
                ],
                "z_axis": [
                    0.794,
                    -0.574,
                    -0.199
                ],
                "quaternion": [
                    0.193,
                    0.736,
                    -0.241,
                    0.603
                ]
            }
        },
        {
            "index": 9,
            "index_chain": 9,
            "chain_name": "A",
            "nt_resnum": 9,
            "nt_name": "C",
            "nt_code": "C",
            "nt_id": "///A/9",
            "linked_nts": [
                "///A/8",
                "///A/10"
            ],
            "nt_type": "RNA",
            "dbn": "(",
            "summary": "anti,~C3'-endo,BI,canonical,non-pair-contact,helix,stem-end,hairpin-loop",
            "alpha": -70.931,
            "beta": 176.487,
            "gamma": 59.757,
            "delta": 82.737,
            "epsilon": -144.251,
            "zeta": -63.106,
            "epsilon_zeta": -81.145,
            "bb_type": "BI",
            "chi": -162.871,
            "glyco_bond": "anti",
            "C5prime_xyz": [
                -1.409,
                8.781,
                0.664
            ],
            "P_xyz": [
                1.18,
                9.178,
                0.901
            ],
            "form": ".",
            "ssZp": 4.423,
            "Dp": 4.6,
            "splay_angle": 26.922,
            "splay_distance": 4.162,
            "splay_ratio": 0.233,
            "eta": 171.467,
            "theta": -129.775,
            "eta_prime": -172.27,
            "theta_prime": -127.639,
            "eta_base": -115.385,
            "theta_base": -72.745,
            "v0": 0.562,
            "v1": -23.574,
            "v2": 36.283,
            "v3": -37.03,
            "v4": 22.975,
            "amplitude": 38.109,
            "phase_angle": 17.807,
            "puckering": "C3'-endo",
            "sugar_class": "~C3'-endo",
            "bin": "33p",
            "cluster": "1a",
            "suiteness": 0.87,
            "filter_rmsd": 0.062,
            "frame": {
                "rmsd": 0.002,
                "origin": [
                    6.355,
                    -18.069,
                    -8.903
                ],
                "x_axis": [
                    -0.265,
                    -0.658,
                    0.705
                ],
                "y_axis": [
                    -0.492,
                    -0.537,
                    -0.686
                ],
                "z_axis": [
                    0.829,
                    -0.529,
                    -0.181
                ],
                "quaternion": [
                    -0.065,
                    0.603,
                    -0.477,
                    0.636
                ]
            }
        },
        {
            "index": 10,
            "index_chain": 10,
            "chain_name": "A",
            "nt_resnum": 10,
            "nt_name": "G",
            "nt_code": "G",
            "nt_id": "///A/10",
            "linked_nts": [
                "///A/9",
                "///A/11"
            ],
            "nt_type": "RNA",
            "dbn": ".",
            "summary": "u-turn,anti,~C3'-endo,non-canonical,non-pair-contact,helix-end,hairpin-loop",
            "alpha": -71.783,
            "beta": -177.374,
            "gamma": 44.355,
            "delta": 88.504,
            "epsilon": -156.473,
            "zeta": -14.383,
            "epsilon_zeta": -142.09,
            "bb_type": "--",
            "chi": -154.912,
            "glyco_bond": "anti",
            "C5prime_xyz": [
                -0.959,
                8.567,
                0.287
            ],
            "P_xyz": [
                1.638,
                8.599,
                0.718
            ],
            "form": ".",
            "ssZp": 4.332,
            "Dp": 4.593,
            "splay_angle": 66.888,
            "splay_distance": 9.801,
            "splay_ratio": 0.551,
            "eta": 157.023,
            "theta": -60.598,
            "eta_prime": 178.384,
            "theta_prime": -111.641,
            "eta_base": -107.743,
            "theta_base": -175.323,
            "v0": 11.62,
            "v1": -30.719,
            "v2": 37.113,
            "v3": -31.521,
            "v4": 12.634,
            "amplitude": 37.118,
            "phase_angle": 0.911,
            "puckering": "C3'-endo",
            "sugar_class": "~C3'-endo",
            "bin": "33p",
            "cluster": "1a",
            "suiteness": 0.719,
            "filter_rmsd": 0.002,
            "frame": {
                "rmsd": 0.002,
                "origin": [
                    7.339,
                    -22.025,
                    -8.064
                ],
                "x_axis": [
                    -0.77,
                    -0.619,
                    -0.154
                ],
                "y_axis": [
                    0.081,
                    0.145,
                    -0.986
                ],
                "z_axis": [
                    0.633,
                    -0.772,
                    -0.062
                ],
                "quaternion": [
                    0.28,
                    -0.192,
                    0.703,
                    -0.625
                ]
            }
        },
        {
            "index": 11,
            "index_chain": 11,
            "chain_name": "A",
            "nt_resnum": 11,
            "nt_name": "A",
            "nt_code": "A",
            "nt_id": "///A/11",
            "linked_nts": [
                "///A/10",
                "///A/12"
            ],
            "nt_type": "RNA",
            "dbn": ".",
            "summary": "u-turn,anti,~C2'-endo,non-pair-contact,hairpin-loop,splayed-apart",
            "alpha": 104.147,
            "beta": 148.905,
            "gamma": 87.296,
            "delta": 143.934,
            "epsilon": -133.746,
            "zeta": -102.851,
            "epsilon_zeta": -30.894,
            "bb_type": "--",
            "chi": -144.489,
            "glyco_bond": "anti",
            "C5prime_xyz": [
                -1.843,
                8.698,
                0.133
            ],
            "P_xyz": [
                0.792,
                8.794,
                0.141
            ],
            "form": ".",
            "ssZp": 1.642,
            "Dp": 1.716,
            "splay_angle": 88.038,
            "splay_distance": 13.221,
            "splay_ratio": 0.695,
            "eta": -5.517,
            "theta": -97.157,
            "eta_prime": 60.968,
            "theta_prime": -170.565,
            "eta_base": 33.82,
            "theta_base": 146.818,
            "v0": -20.894,
            "v1": 35.286,
            "v2": -35.545,
            "v3": 24.572,
            "v4": -2.503,
            "amplitude": 36.782,
            "phase_angle": 165.101,
            "puckering": "C2'-endo",
            "sugar_class": "~C2'-endo",
            "bin": "trig",
            "cluster": "!!",
            "suiteness": 0,
            "filter_rmsd": 0.038,
            "frame": {
                "rmsd": 0.001,
                "origin": [
                    17.036,
                    -23.347,
                    -7.537
                ],
                "x_axis": [
                    0.644,
                    0.645,
                    -0.41
                ],
                "y_axis": [
                    -0.542,
                    0.007,
                    -0.84
                ],
                "z_axis": [
                    -0.539,
                    0.764,
                    0.354
                ],
                "quaternion": [
                    0.708,
                    -0.566,
                    -0.046,
                    0.419
                ]
            }
        },
        {
            "index": 12,
            "index_chain": 12,
            "chain_name": "A",
            "nt_resnum": 12,
            "nt_name": "G",
            "nt_code": "G",
            "nt_id": "///A/12",
            "linked_nts": [
                "///A/11",
                "///A/13"
            ],
            "nt_type": "RNA",
            "dbn": ".",
            "summary": "turn,u-turn,anti,~C2'-endo,BI,non-stack,non-pair-contact,hairpin-loop,splayed-apart",
            "alpha": -172.963,
            "beta": 165.758,
            "gamma": 26.547,
            "delta": 146.759,
            "epsilon": -139.937,
            "zeta": -75.946,
            "epsilon_zeta": -63.991,
            "bb_type": "BI",
            "chi": -84.152,
            "glyco_bond": "anti",
            "C5prime_xyz": [
                -2.627,
                7.549,
                -2.618
            ],
            "P_xyz": [
                -0.326,
                8.777,
                -2.957
            ],
            "form": ".",
            "ssZp": 1.377,
            "Dp": 1.724,
            "splay_angle": 115.71,
            "splay_distance": 15.838,
            "splay_ratio": 0.848,
            "eta": 29.218,
            "theta": -77.72,
            "eta_prime": 71.803,
            "theta_prime": -91.116,
            "eta_base": 57.203,
            "theta_base": -51.565,
            "v0": -19.742,
            "v1": 35.657,
            "v2": -37.173,
            "v3": 26.908,
            "v4": -4.691,
            "amplitude": 37.969,
            "phase_angle": 168.249,
            "puckering": "C2'-endo",
            "sugar_class": "~C2'-endo",
            "bin": "22p",
            "cluster": "2z",
            "suiteness": 0.08,
            "filter_rmsd": 0.002,
            "frame": {
                "rmsd": 0.002,
                "origin": [
                    8.798,
                    -33.348,
                    -4.913
                ],
                "x_axis": [
                    0.517,
                    -0.525,
                    -0.676
                ],
                "y_axis": [
                    0.226,
                    0.845,
                    -0.484
                ],
                "z_axis": [
                    0.826,
                    0.097,
                    0.556
                ],
                "quaternion": [
                    0.854,
                    -0.17,
                    0.44,
                    -0.22
                ]
            }
        },
        {
            "index": 13,
            "index_chain": 13,
            "chain_name": "A",
            "nt_resnum": 13,
            "nt_name": "A",
            "nt_code": "A",
            "nt_id": "///A/13",
            "linked_nts": [
                "///A/12",
                "///A/14"
            ],
            "nt_type": "RNA",
            "dbn": ".",
            "summary": "u-turn,anti,~C3'-endo,BI,non-pair-contact,hairpin-loop,phosphate,splayed-apart",
            "alpha": -101.527,
            "beta": -129.549,
            "gamma": 59.71,
            "delta": 85.221,
            "epsilon": -155.647,
            "zeta": -62.639,
            "epsilon_zeta": -93.008,
            "bb_type": "BI",
            "chi": -169.537,
            "glyco_bond": "anti",
            "C5prime_xyz": [
                -1.217,
                8.466,
                1.131
            ],
            "P_xyz": [
                1.037,
                8.061,
                2.435
            ],
            "form": "A",
            "ssZp": 4.611,
            "Dp": 4.613,
            "splay_angle": 21.298,
            "splay_distance": 3.363,
            "splay_ratio": 0.189,
            "eta": 174.417,
            "theta": -134.476,
            "eta_prime": -160.897,
            "theta_prime": -131.291,
            "eta_base": -143.358,
            "theta_base": -104.496,
            "v0": 8.713,
            "v1": -29.976,
            "v2": 38.695,
            "v3": -34.778,
            "v4": 16.483,
            "amplitude": 38.91,
            "phase_angle": 6.026,
            "puckering": "C3'-endo",
            "sugar_class": "~C3'-endo",
            "bin": "23p",
            "cluster": "2a",
            "suiteness": 0.035,
            "filter_rmsd": 0.038,
            "frame": {
                "rmsd": 0.001,
                "origin": [
                    14.501,
                    -19.606,
                    -10.341
                ],
                "x_axis": [
                    -0.662,
                    -0.342,
                    -0.666
                ],
                "y_axis": [
                    -0.38,
                    -0.613,
                    0.693
                ],
                "z_axis": [
                    -0.645,
                    0.712,
                    0.276
                ],
                "quaternion": [
                    0.012,
                    -0.411,
                    0.44,
                    0.799
                ]
            }
        },
        {
            "index": 14,
            "index_chain": 14,
            "chain_name": "A",
            "nt_resnum": 14,
            "nt_name": "A",
            "nt_code": "A",
            "nt_id": "///A/14",
            "linked_nts": [
                "///A/13",
                "///A/15"
            ],
            "nt_type": "RNA",
            "dbn": ".",
            "summary": "anti,~C3'-endo,BI,non-canonical,non-pair-contact,helix-end,hairpin-loop",
            "alpha": -66.777,
            "beta": -168.708,
            "gamma": 42.441,
            "delta": 84.77,
            "epsilon": -144.028,
            "zeta": -52.64,
            "epsilon_zeta": -91.389,
            "bb_type": "BI",
            "chi": -152.808,
            "glyco_bond": "anti",
            "C5prime_xyz": [
                -1.229,
                8.67,
                0.122
            ],
            "P_xyz": [
                1.285,
                9.131,
                0.745
            ],
            "form": ".",
            "ssZp": 4.212,
            "Dp": 4.657,
            "splay_angle": 39.431,
            "splay_distance": 6.165,
            "splay_ratio": 0.337,
            "eta": 170.557,
            "theta": -122.082,
            "eta_prime": -177.319,
            "theta_prime": -112.535,
            "eta_base": -137.373,
            "theta_base": -70.945,
            "v0": 5.854,
            "v1": -27.43,
            "v2": 37.37,
            "v3": -35.111,
            "v4": 18.47,
            "amplitude": 37.948,
            "phase_angle": 10.008,
            "puckering": "C3'-endo",
            "sugar_class": "~C3'-endo",
            "bin": "33p",
            "cluster": "1a",
            "suiteness": 0.674,
            "filter_rmsd": 0.037,
            "frame": {
                "rmsd": 0.001,
                "origin": [
                    12.586,
                    -17.068,
                    -11.436
                ],
                "x_axis": [
                    -0.704,
                    -0.698,
                    -0.127
                ],
                "y_axis": [
                    0.006,
                    -0.185,
                    0.983
                ],
                "z_axis": [
                    -0.71,
                    0.691,
                    0.135
                ],
                "quaternion": [
                    -0.248,
                    -0.294,
                    0.588,
                    0.711
                ]
            }
        },
        {
            "index": 15,
            "index_chain": 15,
            "chain_name": "A",
            "nt_resnum": 15,
            "nt_name": "G",
            "nt_code": "G",
            "nt_id": "///A/15",
            "linked_nts": [
                "///A/14",
                "///A/16"
            ],
            "nt_type": "RNA",
            "dbn": ")",
            "summary": "anti,~C3'-endo,BI,canonical,non-pair-contact,helix,stem-end,hairpin-loop",
            "alpha": -68.767,
            "beta": 160.49,
            "gamma": 71.747,
            "delta": 83.044,
            "epsilon": -148.991,
            "zeta": -60.678,
            "epsilon_zeta": -88.313,
            "bb_type": "BI",
            "chi": -174.067,
            "glyco_bond": "anti",
            "C5prime_xyz": [
                -1.55,
                8.597,
                1.329
            ],
            "P_xyz": [
                1.044,
                9.015,
                1.166
            ],
            "form": ".",
            "ssZp": 4.593,
            "Dp": 4.584,
            "splay_angle": 27.078,
            "splay_distance": 4.19,
            "splay_ratio": 0.235,
            "eta": 168.725,
            "theta": -129.712,
            "eta_prime": -156.621,
            "theta_prime": -131.098,
            "eta_base": -90.31,
            "theta_base": -87.178,
            "v0": 1.21,
            "v1": -23.969,
            "v2": 36.317,
            "v3": -36.679,
            "v4": 22.349,
            "amplitude": 37.946,
            "phase_angle": 16.848,
            "puckering": "C3'-endo",
            "sugar_class": "~C3'-endo",
            "bin": "33p",
            "cluster": "1a",
            "suiteness": 0.386,
            "filter_rmsd": 0.002,
            "frame": {
                "rmsd": 0.002,
                "origin": [
                    6.754,
                    -18.065,
                    -9.701
                ],
                "x_axis": [
                    -0.275,
                    -0.627,
                    0.729
                ],
                "y_axis": [
                    0.634,
                    0.452,
                    0.627
                ],
                "z_axis": [
                    -0.723,
                    0.635,
                    0.273
                ],
                "quaternion": [
                    0.602,
                    -0.003,
                    -0.603,
                    -0.523
                ]
            }
        },
        {
            "index": 16,
            "index_chain": 16,
            "chain_name": "A",
            "nt_resnum": 16,
            "nt_name": "U",
            "nt_code": "U",
            "nt_id": "///A/16",
            "linked_nts": [
                "///A/15",
                "///A/17"
            ],
            "nt_type": "RNA",
            "dbn": ")",
            "summary": "anti,~C3'-endo,BI,canonical,non-pair-contact,helix,stem",
            "alpha": -69.026,
            "beta": 177.687,
            "gamma": 54.54,
            "delta": 84.531,
            "epsilon": -152.339,
            "zeta": -79.312,
            "epsilon_zeta": -73.027,
            "bb_type": "BI",
            "chi": -158.941,
            "glyco_bond": "anti",
            "C5prime_xyz": [
                -1.342,
                8.692,
                0.485
            ],
            "P_xyz": [
                1.258,
                9.01,
                0.739
            ],
            "form": "A",
            "ssZp": 4.383,
            "Dp": 4.57,
            "splay_angle": 19.262,
            "splay_distance": 3.001,
            "splay_ratio": 0.167,
            "eta": 166.862,
            "theta": -150.279,
            "eta_prime": -170.963,
            "theta_prime": -148.387,
            "eta_base": -104.344,
            "theta_base": -127.38,
            "v0": 3.633,
            "v1": -25.326,
            "v2": 36.152,
            "v3": -35.142,
            "v4": 19.881,
            "amplitude": 37.13,
            "phase_angle": 13.184,
            "puckering": "C3'-endo",
            "sugar_class": "~C3'-endo",
            "bin": "33p",
            "cluster": "1a",
            "suiteness": 0.892,
            "filter_rmsd": 0.103,
            "frame": {
                "rmsd": 0.003,
                "origin": [
                    3.557,
                    -17.684,
                    -7.019
                ],
                "x_axis": [
                    0.27,
                    -0.011,
                    0.963
                ],
                "y_axis": [
                    0.574,
                    0.805,
                    -0.152
                ],
                "z_axis": [
                    -0.773,
                    0.593,
                    0.224
                ],
                "quaternion": [
                    0.758,
                    -0.246,
                    -0.572,
                    -0.193
                ]
            }
        },
        {
            "index": 17,
            "index_chain": 17,
            "chain_name": "A",
            "nt_resnum": 17,
            "nt_name": "U",
            "nt_code": "U",
            "nt_id": "///A/17",
            "linked_nts": [
                "///A/16",
                "///A/18"
            ],
            "nt_type": "RNA",
            "dbn": ")",
            "summary": "anti,~C3'-endo,BI,canonical,non-pair-contact,helix,stem",
            "alpha": -67.078,
            "beta": 175.625,
            "gamma": 54.113,
            "delta": 87.655,
            "epsilon": -144.984,
            "zeta": -102.9,
            "epsilon_zeta": -42.085,
            "bb_type": "BI",
            "chi": -143.541,
            "glyco_bond": "anti",
            "C5prime_xyz": [
                -1.243,
                8.643,
                -0.419
            ],
            "P_xyz": [
                1.375,
                8.827,
                -0.583
            ],
            "form": ".",
            "ssZp": 3.803,
            "Dp": 4.582,
            "splay_angle": 25.241,
            "splay_distance": 4.049,
            "splay_ratio": 0.228,
            "eta": 171.926,
            "theta": -161.449,
            "eta_prime": -177.879,
            "theta_prime": -157.946,
            "eta_base": -147.864,
            "theta_base": -136.158,
            "v0": 5.315,
            "v1": -25.138,
            "v2": 34.234,
            "v3": -32.29,
            "v4": 17.067,
            "amplitude": 34.781,
            "phase_angle": 10.172,
            "puckering": "C3'-endo",
            "sugar_class": "~C3'-endo",
            "bin": "33p",
            "cluster": "1a",
            "suiteness": 0.838,
            "filter_rmsd": 0.103,
            "frame": {
                "rmsd": 0.003,
                "origin": [
                    0.89,
                    -16.767,
                    -5.994
                ],
                "x_axis": [
                    0.575,
                    0.366,
                    0.731
                ],
                "y_axis": [
                    0.157,
                    0.828,
                    -0.538
                ],
                "z_axis": [
                    -0.803,
                    0.425,
                    0.419
                ],
                "quaternion": [
                    0.84,
                    -0.287,
                    -0.457,
                    0.062
                ]
            }
        },
        {
            "index": 18,
            "index_chain": 18,
            "chain_name": "A",
            "nt_resnum": 18,
            "nt_name": "U",
            "nt_code": "U",
            "nt_id": "///A/18",
            "linked_nts": [
                "///A/17",
                "///A/19"
            ],
            "nt_type": "RNA",
            "dbn": ")",
            "summary": "anti,~C3'-endo,BI,canonical,non-pair-contact,helix,stem",
            "alpha": -49.526,
            "beta": 151.913,
            "gamma": 54.251,
            "delta": 88.772,
            "epsilon": -148.884,
            "zeta": -87.863,
            "epsilon_zeta": -61.021,
            "bb_type": "BI",
            "chi": -137.621,
            "glyco_bond": "anti",
            "C5prime_xyz": [
                -1.079,
                8.5,
                -0.748
            ],
            "P_xyz": [
                1.403,
                8.06,
                -1.51
            ],
            "form": ".",
            "ssZp": 3.597,
            "Dp": 4.612,
            "splay_angle": 19.19,
            "splay_distance": 3.355,
            "splay_ratio": 0.171,
            "eta": 174.489,
            "theta": -116.865,
            "eta_prime": -174.8,
            "theta_prime": -138.452,
            "eta_base": -147.645,
            "theta_base": -142.832,
            "v0": 10.09,
            "v1": -28.953,
            "v2": 35.767,
            "v3": -31.049,
            "v4": 13.3,
            "amplitude": 35.808,
            "phase_angle": 2.76,
            "puckering": "C3'-endo",
            "sugar_class": "~C3'-endo",
            "bin": "33p",
            "cluster": "1a",
            "suiteness": 0.262,
            "filter_rmsd": 0.103,
            "frame": {
                "rmsd": 0.003,
                "origin": [
                    -2.376,
                    -14.828,
                    -4.592
                ],
                "x_axis": [
                    0.586,
                    0.685,
                    0.432
                ],
                "y_axis": [
                    -0.228,
                    0.651,
                    -0.724
                ],
                "z_axis": [
                    -0.778,
                    0.326,
                    0.538
                ],
                "quaternion": [
                    0.833,
                    -0.315,
                    -0.363,
                    0.274
                ]
            }
        },
        {
            "index": 19,
            "index_chain": 19,
            "chain_name": "A",
            "nt_resnum": 19,
            "nt_name": "A",
            "nt_code": "A",
            "nt_id": "///A/19",
            "linked_nts": [
                "///A/18",
                "///A/20"
            ],
            "nt_type": "RNA",
            "dbn": ")",
            "summary": "anti,~C3'-endo,BI,canonical,non-pair-contact,helix,stem",
            "alpha": 119.836,
            "beta": -154.111,
            "gamma": -167.52,
            "delta": 87.589,
            "epsilon": -150.393,
            "zeta": -71.886,
            "epsilon_zeta": -78.508,
            "bb_type": "BI",
            "chi": -172.351,
            "glyco_bond": "anti",
            "C5prime_xyz": [
                -1.128,
                8.332,
                1.309
            ],
            "P_xyz": [
                0.211,
                10.193,
                0.015
            ],
            "form": "A",
            "ssZp": 4.641,
            "Dp": 4.645,
            "splay_angle": 24.156,
            "splay_distance": 3.719,
            "splay_ratio": 0.212,
            "eta": 152.325,
            "theta": -174.582,
            "eta_prime": 165.871,
            "theta_prime": -168.338,
            "eta_base": -170.967,
            "theta_base": -142.611,
            "v0": 11.287,
            "v1": -30.854,
            "v2": 37.601,
            "v3": -32.222,
            "v4": 13.299,
            "amplitude": 37.617,
            "phase_angle": 1.673,
            "puckering": "C3'-endo",
            "sugar_class": "~C3'-endo",
            "bin": "33t",
            "cluster": "1c",
            "suiteness": 0.134,
            "filter_rmsd": 0.037,
            "frame": {
                "rmsd": 0.001,
                "origin": [
                    -4.226,
                    -14.511,
                    -1.811
                ],
                "x_axis": [
                    0.802,
                    0.595,
                    -0.059
                ],
                "y_axis": [
                    -0.414,
                    0.481,
                    -0.773
                ],
                "z_axis": [
                    -0.431,
                    0.644,
                    0.632
                ],
                "quaternion": [
                    0.854,
                    -0.415,
                    -0.109,
                    0.296
                ]
            }
        },
        {
            "index": 20,
            "index_chain": 20,
            "chain_name": "A",
            "nt_resnum": 20,
            "nt_name": "G",
            "nt_code": "G",
            "nt_id": "///A/20",
            "linked_nts": [
                "///A/19",
                "///A/21"
            ],
            "nt_type": "RNA",
            "dbn": ")",
            "summary": "anti,~C3'-endo,BI,canonical,non-pair-contact,helix,stem",
            "alpha": -64.641,
            "beta": -171.466,
            "gamma": 43.307,
            "delta": 85.593,
            "epsilon": -156.245,
            "zeta": -72.071,
            "epsilon_zeta": -84.174,
            "bb_type": "BI",
            "chi": -158.671,
            "glyco_bond": "anti",
            "C5prime_xyz": [
                -1.107,
                8.641,
                0.483
            ],
            "P_xyz": [
                1.41,
                8.881,
                1.202
            ],
            "form": "A",
            "ssZp": 4.402,
            "Dp": 4.591,
            "splay_angle": 23.746,
            "splay_distance": 3.704,
            "splay_ratio": 0.206,
            "eta": 169.687,
            "theta": -148.919,
            "eta_prime": -179.289,
            "theta_prime": -145.541,
            "eta_base": -146.195,
            "theta_base": -125.672,
            "v0": 8.521,
            "v1": -29.348,
            "v2": 37.864,
            "v3": -34.061,
            "v4": 16.179,
            "amplitude": 38.077,
            "phase_angle": 6.059,
            "puckering": "C3'-endo",
            "sugar_class": "~C3'-endo",
            "bin": "33p",
            "cluster": "1a",
            "suiteness": 0.705,
            "filter_rmsd": 0.002,
            "frame": {
                "rmsd": 0.002,
                "origin": [
                    -4.525,
                    -13.101,
                    1.618
                ],
                "x_axis": [
                    0.476,
                    0.673,
                    -0.566
                ],
                "y_axis": [
                    -0.814,
                    0.093,
                    -0.574
                ],
                "z_axis": [
                    -0.334,
                    0.733,
                    0.592
                ],
                "quaternion": [
                    0.735,
                    -0.445,
                    0.079,
                    0.506
                ]
            }
        },
        {
            "index": 21,
            "index_chain": 21,
            "chain_name": "A",
            "nt_resnum": 21,
            "nt_name": "U",
            "nt_code": "U",
            "nt_id": "///A/21",
            "linked_nts": [
                "///A/20",
                "///A/22"
            ],
            "nt_type": "RNA",
            "dbn": ")",
            "summary": "anti,~C3'-endo,BI,canonical,non-pair-contact,helix,stem",
            "alpha": -63.632,
            "beta": -173.467,
            "gamma": 42.549,
            "delta": 84.627,
            "epsilon": -150.508,
            "zeta": -75.128,
            "epsilon_zeta": -75.38,
            "bb_type": "BI",
            "chi": -152.58,
            "glyco_bond": "anti",
            "C5prime_xyz": [
                -1.129,
                8.633,
                0.12
            ],
            "P_xyz": [
                1.439,
                8.955,
                0.587
            ],
            "form": "A",
            "ssZp": 4.254,
            "Dp": 4.651,
            "splay_angle": 24.242,
            "splay_distance": 3.794,
            "splay_ratio": 0.21,
            "eta": 170.106,
            "theta": -147.26,
            "eta_prime": 179.079,
            "theta_prime": -143.239,
            "eta_base": -152.193,
            "theta_base": -114.611,
            "v0": 8.603,
            "v1": -30.042,
            "v2": 38.885,
            "v3": -35.028,
            "v4": 16.716,
            "amplitude": 39.117,
            "phase_angle": 6.246,
            "puckering": "C3'-endo",
            "sugar_class": "~C3'-endo",
            "bin": "33p",
            "cluster": "1a",
            "suiteness": 0.719,
            "filter_rmsd": 0.103,
            "frame": {
                "rmsd": 0.003,
                "origin": [
                    -4.49,
                    -10.532,
                    4.285
                ],
                "x_axis": [
                    0.065,
                    0.476,
                    -0.877
                ],
                "y_axis": [
                    -0.964,
                    -0.196,
                    -0.178
                ],
                "z_axis": [
                    -0.257,
                    0.857,
                    0.446
                ],
                "quaternion": [
                    0.573,
                    -0.451,
                    0.271,
                    0.628
                ]
            }
        },
        {
            "index": 22,
            "index_chain": 22,
            "chain_name": "A",
            "nt_resnum": 22,
            "nt_name": "C",
            "nt_code": "C",
            "nt_id": "///A/22",
            "linked_nts": [
                "///A/21",
                "///A/23"
            ],
            "nt_type": "RNA",
            "dbn": ")",
            "summary": "anti,~C3'-endo,BI,canonical,non-pair-contact,helix,stem",
            "alpha": -63.472,
            "beta": 165.499,
            "gamma": 60.489,
            "delta": 83.697,
            "epsilon": -154.871,
            "zeta": -70.588,
            "epsilon_zeta": -84.283,
            "bb_type": "BI",
            "chi": -160.127,
            "glyco_bond": "anti",
            "C5prime_xyz": [
                -1.277,
                8.75,
                0.534
            ],
            "P_xyz": [
                1.339,
                8.961,
                0.379
            ],
            "form": "A",
            "ssZp": 4.393,
            "Dp": 4.556,
            "splay_angle": 20.844,
            "splay_distance": 3.341,
            "splay_ratio": 0.182,
            "eta": 169.848,
            "theta": -142.574,
            "eta_prime": -173.387,
            "theta_prime": -144.791,
            "eta_base": -131.691,
            "theta_base": -123.243,
            "v0": 2.999,
            "v1": -25.312,
            "v2": 36.733,
            "v3": -36.081,
            "v4": 20.857,
            "amplitude": 37.892,
            "phase_angle": 14.209,
            "puckering": "C3'-endo",
            "sugar_class": "~C3'-endo",
            "bin": "33p",
            "cluster": "1a",
            "suiteness": 0.874,
            "filter_rmsd": 0.063,
            "frame": {
                "rmsd": 0.001,
                "origin": [
                    -4.614,
                    -6.791,
                    4.912
                ],
                "x_axis": [
                    -0.423,
                    0.163,
                    -0.892
                ],
                "y_axis": [
                    -0.865,
                    -0.365,
                    0.344
                ],
                "z_axis": [
                    -0.269,
                    0.917,
                    0.295
                ],
                "quaternion": [
                    0.356,
                    -0.402,
                    0.437,
                    0.722
                ]
            }
        },
        {
            "index": 23,
            "index_chain": 23,
            "chain_name": "A",
            "nt_resnum": 23,
            "nt_name": "C",
            "nt_code": "C",
            "nt_id": "///A/23",
            "linked_nts": [
                "///A/22",
                null
            ],
            "nt_type": "RNA",
            "dbn": ")",
            "summary": "anti,~C3'-endo,canonical,non-pair-contact,helix-end,stem-end",
            "alpha": -59.13,
            "beta": -179.249,
            "gamma": 42.227,
            "delta": 84.276,
            "epsilon": null,
            "zeta": null,
            "epsilon_zeta": null,
            "bb_type": "--",
            "chi": -150.363,
            "glyco_bond": "anti",
            "C5prime_xyz": [
                -1.274,
                8.786,
                -0.04
            ],
            "P_xyz": [
                1.278,
                9.275,
                0.366
            ],
            "form": "-",
            "ssZp": null,
            "Dp": null,
            "splay_angle": null,
            "splay_distance": null,
            "splay_ratio": null,
            "eta": null,
            "theta": null,
            "eta_prime": null,
            "theta_prime": null,
            "eta_base": null,
            "theta_base": null,
            "v0": 2.06,
            "v1": -23.866,
            "v2": 35.283,
            "v3": -35.176,
            "v4": 20.913,
            "amplitude": 36.619,
            "phase_angle": 15.524,
            "puckering": "C3'-endo",
            "sugar_class": "~C3'-endo",
            "bin": "33p",
            "cluster": "1a",
            "suiteness": 0.738,
            "filter_rmsd": 0.062,
            "frame": {
                "rmsd": 0.001,
                "origin": [
                    -4.654,
                    -3.456,
                    4.714
                ],
                "x_axis": [
                    -0.778,
                    -0.191,
                    -0.598
                ],
                "y_axis": [
                    -0.543,
                    -0.273,
                    0.794
                ],
                "z_axis": [
                    -0.315,
                    0.943,
                    0.109
                ],
                "quaternion": [
                    0.12,
                    -0.311,
                    0.591,
                    0.735
                ]
            }
        }
    ],
    "num_hbonds": 33,
    "hbonds": [
        {
            "index": 1,
            "atom1_serNum": 15,
            "atom2_serNum": 729,
            "donAcc_type": "standard",
            "distance": 2.688,
            "atom1_id": "///A/1/N2",
            "atom2_id": "///A/23/O2",
            "atom_pair": "N:O",
            "residue_pair": "nt:nt"
        },
        {
            "index": 2,
            "atom1_serNum": 18,
            "atom2_serNum": 730,
            "donAcc_type": "standard",
            "distance": 2.855,
            "atom1_id": "///A/1/N1",
            "atom2_id": "///A/23/N3",
            "atom_pair": "N:N",
            "residue_pair": "nt:nt"
        },
        {
            "index": 3,
            "atom1_serNum": 21,
            "atom2_serNum": 732,
            "donAcc_type": "standard",
            "distance": 2.895,
            "atom1_id": "///A/1/O6",
            "atom2_id": "///A/23/N4",
            "atom_pair": "O:N",
            "residue_pair": "nt:nt"
        },
        {
            "index": 4,
            "atom1_serNum": 49,
            "atom2_serNum": 698,
            "donAcc_type": "standard",
            "distance": 2.694,
            "atom1_id": "///A/2/N2",
            "atom2_id": "///A/22/O2",
            "atom_pair": "N:O",
            "residue_pair": "nt:nt"
        },
        {
            "index": 5,
            "atom1_serNum": 52,
            "atom2_serNum": 699,
            "donAcc_type": "standard",
            "distance": 2.875,
            "atom1_id": "///A/2/N1",
            "atom2_id": "///A/22/N3",
            "atom_pair": "N:N",
            "residue_pair": "nt:nt"
        },
        {
            "index": 6,
            "atom1_serNum": 55,
            "atom2_serNum": 701,
            "donAcc_type": "standard",
            "distance": 2.928,
            "atom1_id": "///A/2/O6",
            "atom2_id": "///A/22/N4",
            "atom_pair": "O:N",
            "residue_pair": "nt:nt"
        },
        {
            "index": 7,
            "atom1_serNum": 84,
            "atom2_serNum": 669,
            "donAcc_type": "standard",
            "distance": 2.676,
            "atom1_id": "///A/3/N1",
            "atom2_id": "///A/21/N3",
            "atom_pair": "N:N",
            "residue_pair": "nt:nt"
        },
        {
            "index": 8,
            "atom1_serNum": 86,
            "atom2_serNum": 672,
            "donAcc_type": "standard",
            "distance": 2.85,
            "atom1_id": "///A/3/N6",
            "atom2_id": "///A/21/O4",
            "atom_pair": "N:O",
            "residue_pair": "nt:nt"
        },
        {
            "index": 9,
            "atom1_serNum": 116,
            "atom2_serNum": 634,
            "donAcc_type": "standard",
            "distance": 2.733,
            "atom1_id": "///A/4/O2",
            "atom2_id": "///A/20/N2",
            "atom_pair": "O:N",
            "residue_pair": "nt:nt"
        },
        {
            "index": 10,
            "atom1_serNum": 117,
            "atom2_serNum": 637,
            "donAcc_type": "standard",
            "distance": 2.89,
            "atom1_id": "///A/4/N3",
            "atom2_id": "///A/20/N1",
            "atom_pair": "N:N",
            "residue_pair": "nt:nt"
        },
        {
            "index": 11,
            "atom1_serNum": 119,
            "atom2_serNum": 640,
            "donAcc_type": "standard",
            "distance": 2.915,
            "atom1_id": "///A/4/N4",
            "atom2_id": "///A/20/O6",
            "atom_pair": "N:O",
            "residue_pair": "nt:nt"
        },
        {
            "index": 12,
            "atom1_serNum": 148,
            "atom2_serNum": 602,
            "donAcc_type": "standard",
            "distance": 2.689,
            "atom1_id": "///A/5/N3",
            "atom2_id": "///A/19/N1",
            "atom_pair": "N:N",
            "residue_pair": "nt:nt"
        },
        {
            "index": 13,
            "atom1_serNum": 151,
            "atom2_serNum": 604,
            "donAcc_type": "standard",
            "distance": 2.875,
            "atom1_id": "///A/5/O4",
            "atom2_id": "///A/19/N6",
            "atom_pair": "O:N",
            "residue_pair": "nt:nt"
        },
        {
            "index": 14,
            "atom1_serNum": 180,
            "atom2_serNum": 571,
            "donAcc_type": "standard",
            "distance": 2.673,
            "atom1_id": "///A/6/N1",
            "atom2_id": "///A/18/O2",
            "atom_pair": "N:O",
            "residue_pair": "nt:nt"
        },
        {
            "index": 15,
            "atom1_serNum": 183,
            "atom2_serNum": 572,
            "donAcc_type": "standard",
            "distance": 3.061,
            "atom1_id": "///A/6/O6",
            "atom2_id": "///A/18/N3",
            "atom_pair": "O:N",
            "residue_pair": "nt:nt"
        },
        {
            "index": 16,
            "atom1_serNum": 214,
            "atom2_serNum": 541,
            "donAcc_type": "standard",
            "distance": 2.635,
            "atom1_id": "///A/7/N1",
            "atom2_id": "///A/17/O2",
            "atom_pair": "N:O",
            "residue_pair": "nt:nt"
        },
        {
            "index": 17,
            "atom1_serNum": 217,
            "atom2_serNum": 542,
            "donAcc_type": "standard",
            "distance": 3.059,
            "atom1_id": "///A/7/O6",
            "atom2_id": "///A/17/N3",
            "atom_pair": "O:N",
            "residue_pair": "nt:nt"
        },
        {
            "index": 18,
            "atom1_serNum": 248,
            "atom2_serNum": 511,
            "donAcc_type": "standard",
            "distance": 2.659,
            "atom1_id": "///A/8/N1",
            "atom2_id": "///A/16/O2",
            "atom_pair": "N:O",
            "residue_pair": "nt:nt"
        },
        {
            "index": 19,
            "atom1_serNum": 251,
            "atom2_serNum": 512,
            "donAcc_type": "standard",
            "distance": 3.081,
            "atom1_id": "///A/8/O6",
            "atom2_id": "///A/16/N3",
            "atom_pair": "O:N",
            "residue_pair": "nt:nt"
        },
        {
            "index": 20,
            "atom1_serNum": 279,
            "atom2_serNum": 477,
            "donAcc_type": "standard",
            "distance": 2.681,
            "atom1_id": "///A/9/O2",
            "atom2_id": "///A/15/N2",
            "atom_pair": "O:N",
            "residue_pair": "nt:nt"
        },
        {
            "index": 21,
            "atom1_serNum": 280,
            "atom2_serNum": 480,
            "donAcc_type": "standard",
            "distance": 2.857,
            "atom1_id": "///A/9/N3",
            "atom2_id": "///A/15/N1",
            "atom_pair": "N:N",
            "residue_pair": "nt:nt"
        },
        {
            "index": 22,
            "atom1_serNum": 282,
            "atom2_serNum": 483,
            "donAcc_type": "standard",
            "distance": 2.907,
            "atom1_id": "///A/9/N4",
            "atom2_id": "///A/15/O6",
            "atom_pair": "N:O",
            "residue_pair": "nt:nt"
        },
        {
            "index": 23,
            "atom1_serNum": 308,
            "atom2_serNum": 447,
            "donAcc_type": "standard",
            "distance": 2.924,
            "atom1_id": "///A/10/N3",
            "atom2_id": "///A/14/N6",
            "atom_pair": "N:N",
            "residue_pair": "nt:nt"
        },
        {
            "index": 24,
            "atom1_serNum": 310,
            "atom2_serNum": 397,
            "donAcc_type": "standard",
            "distance": 2.841,
            "atom1_id": "///A/10/N2",
            "atom2_id": "///A/13/OP2",
            "atom_pair": "N:O",
            "residue_pair": "nt:nt"
        },
        {
            "index": 25,
            "atom1_serNum": 310,
            "atom2_serNum": 451,
            "donAcc_type": "standard",
            "distance": 2.969,
            "atom1_id": "///A/10/N2",
            "atom2_id": "///A/14/N7",
            "atom_pair": "N:N",
            "residue_pair": "nt:nt"
        },
        {
            "index": 26,
            "atom1_serNum": 313,
            "atom2_serNum": 397,
            "donAcc_type": "standard",
            "distance": 2.94,
            "atom1_id": "///A/10/N1",
            "atom2_id": "///A/13/OP2",
            "atom_pair": "N:O",
            "residue_pair": "nt:nt"
        },
        {
            "index": 27,
            "atom1_serNum": 323,
            "atom2_serNum": 414,
            "donAcc_type": "acceptable",
            "distance": 3.036,
            "atom1_id": "///A/10/O2'",
            "atom2_id": "///A/13/N6",
            "atom_pair": "O:N",
            "residue_pair": "nt:nt"
        },
        {
            "index": 28,
            "atom1_serNum": 323,
            "atom2_serNum": 447,
            "donAcc_type": "acceptable",
            "distance": 2.843,
            "atom1_id": "///A/10/O2'",
            "atom2_id": "///A/14/N6",
            "atom_pair": "O:N",
            "residue_pair": "nt:nt"
        },
        {
            "index": 29,
            "atom1_serNum": 356,
            "atom2_serNum": 364,
            "donAcc_type": "acceptable",
            "distance": 3.139,
            "atom1_id": "///A/11/O2'",
            "atom2_id": "///A/12/O5'",
            "atom_pair": "O:O",
            "residue_pair": "nt:nt"
        },
        {
            "index": 30,
            "atom1_serNum": 356,
            "atom2_serNum": 418,
            "donAcc_type": "acceptable",
            "distance": 2.733,
            "atom1_id": "///A/11/O2'",
            "atom2_id": "///A/13/N7",
            "atom_pair": "O:N",
            "residue_pair": "nt:nt"
        },
        {
            "index": 31,
            "atom1_serNum": 390,
            "atom2_serNum": 398,
            "donAcc_type": "acceptable",
            "distance": 2.784,
            "atom1_id": "///A/12/O2'",
            "atom2_id": "///A/13/O5'",
            "atom_pair": "O:O",
            "residue_pair": "nt:nt"
        },
        {
            "index": 32,
            "atom1_serNum": 550,
            "atom2_serNum": 564,
            "donAcc_type": "acceptable",
            "distance": 2.892,
            "atom1_id": "///A/17/O2'",
            "atom2_id": "///A/18/O4'",
            "atom_pair": "O:O",
            "residue_pair": "nt:nt"
        },
        {
            "index": 33,
            "atom1_serNum": 575,
            "atom2_serNum": 604,
            "donAcc_type": "standard",
            "distance": 3.249,
            "atom1_id": "///A/18/O4",
            "atom2_id": "///A/19/N6",
            "atom_pair": "O:N",
            "residue_pair": "nt:nt"
        }
    ],
    "refCoords": {
        "purine": [
            "   12 ATOMS,    12 BONDS",
            "    1 N      -2.2500   5.0000   0.2500",
            "    2 N      -2.2500   0.5000   0.2500",
            "    3 N      -2.2500   0.5000  -0.2500",
            "    4 N      -2.2500   5.0000  -0.2500",
            "    5 C       2.2500   5.0000   0.2500",
            "    6 C       2.2500   0.5000   0.2500",
            "    7 C       2.2500   0.5000  -0.2500",
            "    8 C       2.2500   5.0000  -0.2500",
            "    9 C      -2.2500   5.0000   0.2500",
            "   10 C      -2.2500   0.5000   0.2500",
            "   11 C      -2.2500   0.5000  -0.2500",
            "   12 C      -2.2500   5.0000  -0.2500",
            "    1     1     2",
            "    2     2     3",
            "    3     3     4",
            "    4     4     1",
            "    5     5     6",
            "    6     6     7",
            "    7     7     8",
            "    8     5     8",
            "    9     9     5",
            "   10    10     6",
            "   11    11     7",
            "   12    12     8"
        ],
        "pyrimidine": [
            "   12 ATOMS,    12 BONDS",
            "    1 N      -2.2500   5.0000   0.2500",
            "    2 N      -2.2500   2.0000   0.2500",
            "    3 N      -2.2500   2.0000  -0.2500",
            "    4 N      -2.2500   5.0000  -0.2500",
            "    5 C       2.2500   5.0000   0.2500",
            "    6 C       2.2500   2.0000   0.2500",
            "    7 C       2.2500   2.0000  -0.2500",
            "    8 C       2.2500   5.0000  -0.2500",
            "    9 C      -2.2500   5.0000   0.2500",
            "   10 C      -2.2500   2.0000   0.2500",
            "   11 C      -2.2500   2.0000  -0.2500",
            "   12 C      -2.2500   5.0000  -0.2500",
            "    1     1     2",
            "    2     2     3",
            "    3     3     4",
            "    4     4     1",
            "    5     5     6",
            "    6     6     7",
            "    7     7     8",
            "    8     5     8",
            "    9     9     5",
            "   10    10     6",
            "   11    11     7",
            "   12    12     8"
        ],
        "wc_pair": [
            "   12 ATOMS,    12 BONDS",
            "    1 N      -2.2500   5.0000   0.2500",
            "    2 N      -2.2500  -5.0000   0.2500",
            "    3 N      -2.2500  -5.0000  -0.2500",
            "    4 N      -2.2500   5.0000  -0.2500",
            "    5 C       2.2500   5.0000   0.2500",
            "    6 C       2.2500  -5.0000   0.2500",
            "    7 C       2.2500  -5.0000  -0.2500",
            "    8 C       2.2500   5.0000  -0.2500",
            "    9 C      -2.2500   5.0000   0.2500",
            "   10 C      -2.2500  -5.0000   0.2500",
            "   11 C      -2.2500  -5.0000  -0.2500",
            "   12 C      -2.2500   5.0000  -0.2500",
            "    1     1     2",
            "    2     2     3",
            "    3     3     4",
            "    4     4     1",
            "    5     5     6",
            "    6     6     7",
            "    7     7     8",
            "    8     5     8",
            "    9     9     5",
            "   10    10     6",
            "   11    11     7",
            "   12    12     8"
        ]
    },
    "metadata": {
        "version": "DSSR v2.4.2-2023may01 by xiangjun@x3dna.org",
        "license": "http://innovation.columbia.edu/technologies/CU20391",
        "url": "http://x3dna.org/",
        "url_alt": "http://home.x3dna.org/",
        "forum": "http://forum.x3dna.org/",
        "citation": "Lu et al. (2015). 'DSSR: an integrated software tool for dissecting the spatial structure of RNA.' Nucleic Acids Res., 43(21):e142 [doi:10.1093/nar/gkv716].",
        "command": "x3dna-dssr -i=skmatic.pdb --json --symmetry -o=dssr-derived.json",
        "input_file": "skmatic.pdb",
        "str_id": "skmatic",
        "num_naChains": 1,
        "naChains": "A=23",
        "num_atoms": 744,
        "num_waters": 0,
        "num_notes": 52,
        "notes": [
            {
                "Aminors": "A-minor interactions (including types I and II)"
            },
            {
                "Cstem_index": "stem index of the 'Canonical' helix in k-turn"
            },
            {
                "Cstem_pair": "Cstem bp delineating the k-turn internal loop"
            },
            {
                "Dp": "perpendicular distance of the 3' P atom to the glycosidic bond"
            },
            {
                "GA_pair": "sheared G-A pair in k-turn"
            },
            {
                "HtypePknot": "H-type pseudoknot"
            },
            {
                "Kturn": "kink-turn (k-turn)"
            },
            {
                "LW": "Leontis-Westhof"
            },
            {
                "NCstem_index": "stem index of the 'Non-Canonical' helix in k-turn"
            },
            {
                "NCstem_pair": "NCstem bp delineating the k-turn internal loop"
            },
            {
                "Uturn": "U-turn of the UNR- or GNRA-type"
            },
            {
                "aa": "amino acid"
            },
            {
                "atom_pair": "symbols of the two atoms involved in an H-bond"
            },
            {
                "auxfiles": "auxiliary files"
            },
            {
                "glyco_bond": "conformation of base related to sugar (syn or anti)"
            },
            {
                "bb_type": "backbone conformation, BI or BII"
            },
            {
                "bending_angle": "angle between two helical axes"
            },
            {
                "bp": "base pair"
            },
            {
                "bseq": "base sequence in one-letter code"
            },
            {
                "bulge": "bulge loop"
            },
            {
                "coaxStacks": "coaxial stacking of stems within a helix"
            },
            {
                "dbn": "dot bracket notation"
            },
            {
                "desc": "description"
            },
            {
                "donAcc_type": "donor/acceptor type of the atom pair in an H-bond"
            },
            {
                "epsilon_zeta": "difference between epsilon and zeta torsion angles"
            },
            {
                "hairpin": "hairpin loop"
            },
            {
                "hbond": "hydrogen bond (H-bond)"
            },
            {
                "helix": "defined by base-stacking interactions, regardless of bp type and backbone connectivity"
            },
            {
                "id": "identifier"
            },
            {
                "iloop": "internal loop"
            },
            {
                "index": "serial number"
            },
            {
                "isoCanonPairs": "isolated canonical pairs"
            },
            {
                "junction": "(multi-branched) junction loop"
            },
            {
                "kissingLoop": "kissing loop"
            },
            {
                "multiplet": "3+ bases in a coplanar geometry"
            },
            {
                "na": "nucleic acid"
            },
            {
                "nonPair": "two nts not forming a pair, but with H-bonding/stacking interactions"
            },
            {
                "nonStack": "nucleotide not involved in stacking interactions"
            },
            {
                "nt": "nucleotide"
            },
            {
                "num": "number"
            },
            {
                "oArea": "overlap areas between two bases, including exocyclic atoms"
            },
            {
                "oArea_ring": "overlap areas between two bases, including only ring atoms"
            },
            {
                "phosContacts": "H-bonding and atom-capping interactions involving a phosphate"
            },
            {
                "residue_pair": "types of the two residues involved in an H-bond"
            },
            {
                "rmsd": "root-mean-squares deviation"
            },
            {
                "serNum": "serial number"
            },
            {
                "ssSegments": "single-stranded segments not involved in loops"
            },
            {
                "ssZp": "Z-coordinate of the 3' phosphorus atom with reference to the 5' base plane"
            },
            {
                "sstr": "secondary structure in dbn"
            },
            {
                "stem": "helix consisting of only canonical pairs, with a continuous backbone"
            },
            {
                "str_id": "structure identifier, derived from inpfile with extension removed"
            },
            {
                "vert_dist": "vertical distance from an atom to a base plane"
            }
        ],
        "num_auxfiles": 10,
        "auxfiles": [
            {
                "index": 1,
                "name": "dssr-pairs.pdb",
                "desc": "an ensemble of base pairs"
            },
            {
                "index": 2,
                "name": "dssr-stems.pdb",
                "desc": "an ensemble of stems"
            },
            {
                "index": 3,
                "name": "dssr-helices.pdb",
                "desc": "an ensemble of helices (coaxial stacking)"
            },
            {
                "index": 4,
                "name": "dssr-hairpins.pdb",
                "desc": "an ensemble of hairpin loops"
            },
            {
                "index": 5,
                "name": "dssr-2ndstrs.bpseq",
                "desc": "secondary structure in bpseq format"
            },
            {
                "index": 6,
                "name": "dssr-2ndstrs.ct",
                "desc": "secondary structure in connectivity table format"
            },
            {
                "index": 7,
                "name": "dssr-2ndstrs.dbn",
                "desc": "secondary structure in dot-bracket notation"
            },
            {
                "index": 8,
                "name": "dssr-torsions.txt",
                "desc": "backbone torsion angles and suite names"
            },
            {
                "index": 9,
                "name": "dssr-splays.pdb",
                "desc": "an ensemble of splayed-apart units"
            },
            {
                "index": 10,
                "name": "dssr-stacks.pdb",
                "desc": "an ensemble of base stacks"
            }
        ],
        "time_used": "999"
    }
}