{
    "num_pairs": 10,
    "pairs": [
        {
            "index": 1,
            "source": "2juk.A.1",
            "target": "2juk.A.22",
            "bp": "G-C",
            "name": "WC",
            "Saenger": "19-XIX",
            "LW": "cWW",
            "DSSR": "cW-W"
        },
        {
            "index": 2,
            "source": "2juk.A.2",
            "target": "2juk.A.21",
            "bp": "G-C",
            "name": "WC",
            "Saenger": "19-XIX",
            "LW": "cWW",
            "DSSR": "cW-W"
        },
        {
            "index": 3,
            "source": "2juk.A.3",
            "target": "2juk.A.20",
            "bp": "C-G",
            "name": "WC",
            "Saenger": "19-XIX",
            "LW": "cWW",
            "DSSR": "cW-W"
        },
        {
            "index": 4,
            "source": "2juk.A.4",
            "target": "2juk.A.19",
            "bp": "C-G",
            "name": "WC",
            "Saenger": "19-XIX",
            "LW": "cWW",
            "DSSR": "cW-W"
        },
        {
            "index": 5,
            "source": "2juk.A.5",
            "target": "2juk.A.18",
            "bp": "U-A",
            "name": "WC",
            "Saenger": "20-XX",
            "LW": "cWW",
            "DSSR": "cW-W"
        },
        {
            "index": 6,
            "source": "2juk.A.6",
            "target": "2juk.A.17",
            "bp": "U-A",
            "name": "WC",
            "Saenger": "20-XX",
            "LW": "cWW",
            "DSSR": "cW-W"
        },
        {
            "index": 7,
            "source": "2juk.A.7",
            "target": "2juk.A.16",
            "bp": "C-G",
            "name": "WC",
            "Saenger": "19-XIX",
            "LW": "cWW",
            "DSSR": "cW-W"
        },
        {
            "index": 8,
            "source": "2juk.A.8",
            "target": "2juk.A.15",
            "bp": "C-G",
            "name": "WC",
            "Saenger": "19-XIX",
            "LW": "cWW",
            "DSSR": "cW-W"
        },
        {
            "index": 9,
            "source": "2juk.A.9",
            "target": "2juk.A.14",
            "bp": "C-G",
            "name": "WC",
            "Saenger": "19-XIX",
            "LW": "cWW",
            "DSSR": "cW-W"
        },
        {
            "index": 10,
            "source": "2juk.A.10",
            "target": "2juk.A.13",
            "bp": "A-A",
            "name": "~Sheared",
            "Saenger": "--",
            "LW": "tSH",
            "DSSR": "tm-M"
        }
    ],
    "num_helices": 1,
    "helices": [
        {
            "index": 1,
            "num_stems": 1,
            "strand1": "GGCCUUCCCA",
            "strand2": "CCGGAAGGGA",
            "bp_type": "|||||||||.",
            "helix_form": "AA..AAAA.",
            "num_pairs": 10,
            "pairs": [
                {
                    "index": 1,
                    "source": "2juk.A.1",
                    "target": "2juk.A.22",
                    "bp": "G-C",
                    "name": "WC",
                    "Saenger": "19-XIX",
                    "LW": "cWW",
                    "DSSR": "cW-W"
                },
                {
                    "index": 2,
                    "source": "2juk.A.2",
                    "target": "2juk.A.21",
                    "bp": "G-C",
                    "name": "WC",
                    "Saenger": "19-XIX",
                    "LW": "cWW",
                    "DSSR": "cW-W"
                },
                {
                    "index": 3,
                    "source": "2juk.A.3",
                    "target": "2juk.A.20",
                    "bp": "C-G",
                    "name": "WC",
                    "Saenger": "19-XIX",
                    "LW": "cWW",
                    "DSSR": "cW-W"
                },
                {
                    "index": 4,
                    "source": "2juk.A.4",
                    "target": "2juk.A.19",
                    "bp": "C-G",
                    "name": "WC",
                    "Saenger": "19-XIX",
                    "LW": "cWW",
                    "DSSR": "cW-W"
                },
                {
                    "index": 5,
                    "source": "2juk.A.5",
                    "target": "2juk.A.18",
                    "bp": "U-A",
                    "name": "WC",
                    "Saenger": "20-XX",
                    "LW": "cWW",
                    "DSSR": "cW-W"
                },
                {
                    "index": 6,
                    "source": "2juk.A.6",
                    "target": "2juk.A.17",
                    "bp": "U-A",
                    "name": "WC",
                    "Saenger": "20-XX",
                    "LW": "cWW",
                    "DSSR": "cW-W"
                },
                {
                    "index": 7,
                    "source": "2juk.A.7",
                    "target": "2juk.A.16",
                    "bp": "C-G",
                    "name": "WC",
                    "Saenger": "19-XIX",
                    "LW": "cWW",
                    "DSSR": "cW-W"
                },
                {
                    "index": 8,
                    "source": "2juk.A.8",
                    "target": "2juk.A.15",
                    "bp": "C-G",
                    "name": "WC",
                    "Saenger": "19-XIX",
                    "LW": "cWW",
                    "DSSR": "cW-W"
                },
                {
                    "index": 9,
                    "source": "2juk.A.9",
                    "target": "2juk.A.14",
                    "bp": "C-G",
                    "name": "WC",
                    "Saenger": "19-XIX",
                    "LW": "cWW",
                    "DSSR": "cW-W"
                },
                {
                    "index": 10,
                    "source": "2juk.A.10",
                    "target": "2juk.A.13",
                    "bp": "A-A",
                    "name": "~Sheared",
                    "Saenger": "--",
                    "LW": "tSH",
                    "DSSR": "tm-M"
                }
            ]
        }
    ],
    "num_stems": 1,
    "stems": [
        {
            "index": 1,
            "helix_index": 1,
            "strand1": "GGCCUUCCC",
            "strand2": "CCGGAAGGG",
            "bp_type": "|||||||||",
            "helix_form": "AA..AAAA",
            "num_pairs": 9,
            "pairs": [
                {
                    "index": 1,
                    "source": "2juk.A.1",
                    "target": "2juk.A.22",
                    "bp": "G-C",
                    "name": "WC",
                    "Saenger": "19-XIX",
                    "LW": "cWW",
                    "DSSR": "cW-W"
                },
                {
                    "index": 2,
                    "source": "2juk.A.2",
                    "target": "2juk.A.21",
                    "bp": "G-C",
                    "name": "WC",
                    "Saenger": "19-XIX",
                    "LW": "cWW",
                    "DSSR": "cW-W"
                },
                {
                    "index": 3,
                    "source": "2juk.A.3",
                    "target": "2juk.A.20",
                    "bp": "C-G",
                    "name": "WC",
                    "Saenger": "19-XIX",
                    "LW": "cWW",
                    "DSSR": "cW-W"
                },
                {
                    "index": 4,
                    "source": "2juk.A.4",
                    "target": "2juk.A.19",
                    "bp": "C-G",
                    "name": "WC",
                    "Saenger": "19-XIX",
                    "LW": "cWW",
                    "DSSR": "cW-W"
                },
                {
                    "index": 5,
                    "source": "2juk.A.5",
                    "target": "2juk.A.18",
                    "bp": "U-A",
                    "name": "WC",
                    "Saenger": "20-XX",
                    "LW": "cWW",
                    "DSSR": "cW-W"
                },
                {
                    "index": 6,
                    "source": "2juk.A.6",
                    "target": "2juk.A.17",
                    "bp": "U-A",
                    "name": "WC",
                    "Saenger": "20-XX",
                    "LW": "cWW",
                    "DSSR": "cW-W"
                },
                {
                    "index": 7,
                    "source": "2juk.A.7",
                    "target": "2juk.A.16",
                    "bp": "C-G",
                    "name": "WC",
                    "Saenger": "19-XIX",
                    "LW": "cWW",
                    "DSSR": "cW-W"
                },
                {
                    "index": 8,
                    "source": "2juk.A.8",
                    "target": "2juk.A.15",
                    "bp": "C-G",
                    "name": "WC",
                    "Saenger": "19-XIX",
                    "LW": "cWW",
                    "DSSR": "cW-W"
                },
                {
                    "index": 9,
                    "source": "2juk.A.9",
                    "target": "2juk.A.14",
                    "bp": "C-G",
                    "name": "WC",
                    "Saenger": "19-XIX",
                    "LW": "cWW",
                    "DSSR": "cW-W"
                }
            ]
        }
    ],
    "num_stacks": 2,
    "stacks": [
        {
            "index": 1,
            "num_nts": 2,
            "nts_short": "CA",
            "nts_long": "///A/9,///A/10"
        },
        {
            "index": 2,
            "num_nts": 4,
            "nts_short": "CAAG",
            "nts_long": "///A/11,///A/12,///A/13,///A/14"
        }
    ],
    "num_atom2bases": 1,
    "atom2bases": [
        {
            "index": 1,
            "type": "phosphate",
            "atom": "///A/12/OP2",
            "nt": "///A/10",
            "vert_dist": 2.723
        }
    ],
    "num_hairpins": 1,
    "hairpins": [
        {
            "index": 1,
            "type": "hairpin loop",
            "bridging_nts": [
                4
            ],
            "stem_indices": [
                1
            ],
            "summary": "[1] 4 [A.9 A.14] 9",
            "num_nts": 6,
            "nts_short": "CACAAG",
            "nts_long": "///A/9,///A/10,///A/11,///A/12,///A/13,///A/14",
            "num_stems": 1,
            "bridges": [
                {
                    "index": 1,
                    "num_nts": 4,
                    "nts_short": "ACAA",
                    "nts_long": "///A/10,///A/11,///A/12,///A/13"
                }
            ]
        }
    ],
    "num_splayUnits": 1,
    "splayUnits": [
        {
            "index": 1,
            "num_nts": 2,
            "nts_short": "AC",
            "nts_long": "///A/10,///A/11"
        }
    ],
    "dbn": {
        "all_chains": {
            "num_nts": 22,
            "num_chars": 22,
            "bseq": "GGCCUUCCCACAAGGGAAGGCC",
            "sstr": "(((((((((....)))))))))",
            "form": "AAAAAAAAA....AAAAAAAA-"
        },
        "m1_chain_A": {
            "num_nts": 22,
            "num_chars": 22,
            "bseq": "GGCCUUCCCACAAGGGAAGGCC",
            "sstr": "(((((((((....)))))))))",
            "form": "AAAAAAAAA....AAAAAAAA-"
        }
    },
    "chains": {
        "m1_chain_A": {
            "num_nts": 22,
            "bseq": "GGCCUUCCCACAAGGGAAGGCC",
            "sstr": "(((((((((....)))))))))",
            "form": "AAAAAAAAA....AAAAAAAA-",
            "helical_rise": 0.299,
            "helical_rise_std": 2.549,
            "helical_axis": [
                -0.431,
                -0.823,
                0.37
            ],
            "point1": [
                4.342,
                -5.594,
                -6.868
            ],
            "point2": [
                1.4,
                -11.217,
                -4.344
            ],
            "num_chars": 64,
            "suite": "G1aG1aC1aC1aU1aU1aC1aC1aC1aA1gC1aA1aA!!G1aG1aG1aA1aA!!G1aG1aC1aC"
        }
    },
    "num_nts": 22,
    "nts": [
        {
            "index": 1,
            "index_chain": 1,
            "chain_name": "A",
            "nt_resnum": 1,
            "nt_name": "G",
            "nt_code": "G",
            "nt_id": "///A/1",
            "linked_nts": [
                null,
                "///A/2"
            ],
            "nt_type": "RNA",
            "dbn": "(",
            "summary": "anti,~C3'-endo,BI,canonical,non-pair-contact,helix-end,stem-end",
            "alpha": null,
            "beta": null,
            "gamma": 40.944,
            "delta": 90.383,
            "epsilon": -150.198,
            "zeta": -69.911,
            "epsilon_zeta": -80.287,
            "bb_type": "BI",
            "chi": 177.035,
            "glyco_bond": "anti",
            "C5prime_xyz": [
                -1.091,
                7.996,
                1.899
            ],
            "P_xyz": [
                null,
                null,
                null
            ],
            "form": "A",
            "ssZp": 4.651,
            "Dp": 4.664,
            "splay_angle": 25.908,
            "splay_distance": 3.93,
            "splay_ratio": 0.229,
            "eta": null,
            "theta": null,
            "eta_prime": null,
            "theta_prime": null,
            "eta_base": null,
            "theta_base": null,
            "v0": 15.973,
            "v1": -33.523,
            "v2": 37.397,
            "v3": -29.293,
            "v4": 8.556,
            "amplitude": 37.588,
            "phase_angle": 354.222,
            "puckering": "C2'-exo",
            "sugar_class": "~C3'-endo",
            "bin": "inc",
            "cluster": "__",
            "suiteness": 0,
            "filter_rmsd": 0.002,
            "frame": {
                "rmsd": 0.002,
                "origin": [
                    -5.649,
                    0.704,
                    3.922
                ],
                "x_axis": [
                    -0.581,
                    0.319,
                    -0.749
                ],
                "y_axis": [
                    0.813,
                    0.189,
                    -0.55
                ],
                "z_axis": [
                    -0.033,
                    -0.929,
                    -0.369
                ],
                "quaternion": [
                    0.245,
                    0.387,
                    0.731,
                    -0.506
                ]
            }
        },
        {
            "index": 2,
            "index_chain": 2,
            "chain_name": "A",
            "nt_resnum": 2,
            "nt_name": "G",
            "nt_code": "G",
            "nt_id": "///A/2",
            "linked_nts": [
                "///A/1",
                "///A/3"
            ],
            "nt_type": "RNA",
            "dbn": "(",
            "summary": "anti,~C3'-endo,BI,canonical,non-pair-contact,helix,stem",
            "alpha": -61.209,
            "beta": -167.278,
            "gamma": 40.284,
            "delta": 85.522,
            "epsilon": -144.869,
            "zeta": -68.662,
            "epsilon_zeta": -76.207,
            "bb_type": "BI",
            "chi": -162.28,
            "glyco_bond": "anti",
            "C5prime_xyz": [
                -1.057,
                8.564,
                0.714
            ],
            "P_xyz": [
                1.398,
                8.729,
                1.641
            ],
            "form": "A",
            "ssZp": 4.515,
            "Dp": 4.696,
            "splay_angle": 22.628,
            "splay_distance": 3.498,
            "splay_ratio": 0.196,
            "eta": 174.878,
            "theta": -137.458,
            "eta_prime": -175.429,
            "theta_prime": -132.403,
            "eta_base": -147.332,
            "theta_base": -90.372,
            "v0": 10.608,
            "v1": -31.395,
            "v2": 39.126,
            "v3": -34.104,
            "v4": 14.883,
            "amplitude": 39.191,
            "phase_angle": 3.319,
            "puckering": "C3'-endo",
            "sugar_class": "~C3'-endo",
            "bin": "33p",
            "cluster": "1a",
            "suiteness": 0.532,
            "filter_rmsd": 0.002,
            "frame": {
                "rmsd": 0.002,
                "origin": [
                    -7.707,
                    -2.634,
                    4.177
                ],
                "x_axis": [
                    -0.041,
                    0.357,
                    -0.933
                ],
                "y_axis": [
                    0.999,
                    -0.007,
                    -0.046
                ],
                "z_axis": [
                    -0.023,
                    -0.934,
                    -0.357
                ],
                "quaternion": [
                    0.386,
                    0.575,
                    0.59,
                    -0.416
                ]
            }
        },
        {
            "index": 3,
            "index_chain": 3,
            "chain_name": "A",
            "nt_resnum": 3,
            "nt_name": "C",
            "nt_code": "C",
            "nt_id": "///A/3",
            "linked_nts": [
                "///A/2",
                "///A/4"
            ],
            "nt_type": "RNA",
            "dbn": "(",
            "summary": "anti,~C3'-endo,BI,canonical,non-pair-contact,helix,stem",
            "alpha": -66.789,
            "beta": 173.326,
            "gamma": 52.003,
            "delta": 83.713,
            "epsilon": -153.95,
            "zeta": -63.897,
            "epsilon_zeta": -90.054,
            "bb_type": "BI",
            "chi": -160.956,
            "glyco_bond": "anti",
            "C5prime_xyz": [
                -1.156,
                8.678,
                0.61
            ],
            "P_xyz": [
                1.463,
                8.841,
                0.79
            ],
            "form": "A",
            "ssZp": 4.473,
            "Dp": 4.615,
            "splay_angle": 21.692,
            "splay_distance": 3.503,
            "splay_ratio": 0.191,
            "eta": 162.62,
            "theta": -137.177,
            "eta_prime": -178.563,
            "theta_prime": -137.259,
            "eta_base": -120.226,
            "theta_base": -109.055,
            "v0": 6.45,
            "v1": -28.597,
            "v2": 38.649,
            "v3": -36.027,
            "v4": 18.671,
            "amplitude": 39.173,
            "phase_angle": 9.38,
            "puckering": "C3'-endo",
            "sugar_class": "~C3'-endo",
            "bin": "33p",
            "cluster": "1a",
            "suiteness": 0.937,
            "filter_rmsd": 0.062,
            "frame": {
                "rmsd": 0.002,
                "origin": [
                    -8.29,
                    -4.567,
                    1.321
                ],
                "x_axis": [
                    0.649,
                    0.409,
                    -0.641
                ],
                "y_axis": [
                    0.761,
                    -0.364,
                    0.538
                ],
                "z_axis": [
                    -0.013,
                    -0.837,
                    -0.548
                ],
                "quaternion": [
                    0.429,
                    0.8,
                    0.366,
                    -0.204
                ]
            }
        },
        {
            "index": 4,
            "index_chain": 4,
            "chain_name": "A",
            "nt_resnum": 4,
            "nt_name": "C",
            "nt_code": "C",
            "nt_id": "///A/4",
            "linked_nts": [
                "///A/3",
                "///A/5"
            ],
            "nt_type": "RNA",
            "dbn": "(",
            "summary": "anti,~C3'-endo,BI,canonical,non-pair-contact,helix,stem",
            "alpha": -68.643,
            "beta": 170.727,
            "gamma": 61.522,
            "delta": 81.156,
            "epsilon": -163.315,
            "zeta": -76.821,
            "epsilon_zeta": -86.494,
            "bb_type": "BI",
            "chi": -163.67,
            "glyco_bond": "anti",
            "C5prime_xyz": [
                -1.572,
                8.845,
                0.665
            ],
            "P_xyz": [
                0.998,
                9.394,
                0.762
            ],
            "form": "A",
            "ssZp": 4.392,
            "Dp": 4.446,
            "splay_angle": 23.933,
            "splay_distance": 3.749,
            "splay_ratio": 0.208,
            "eta": 167.388,
            "theta": -159.373,
            "eta_prime": -172.245,
            "theta_prime": -159.77,
            "eta_base": -123.704,
            "theta_base": -150.233,
            "v0": -3.474,
            "v1": -20.712,
            "v2": 35.597,
            "v3": -38.59,
            "v4": 26.447,
            "amplitude": 38.837,
            "phase_angle": 23.571,
            "puckering": "C3'-endo",
            "sugar_class": "~C3'-endo",
            "bin": "33p",
            "cluster": "1a",
            "suiteness": 0.85,
            "filter_rmsd": 0.062,
            "frame": {
                "rmsd": 0.002,
                "origin": [
                    -8.27,
                    -5.941,
                    -1.901
                ],
                "x_axis": [
                    0.963,
                    0.192,
                    -0.191
                ],
                "y_axis": [
                    0.27,
                    -0.605,
                    0.749
                ],
                "z_axis": [
                    0.028,
                    -0.773,
                    -0.634
                ],
                "quaternion": [
                    0.425,
                    0.895,
                    0.129,
                    -0.046
                ]
            }
        },
        {
            "index": 5,
            "index_chain": 5,
            "chain_name": "A",
            "nt_resnum": 5,
            "nt_name": "U",
            "nt_code": "U",
            "nt_id": "///A/5",
            "linked_nts": [
                "///A/4",
                "///A/6"
            ],
            "nt_type": "RNA",
            "dbn": "(",
            "summary": "anti,~C3'-endo,BI,canonical,non-pair-contact,helix,stem",
            "alpha": -69.516,
            "beta": -163.767,
            "gamma": 37.571,
            "delta": 84.86,
            "epsilon": -156.865,
            "zeta": -75.347,
            "epsilon_zeta": -81.517,
            "bb_type": "BI",
            "chi": -151.344,
            "glyco_bond": "anti",
            "C5prime_xyz": [
                -1.066,
                8.603,
                0.056
            ],
            "P_xyz": [
                1.437,
                9.004,
                0.761
            ],
            "form": "A",
            "ssZp": 4.262,
            "Dp": 4.627,
            "splay_angle": 24.1,
            "splay_distance": 3.727,
            "splay_ratio": 0.209,
            "eta": 167.169,
            "theta": -155.443,
            "eta_prime": 169.422,
            "theta_prime": -150.683,
            "eta_base": -173.18,
            "theta_base": -130.095,
            "v0": 9.891,
            "v1": -31.126,
            "v2": 39.396,
            "v3": -34.754,
            "v4": 15.73,
            "amplitude": 39.516,
            "phase_angle": 4.465,
            "puckering": "C3'-endo",
            "sugar_class": "~C3'-endo",
            "bin": "33p",
            "cluster": "1a",
            "suiteness": 0.453,
            "filter_rmsd": 0.103,
            "frame": {
                "rmsd": 0.003,
                "origin": [
                    -9.625,
                    -7.466,
                    -5.046
                ],
                "x_axis": [
                    0.954,
                    0.068,
                    0.292
                ],
                "y_axis": [
                    -0.164,
                    -0.697,
                    0.698
                ],
                "z_axis": [
                    0.251,
                    -0.714,
                    -0.654
                ],
                "quaternion": [
                    0.388,
                    0.909,
                    -0.026,
                    0.149
                ]
            }
        },
        {
            "index": 6,
            "index_chain": 6,
            "chain_name": "A",
            "nt_resnum": 6,
            "nt_name": "U",
            "nt_code": "U",
            "nt_id": "///A/6",
            "linked_nts": [
                "///A/5",
                "///A/7"
            ],
            "nt_type": "RNA",
            "dbn": "(",
            "summary": "anti,~C3'-endo,BI,canonical,non-pair-contact,helix,stem",
            "alpha": -74.66,
            "beta": 173.779,
            "gamma": 63.025,
            "delta": 83.243,
            "epsilon": -149.338,
            "zeta": -69.661,
            "epsilon_zeta": -79.678,
            "bb_type": "BI",
            "chi": -158.419,
            "glyco_bond": "anti",
            "C5prime_xyz": [
                -1.2,
                8.645,
                0.463
            ],
            "P_xyz": [
                1.415,
                8.822,
                0.252
            ],
            "form": "A",
            "ssZp": 4.417,
            "Dp": 4.663,
            "splay_angle": 25.07,
            "splay_distance": 3.889,
            "splay_ratio": 0.217,
            "eta": 169.077,
            "theta": -138.194,
            "eta_prime": -179.691,
            "theta_prime": -138.009,
            "eta_base": -150.488,
            "theta_base": -102.671,
            "v0": 7.455,
            "v1": -29.67,
            "v2": 39.405,
            "v3": -36.174,
            "v4": 18.133,
            "amplitude": 39.798,
            "phase_angle": 8.064,
            "puckering": "C3'-endo",
            "sugar_class": "~C3'-endo",
            "bin": "33p",
            "cluster": "1a",
            "suiteness": 0.766,
            "filter_rmsd": 0.103,
            "frame": {
                "rmsd": 0.003,
                "origin": [
                    -8.322,
                    -9.263,
                    -8.041
                ],
                "x_axis": [
                    0.724,
                    -0.124,
                    0.679
                ],
                "y_axis": [
                    -0.542,
                    -0.711,
                    0.448
                ],
                "z_axis": [
                    0.427,
                    -0.692,
                    -0.581
                ],
                "quaternion": [
                    0.328,
                    0.868,
                    -0.192,
                    0.319
                ]
            }
        },
        {
            "index": 7,
            "index_chain": 7,
            "chain_name": "A",
            "nt_resnum": 7,
            "nt_name": "C",
            "nt_code": "C",
            "nt_id": "///A/7",
            "linked_nts": [
                "///A/6",
                "///A/8"
            ],
            "nt_type": "RNA",
            "dbn": "(",
            "summary": "anti,~C3'-endo,BI,canonical,non-pair-contact,helix,stem",
            "alpha": -60.483,
            "beta": 165.533,
            "gamma": 57.026,
            "delta": 82.655,
            "epsilon": -151.294,
            "zeta": -75.02,
            "epsilon_zeta": -76.275,
            "bb_type": "BI",
            "chi": -163.114,
            "glyco_bond": "anti",
            "C5prime_xyz": [
                -1.261,
                8.712,
                0.719
            ],
            "P_xyz": [
                1.36,
                8.91,
                0.692
            ],
            "form": "A",
            "ssZp": 4.491,
            "Dp": 4.618,
            "splay_angle": 22.659,
            "splay_distance": 3.604,
            "splay_ratio": 0.198,
            "eta": 168.945,
            "theta": -144.811,
            "eta_prime": -171.204,
            "theta_prime": -145.913,
            "eta_base": -115.674,
            "theta_base": -126.188,
            "v0": 4.161,
            "v1": -26.964,
            "v2": 38.274,
            "v3": -36.93,
            "v4": 20.659,
            "amplitude": 39.228,
            "phase_angle": 12.662,
            "puckering": "C3'-endo",
            "sugar_class": "~C3'-endo",
            "bin": "33p",
            "cluster": "1a",
            "suiteness": 0.939,
            "filter_rmsd": 0.063,
            "frame": {
                "rmsd": 0.001,
                "origin": [
                    -5.198,
                    -11.472,
                    -8.736
                ],
                "x_axis": [
                    0.168,
                    -0.505,
                    0.846
                ],
                "y_axis": [
                    -0.853,
                    -0.505,
                    -0.132
                ],
                "z_axis": [
                    0.494,
                    -0.7,
                    -0.516
                ],
                "quaternion": [
                    0.192,
                    0.74,
                    -0.459,
                    0.453
                ]
            }
        },
        {
            "index": 8,
            "index_chain": 8,
            "chain_name": "A",
            "nt_resnum": 8,
            "nt_name": "C",
            "nt_code": "C",
            "nt_id": "///A/8",
            "linked_nts": [
                "///A/7",
                "///A/9"
            ],
            "nt_type": "RNA",
            "dbn": "(",
            "summary": "anti,~C3'-endo,BI,canonical,non-pair-contact,helix,stem",
            "alpha": -59.85,
            "beta": 172.691,
            "gamma": 50.982,
            "delta": 82.167,
            "epsilon": -159.466,
            "zeta": -69.25,
            "epsilon_zeta": -90.216,
            "bb_type": "BI",
            "chi": -159.95,
            "glyco_bond": "anti",
            "C5prime_xyz": [
                -1.392,
                8.804,
                0.493
            ],
            "P_xyz": [
                1.188,
                9.228,
                0.76
            ],
            "form": "A",
            "ssZp": 4.381,
            "Dp": 4.521,
            "splay_angle": 22.14,
            "splay_distance": 3.571,
            "splay_ratio": 0.194,
            "eta": 169.181,
            "theta": -148.987,
            "eta_prime": -177.184,
            "theta_prime": -149.115,
            "eta_base": -141.471,
            "theta_base": -132.996,
            "v0": 0.625,
            "v1": -24.027,
            "v2": 36.936,
            "v3": -37.623,
            "v4": 23.3,
            "amplitude": 38.771,
            "phase_angle": 17.696,
            "puckering": "C3'-endo",
            "sugar_class": "~C3'-endo",
            "bin": "33p",
            "cluster": "1a",
            "suiteness": 0.959,
            "filter_rmsd": 0.062,
            "frame": {
                "rmsd": 0.002,
                "origin": [
                    -2.221,
                    -13.255,
                    -9.711
                ],
                "x_axis": [
                    -0.338,
                    -0.612,
                    0.715
                ],
                "y_axis": [
                    -0.786,
                    -0.234,
                    -0.572
                ],
                "z_axis": [
                    0.517,
                    -0.756,
                    -0.402
                ],
                "quaternion": [
                    -0.081,
                    -0.57,
                    0.614,
                    -0.541
                ]
            }
        },
        {
            "index": 9,
            "index_chain": 9,
            "chain_name": "A",
            "nt_resnum": 9,
            "nt_name": "C",
            "nt_code": "C",
            "nt_id": "///A/9",
            "linked_nts": [
                "///A/8",
                "///A/10"
            ],
            "nt_type": "RNA",
            "dbn": "(",
            "summary": "anti,~C3'-endo,BI,canonical,non-pair-contact,helix,stem-end,hairpin-loop",
            "alpha": -62.31,
            "beta": -168.012,
            "gamma": 35.214,
            "delta": 83.705,
            "epsilon": -153.041,
            "zeta": -64.671,
            "epsilon_zeta": -88.371,
            "bb_type": "BI",
            "chi": -149.039,
            "glyco_bond": "anti",
            "C5prime_xyz": [
                -1.165,
                8.745,
                -0.119
            ],
            "P_xyz": [
                1.302,
                9.356,
                0.557
            ],
            "form": "A",
            "ssZp": 4.108,
            "Dp": 4.6,
            "splay_angle": 24.367,
            "splay_distance": 3.873,
            "splay_ratio": 0.211,
            "eta": 168.24,
            "theta": -142.625,
            "eta_prime": 175.366,
            "theta_prime": -136.582,
            "eta_base": -158.405,
            "theta_base": -97.07,
            "v0": 5.077,
            "v1": -27.215,
            "v2": 37.806,
            "v3": -35.952,
            "v4": 19.474,
            "amplitude": 38.546,
            "phase_angle": 11.246,
            "puckering": "C3'-endo",
            "sugar_class": "~C3'-endo",
            "bin": "33p",
            "cluster": "1a",
            "suiteness": 0.417,
            "filter_rmsd": 0.063,
            "frame": {
                "rmsd": 0.001,
                "origin": [
                    0.66,
                    -15.353,
                    -9.929
                ],
                "x_axis": [
                    -0.784,
                    -0.459,
                    0.418
                ],
                "y_axis": [
                    -0.474,
                    0.007,
                    -0.881
                ],
                "z_axis": [
                    0.401,
                    -0.889,
                    -0.223
                ],
                "quaternion": [
                    -0.006,
                    -0.329,
                    0.709,
                    -0.623
                ]
            }
        },
        {
            "index": 10,
            "index_chain": 10,
            "chain_name": "A",
            "nt_resnum": 10,
            "nt_name": "A",
            "nt_code": "A",
            "nt_id": "///A/10",
            "linked_nts": [
                "///A/9",
                "///A/11"
            ],
            "nt_type": "RNA",
            "dbn": ".",
            "summary": "anti,~C3'-endo,BI,non-canonical,non-pair-contact,helix-end,hairpin-loop,cap-acceptor,splayed-apart",
            "alpha": -62.462,
            "beta": 174.445,
            "gamma": 49.254,
            "delta": 84.859,
            "epsilon": -155.708,
            "zeta": -36.63,
            "epsilon_zeta": -119.078,
            "bb_type": "BI",
            "chi": -157.151,
            "glyco_bond": "anti",
            "C5prime_xyz": [
                -1.342,
                8.709,
                0.375
            ],
            "P_xyz": [
                1.25,
                9.066,
                0.643
            ],
            "form": ".",
            "ssZp": 4.343,
            "Dp": 4.534,
            "splay_angle": 90.034,
            "splay_distance": 12.072,
            "splay_ratio": 0.708,
            "eta": 166.466,
            "theta": -95.126,
            "eta_prime": -174.348,
            "theta_prime": -148.186,
            "eta_base": -122.018,
            "theta_base": 148.953,
            "v0": 2.983,
            "v1": -24.847,
            "v2": 36.02,
            "v3": -35.376,
            "v4": 20.45,
            "amplitude": 37.151,
            "phase_angle": 14.173,
            "puckering": "C3'-endo",
            "sugar_class": "~C3'-endo",
            "bin": "33p",
            "cluster": "1a",
            "suiteness": 0.91,
            "filter_rmsd": 0.038,
            "frame": {
                "rmsd": 0.001,
                "origin": [
                    0.229,
                    -19.193,
                    -9.665
                ],
                "x_axis": [
                    -0.983,
                    -0.076,
                    -0.166
                ],
                "y_axis": [
                    0.145,
                    0.223,
                    -0.964
                ],
                "z_axis": [
                    0.11,
                    -0.972,
                    -0.208
                ],
                "quaternion": [
                    0.089,
                    0.022,
                    0.777,
                    -0.623
                ]
            }
        },
        {
            "index": 11,
            "index_chain": 11,
            "chain_name": "A",
            "nt_resnum": 11,
            "nt_name": "C",
            "nt_code": "C",
            "nt_id": "///A/11",
            "linked_nts": [
                "///A/10",
                "///A/12"
            ],
            "nt_type": "RNA",
            "dbn": ".",
            "summary": "turn,anti,~C3'-endo,BI,non-pair-contact,hairpin-loop,splayed-apart",
            "alpha": 148.142,
            "beta": 129.072,
            "gamma": 63.569,
            "delta": 87.702,
            "epsilon": -145.502,
            "zeta": -60.394,
            "epsilon_zeta": -85.108,
            "bb_type": "BI",
            "chi": -137.018,
            "glyco_bond": "anti",
            "C5prime_xyz": [
                -1.049,
                8.572,
                -0.79
            ],
            "P_xyz": [
                1.054,
                7.689,
                -2.107
            ],
            "form": ".",
            "ssZp": 3.54,
            "Dp": 4.633,
            "splay_angle": 31.994,
            "splay_distance": 5.072,
            "splay_ratio": 0.28,
            "eta": -2.258,
            "theta": -115.975,
            "eta_prime": 40.592,
            "theta_prime": -123.528,
            "eta_base": 23.831,
            "theta_base": -83.759,
            "v0": 8.586,
            "v1": -28.285,
            "v2": 36.15,
            "v3": -32.305,
            "v4": 15.03,
            "amplitude": 36.31,
            "phase_angle": 5.373,
            "puckering": "C3'-endo",
            "sugar_class": "~C3'-endo",
            "bin": "33p",
            "cluster": "1g",
            "suiteness": 0.155,
            "filter_rmsd": 0.063,
            "frame": {
                "rmsd": 0.001,
                "origin": [
                    11.44,
                    -22.308,
                    -12.882
                ],
                "x_axis": [
                    0.12,
                    0.955,
                    -0.273
                ],
                "y_axis": [
                    -0.964,
                    0.047,
                    -0.262
                ],
                "z_axis": [
                    -0.237,
                    0.294,
                    0.926
                ],
                "quaternion": [
                    0.723,
                    -0.192,
                    0.012,
                    0.663
                ]
            }
        },
        {
            "index": 12,
            "index_chain": 12,
            "chain_name": "A",
            "nt_resnum": 12,
            "nt_name": "A",
            "nt_code": "A",
            "nt_id": "///A/12",
            "linked_nts": [
                "///A/11",
                "///A/13"
            ],
            "nt_type": "RNA",
            "dbn": ".",
            "summary": "anti,~C3'-endo,BI,non-pair-contact,hairpin-loop,cap-donor,phosphate",
            "alpha": -67.673,
            "beta": 168.576,
            "gamma": 55.266,
            "delta": 87.598,
            "epsilon": -153.063,
            "zeta": -62.516,
            "epsilon_zeta": -90.548,
            "bb_type": "BI",
            "chi": -154.015,
            "glyco_bond": "anti",
            "C5prime_xyz": [
                -0.992,
                8.542,
                0.23
            ],
            "P_xyz": [
                1.63,
                8.432,
                0.032
            ],
            "form": ".",
            "ssZp": 4.298,
            "Dp": 4.62,
            "splay_angle": 23.229,
            "splay_distance": 3.57,
            "splay_ratio": 0.202,
            "eta": 161.424,
            "theta": -130.559,
            "eta_prime": -170.068,
            "theta_prime": -131.503,
            "eta_base": -102.791,
            "theta_base": -87.282,
            "v0": 11.031,
            "v1": -30.612,
            "v2": 37.471,
            "v3": -32.196,
            "v4": 13.429,
            "amplitude": 37.493,
            "phase_angle": 1.977,
            "puckering": "C3'-endo",
            "sugar_class": "~C3'-endo",
            "bin": "33p",
            "cluster": "1a",
            "suiteness": 0.771,
            "filter_rmsd": 0.038,
            "frame": {
                "rmsd": 0.001,
                "origin": [
                    9.146,
                    -17.833,
                    -12.222
                ],
                "x_axis": [
                    -0.586,
                    0.411,
                    -0.698
                ],
                "y_axis": [
                    -0.728,
                    -0.645,
                    0.232
                ],
                "z_axis": [
                    -0.355,
                    0.645,
                    0.677
                ],
                "quaternion": [
                    0.334,
                    -0.309,
                    0.257,
                    0.853
                ]
            }
        },
        {
            "index": 13,
            "index_chain": 13,
            "chain_name": "A",
            "nt_resnum": 13,
            "nt_name": "A",
            "nt_code": "A",
            "nt_id": "///A/13",
            "linked_nts": [
                "///A/12",
                "///A/14"
            ],
            "nt_type": "RNA",
            "dbn": ".",
            "summary": "anti,~C3'-endo,non-canonical,non-pair-contact,helix-end,hairpin-loop",
            "alpha": -64.526,
            "beta": 175.178,
            "gamma": 48.075,
            "delta": 86.162,
            "epsilon": -126.519,
            "zeta": -61.526,
            "epsilon_zeta": -64.993,
            "bb_type": "--",
            "chi": -149.481,
            "glyco_bond": "anti",
            "C5prime_xyz": [
                -0.989,
                8.553,
                -0.053
            ],
            "P_xyz": [
                1.641,
                8.558,
                -0.091
            ],
            "form": ".",
            "ssZp": 3.971,
            "Dp": 4.778,
            "splay_angle": 34.397,
            "splay_distance": 5.403,
            "splay_ratio": 0.296,
            "eta": 170.312,
            "theta": -118.213,
            "eta_prime": -171.463,
            "theta_prime": -111.325,
            "eta_base": -109.345,
            "theta_base": -70.402,
            "v0": 11.302,
            "v1": -31.716,
            "v2": 38.968,
            "v3": -33.559,
            "v4": 14.102,
            "amplitude": 38.998,
            "phase_angle": 2.217,
            "puckering": "C3'-endo",
            "sugar_class": "~C3'-endo",
            "bin": "33p",
            "cluster": "1a",
            "suiteness": 0.804,
            "filter_rmsd": 0.038,
            "frame": {
                "rmsd": 0.001,
                "origin": [
                    6.543,
                    -15.408,
                    -11.922
                ],
                "x_axis": [
                    -0.908,
                    -0.221,
                    -0.355
                ],
                "y_axis": [
                    -0.164,
                    -0.593,
                    0.788
                ],
                "z_axis": [
                    -0.385,
                    0.774,
                    0.502
                ],
                "quaternion": [
                    -0.016,
                    -0.214,
                    0.451,
                    0.867
                ]
            }
        },
        {
            "index": 14,
            "index_chain": 14,
            "chain_name": "A",
            "nt_resnum": 14,
            "nt_name": "G",
            "nt_code": "G",
            "nt_id": "///A/14",
            "linked_nts": [
                "///A/13",
                "///A/15"
            ],
            "nt_type": "RNA",
            "dbn": ")",
            "summary": "anti,~C3'-endo,BI,canonical,non-pair-contact,helix,stem-end,hairpin-loop",
            "alpha": -75.857,
            "beta": 134.571,
            "gamma": 94.761,
            "delta": 85.605,
            "epsilon": -151.818,
            "zeta": -65.286,
            "epsilon_zeta": -86.533,
            "bb_type": "BI",
            "chi": -169.861,
            "glyco_bond": "anti",
            "C5prime_xyz": [
                -1.145,
                8.48,
                1.177
            ],
            "P_xyz": [
                0.927,
                8.942,
                -0.38
            ],
            "form": "A",
            "ssZp": 4.646,
            "Dp": 4.64,
            "splay_angle": 24.889,
            "splay_distance": 4.01,
            "splay_ratio": 0.222,
            "eta": 162.121,
            "theta": -138.304,
            "eta_prime": -157.138,
            "theta_prime": -149.304,
            "eta_base": -86.046,
            "theta_base": -132.897,
            "v0": 9.765,
            "v1": -30.404,
            "v2": 38.364,
            "v3": -33.816,
            "v4": 15.228,
            "amplitude": 38.473,
            "phase_angle": 4.299,
            "puckering": "C3'-endo",
            "sugar_class": "~C3'-endo",
            "bin": "33p",
            "cluster": "!!",
            "suiteness": 0,
            "filter_rmsd": 0.003,
            "frame": {
                "rmsd": 0.003,
                "origin": [
                    1.274,
                    -15.272,
                    -10.737
                ],
                "x_axis": [
                    -0.727,
                    -0.57,
                    0.383
                ],
                "y_axis": [
                    0.51,
                    -0.073,
                    0.857
                ],
                "z_axis": [
                    -0.461,
                    0.818,
                    0.344
                ],
                "quaternion": [
                    -0.369,
                    -0.026,
                    0.572,
                    0.732
                ]
            }
        },
        {
            "index": 15,
            "index_chain": 15,
            "chain_name": "A",
            "nt_resnum": 15,
            "nt_name": "G",
            "nt_code": "G",
            "nt_id": "///A/15",
            "linked_nts": [
                "///A/14",
                "///A/16"
            ],
            "nt_type": "RNA",
            "dbn": ")",
            "summary": "anti,~C3'-endo,BI,canonical,non-pair-contact,helix,stem",
            "alpha": -61.881,
            "beta": 179.523,
            "gamma": 48.219,
            "delta": 80.393,
            "epsilon": -159.082,
            "zeta": -65.198,
            "epsilon_zeta": -93.883,
            "bb_type": "BI",
            "chi": -170.027,
            "glyco_bond": "anti",
            "C5prime_xyz": [
                -1.645,
                8.736,
                1.063
            ],
            "P_xyz": [
                0.792,
                9.308,
                1.865
            ],
            "form": "A",
            "ssZp": 4.537,
            "Dp": 4.529,
            "splay_angle": 25.516,
            "splay_distance": 4.163,
            "splay_ratio": 0.227,
            "eta": 168.447,
            "theta": -146.988,
            "eta_prime": -175.568,
            "theta_prime": -144.983,
            "eta_base": -135.866,
            "theta_base": -121.048,
            "v0": -1.586,
            "v1": -22.992,
            "v2": 37.413,
            "v3": -39.352,
            "v4": 25.739,
            "amplitude": 40.015,
            "phase_angle": 20.776,
            "puckering": "C3'-endo",
            "sugar_class": "~C3'-endo",
            "bin": "33p",
            "cluster": "1a",
            "suiteness": 0.897,
            "filter_rmsd": 0.003,
            "frame": {
                "rmsd": 0.003,
                "origin": [
                    -2.013,
                    -12.983,
                    -10.92
                ],
                "x_axis": [
                    -0.284,
                    -0.627,
                    0.726
                ],
                "y_axis": [
                    0.839,
                    0.205,
                    0.505
                ],
                "z_axis": [
                    -0.465,
                    0.752,
                    0.467
                ],
                "quaternion": [
                    0.589,
                    -0.105,
                    -0.505,
                    -0.622
                ]
            }
        },
        {
            "index": 16,
            "index_chain": 16,
            "chain_name": "A",
            "nt_resnum": 16,
            "nt_name": "G",
            "nt_code": "G",
            "nt_id": "///A/16",
            "linked_nts": [
                "///A/15",
                "///A/17"
            ],
            "nt_type": "RNA",
            "dbn": ")",
            "summary": "anti,~C3'-endo,BI,canonical,non-pair-contact,helix,stem",
            "alpha": -76.398,
            "beta": 173.274,
            "gamma": 72.401,
            "delta": 79.509,
            "epsilon": -160.413,
            "zeta": -68.81,
            "epsilon_zeta": -91.603,
            "bb_type": "BI",
            "chi": -176.748,
            "glyco_bond": "anti",
            "C5prime_xyz": [
                -1.955,
                8.724,
                1.318
            ],
            "P_xyz": [
                0.532,
                9.497,
                1.696
            ],
            "form": "A",
            "ssZp": 4.404,
            "Dp": 4.425,
            "splay_angle": 23.243,
            "splay_distance": 3.599,
            "splay_ratio": 0.203,
            "eta": 172.951,
            "theta": -151.891,
            "eta_prime": -170.285,
            "theta_prime": -151.299,
            "eta_base": -130.728,
            "theta_base": -122.587,
            "v0": -7.447,
            "v1": -17.772,
            "v2": 34.723,
            "v3": -39.96,
            "v4": 29.79,
            "amplitude": 39.73,
            "phase_angle": 29.077,
            "puckering": "C3'-endo",
            "sugar_class": "~C3'-endo",
            "bin": "33p",
            "cluster": "1a",
            "suiteness": 0.405,
            "filter_rmsd": 0.002,
            "frame": {
                "rmsd": 0.002,
                "origin": [
                    -5.642,
                    -11.27,
                    -9.814
                ],
                "x_axis": [
                    0.167,
                    -0.453,
                    0.876
                ],
                "y_axis": [
                    0.9,
                    0.434,
                    0.053
                ],
                "z_axis": [
                    -0.404,
                    0.779,
                    0.479
                ],
                "quaternion": [
                    0.721,
                    -0.252,
                    -0.444,
                    -0.469
                ]
            }
        },
        {
            "index": 17,
            "index_chain": 17,
            "chain_name": "A",
            "nt_resnum": 17,
            "nt_name": "A",
            "nt_code": "A",
            "nt_id": "///A/17",
            "linked_nts": [
                "///A/16",
                "///A/18"
            ],
            "nt_type": "RNA",
            "dbn": ")",
            "summary": "anti,~C3'-endo,BI,canonical,non-pair-contact,helix,stem",
            "alpha": -67.088,
            "beta": -159.777,
            "gamma": 35.674,
            "delta": 86.58,
            "epsilon": -156.826,
            "zeta": -66.68,
            "epsilon_zeta": -90.146,
            "bb_type": "BI",
            "chi": -150.318,
            "glyco_bond": "anti",
            "C5prime_xyz": [
                -0.982,
                8.553,
                -0.002
            ],
            "P_xyz": [
                1.473,
                8.928,
                0.867
            ],
            "form": "A",
            "ssZp": 4.198,
            "Dp": 4.608,
            "splay_angle": 23.135,
            "splay_distance": 3.675,
            "splay_ratio": 0.201,
            "eta": 170.179,
            "theta": -145.947,
            "eta_prime": 177.031,
            "theta_prime": -140.866,
            "eta_base": -144.746,
            "theta_base": -115.984,
            "v0": 11.292,
            "v1": -31.459,
            "v2": 38.581,
            "v3": -33.135,
            "v4": 13.845,
            "amplitude": 38.606,
            "phase_angle": 2.04,
            "puckering": "C3'-endo",
            "sugar_class": "~C3'-endo",
            "bin": "33p",
            "cluster": "1a",
            "suiteness": 0.363,
            "filter_rmsd": 0.037,
            "frame": {
                "rmsd": 0.001,
                "origin": [
                    -8.326,
                    -9.647,
                    -8.048
                ],
                "x_axis": [
                    0.711,
                    -0.099,
                    0.696
                ],
                "y_axis": [
                    0.573,
                    0.655,
                    -0.492
                ],
                "z_axis": [
                    -0.407,
                    0.749,
                    0.523
                ],
                "quaternion": [
                    0.85,
                    -0.365,
                    -0.325,
                    -0.198
                ]
            }
        },
        {
            "index": 18,
            "index_chain": 18,
            "chain_name": "A",
            "nt_resnum": 18,
            "nt_name": "A",
            "nt_code": "A",
            "nt_id": "///A/18",
            "linked_nts": [
                "///A/17",
                "///A/19"
            ],
            "nt_type": "RNA",
            "dbn": ")",
            "summary": "anti,~C3'-endo,canonical,non-pair-contact,helix,stem",
            "alpha": -67.736,
            "beta": 171.523,
            "gamma": 60.801,
            "delta": 84.414,
            "epsilon": -158.341,
            "zeta": -7.287,
            "epsilon_zeta": -151.053,
            "bb_type": "--",
            "chi": -160.437,
            "glyco_bond": "anti",
            "C5prime_xyz": [
                -1.534,
                8.754,
                0.521
            ],
            "P_xyz": [
                1.057,
                9.2,
                0.622
            ],
            "form": "A",
            "ssZp": 4.319,
            "Dp": 4.441,
            "splay_angle": 21.594,
            "splay_distance": 3.754,
            "splay_ratio": 0.196,
            "eta": 170.391,
            "theta": -109.113,
            "eta_prime": -171.619,
            "theta_prime": -132.607,
            "eta_base": -134.61,
            "theta_base": -114.261,
            "v0": -1.333,
            "v1": -20.756,
            "v2": 33.621,
            "v3": -35.435,
            "v4": 23.161,
            "amplitude": 35.95,
            "phase_angle": 20.735,
            "puckering": "C3'-endo",
            "sugar_class": "~C3'-endo",
            "bin": "33p",
            "cluster": "1a",
            "suiteness": 0.824,
            "filter_rmsd": 0.037,
            "frame": {
                "rmsd": 0.002,
                "origin": [
                    -9.565,
                    -7.883,
                    -5.073
                ],
                "x_axis": [
                    0.962,
                    0.085,
                    0.261
                ],
                "y_axis": [
                    0.143,
                    0.655,
                    -0.742
                ],
                "z_axis": [
                    -0.234,
                    0.751,
                    0.618
                ],
                "quaternion": [
                    0.899,
                    -0.415,
                    -0.138,
                    -0.016
                ]
            }
        },
        {
            "index": 19,
            "index_chain": 19,
            "chain_name": "A",
            "nt_resnum": 19,
            "nt_name": "G",
            "nt_code": "G",
            "nt_id": "///A/19",
            "linked_nts": [
                "///A/18",
                "///A/20"
            ],
            "nt_type": "RNA",
            "dbn": ")",
            "summary": "anti,~C3'-endo,BI,canonical,non-pair-contact,helix,stem",
            "alpha": -151.618,
            "beta": 82.738,
            "gamma": 160.691,
            "delta": 94.63,
            "epsilon": -147.986,
            "zeta": -67.264,
            "epsilon_zeta": -80.722,
            "bb_type": "BI",
            "chi": 175.075,
            "glyco_bond": "anti",
            "C5prime_xyz": [
                -0.925,
                7.765,
                1.997
            ],
            "P_xyz": [
                -0.743,
                10.086,
                0.768
            ],
            "form": "A",
            "ssZp": 4.651,
            "Dp": 4.678,
            "splay_angle": 26.726,
            "splay_distance": 3.982,
            "splay_ratio": 0.234,
            "eta": 169.44,
            "theta": 161.232,
            "eta_prime": 174.574,
            "theta_prime": -177.887,
            "eta_base": -142.64,
            "theta_base": -150.261,
            "v0": 21.104,
            "v1": -35.843,
            "v2": 36.204,
            "v3": -25.098,
            "v4": 2.705,
            "amplitude": 37.422,
            "phase_angle": 345.342,
            "puckering": "C2'-exo",
            "sugar_class": "~C3'-endo",
            "bin": "trig",
            "cluster": "!!",
            "suiteness": 0,
            "filter_rmsd": 0.002,
            "frame": {
                "rmsd": 0.002,
                "origin": [
                    -9.136,
                    -6.564,
                    -1.584
                ],
                "x_axis": [
                    0.955,
                    0.234,
                    -0.184
                ],
                "y_axis": [
                    -0.289,
                    0.586,
                    -0.757
                ],
                "z_axis": [
                    -0.069,
                    0.776,
                    0.627
                ],
                "quaternion": [
                    0.89,
                    -0.431,
                    0.032,
                    0.147
                ]
            }
        },
        {
            "index": 20,
            "index_chain": 20,
            "chain_name": "A",
            "nt_resnum": 20,
            "nt_name": "G",
            "nt_code": "G",
            "nt_id": "///A/20",
            "linked_nts": [
                "///A/19",
                "///A/21"
            ],
            "nt_type": "RNA",
            "dbn": ")",
            "summary": "anti,~C3'-endo,BI,canonical,non-pair-contact,helix,stem",
            "alpha": -64.954,
            "beta": -159.052,
            "gamma": 35.823,
            "delta": 88.406,
            "epsilon": -143.393,
            "zeta": -70.028,
            "epsilon_zeta": -73.364,
            "bb_type": "BI",
            "chi": -163.386,
            "glyco_bond": "anti",
            "C5prime_xyz": [
                -0.917,
                8.45,
                0.789
            ],
            "P_xyz": [
                1.422,
                8.491,
                1.993
            ],
            "form": "A",
            "ssZp": 4.548,
            "Dp": 4.71,
            "splay_angle": 22.494,
            "splay_distance": 3.46,
            "splay_ratio": 0.195,
            "eta": 173.289,
            "theta": -136.94,
            "eta_prime": -177.094,
            "theta_prime": -130.621,
            "eta_base": -148.815,
            "theta_base": -90.671,
            "v0": 14.028,
            "v1": -32.951,
            "v2": 38.334,
            "v3": -31.332,
            "v4": 11.028,
            "amplitude": 38.363,
            "phase_angle": 357.758,
            "puckering": "C2'-exo",
            "sugar_class": "~C3'-endo",
            "bin": "33p",
            "cluster": "1a",
            "suiteness": 0.237,
            "filter_rmsd": 0.002,
            "frame": {
                "rmsd": 0.002,
                "origin": [
                    -8.694,
                    -5.433,
                    2.209
                ],
                "x_axis": [
                    0.609,
                    0.461,
                    -0.645
                ],
                "y_axis": [
                    -0.791,
                    0.296,
                    -0.535
                ],
                "z_axis": [
                    -0.055,
                    0.837,
                    0.545
                ],
                "quaternion": [
                    0.783,
                    -0.438,
                    0.188,
                    0.4
                ]
            }
        },
        {
            "index": 21,
            "index_chain": 21,
            "chain_name": "A",
            "nt_resnum": 21,
            "nt_name": "C",
            "nt_code": "C",
            "nt_id": "///A/21",
            "linked_nts": [
                "///A/20",
                "///A/22"
            ],
            "nt_type": "RNA",
            "dbn": ")",
            "summary": "anti,~C3'-endo,BI,canonical,non-pair-contact,helix,stem",
            "alpha": -64.262,
            "beta": 175.813,
            "gamma": 48.04,
            "delta": 85.49,
            "epsilon": -156.998,
            "zeta": -66.128,
            "epsilon_zeta": -90.87,
            "bb_type": "BI",
            "chi": -159.156,
            "glyco_bond": "anti",
            "C5prime_xyz": [
                -1.086,
                8.652,
                0.507
            ],
            "P_xyz": [
                1.521,
                8.772,
                0.829
            ],
            "form": "A",
            "ssZp": 4.411,
            "Dp": 4.581,
            "splay_angle": 21.026,
            "splay_distance": 3.393,
            "splay_ratio": 0.185,
            "eta": 163.001,
            "theta": -140.202,
            "eta_prime": -178.398,
            "theta_prime": -140.031,
            "eta_base": -123.653,
            "theta_base": -117.23,
            "v0": 7.747,
            "v1": -28.853,
            "v2": 37.819,
            "v3": -34.463,
            "v4": 16.878,
            "amplitude": 38.121,
            "phase_angle": 7.218,
            "puckering": "C3'-endo",
            "sugar_class": "~C3'-endo",
            "bin": "33p",
            "cluster": "1a",
            "suiteness": 0.811,
            "filter_rmsd": 0.063,
            "frame": {
                "rmsd": 0.002,
                "origin": [
                    -7.326,
                    -2.339,
                    2.932
                ],
                "x_axis": [
                    -0.077,
                    0.368,
                    -0.927
                ],
                "y_axis": [
                    -0.995,
                    0.027,
                    0.093
                ],
                "z_axis": [
                    0.059,
                    0.929,
                    0.364
                ],
                "quaternion": [
                    0.573,
                    -0.365,
                    0.43,
                    0.595
                ]
            }
        },
        {
            "index": 22,
            "index_chain": 22,
            "chain_name": "A",
            "nt_resnum": 22,
            "nt_name": "C",
            "nt_code": "C",
            "nt_id": "///A/22",
            "linked_nts": [
                "///A/21",
                null
            ],
            "nt_type": "RNA",
            "dbn": ")",
            "summary": "anti,~C3'-endo,canonical,non-pair-contact,helix-end,stem-end",
            "alpha": -62.022,
            "beta": 174.533,
            "gamma": 53.134,
            "delta": 82.729,
            "epsilon": null,
            "zeta": null,
            "epsilon_zeta": null,
            "bb_type": "--",
            "chi": -156.415,
            "glyco_bond": "anti",
            "C5prime_xyz": [
                -1.468,
                8.858,
                0.269
            ],
            "P_xyz": [
                1.103,
                9.379,
                0.473
            ],
            "form": "-",
            "ssZp": null,
            "Dp": null,
            "splay_angle": null,
            "splay_distance": null,
            "splay_ratio": null,
            "eta": null,
            "theta": null,
            "eta_prime": null,
            "theta_prime": null,
            "eta_base": null,
            "theta_base": null,
            "v0": -2.311,
            "v1": -20.67,
            "v2": 34.414,
            "v3": -36.794,
            "v4": 24.638,
            "amplitude": 37.151,
            "phase_angle": 22.13,
            "puckering": "C3'-endo",
            "sugar_class": "~C3'-endo",
            "bin": "33p",
            "cluster": "1a",
            "suiteness": 0.906,
            "filter_rmsd": 0.062,
            "frame": {
                "rmsd": 0.001,
                "origin": [
                    -5.846,
                    0.714,
                    3.008
                ],
                "x_axis": [
                    -0.581,
                    0.283,
                    -0.763
                ],
                "y_axis": [
                    -0.805,
                    -0.06,
                    0.59
                ],
                "z_axis": [
                    0.121,
                    0.957,
                    0.263
                ],
                "quaternion": [
                    0.394,
                    -0.233,
                    0.561,
                    0.69
                ]
            }
        }
    ],
    "num_hbonds": 33,
    "hbonds": [
        {
            "index": 1,
            "atom1_serNum": 15,
            "atom2_serNum": 695,
            "donAcc_type": "standard",
            "distance": 2.736,
            "atom1_id": "///A/1/N2",
            "atom2_id": "///A/22/O2",
            "atom_pair": "N:O",
            "residue_pair": "nt:nt"
        },
        {
            "index": 2,
            "atom1_serNum": 18,
            "atom2_serNum": 696,
            "donAcc_type": "standard",
            "distance": 2.854,
            "atom1_id": "///A/1/N1",
            "atom2_id": "///A/22/N3",
            "atom_pair": "N:N",
            "residue_pair": "nt:nt"
        },
        {
            "index": 3,
            "atom1_serNum": 21,
            "atom2_serNum": 698,
            "donAcc_type": "standard",
            "distance": 2.852,
            "atom1_id": "///A/1/O6",
            "atom2_id": "///A/22/N4",
            "atom_pair": "O:N",
            "residue_pair": "nt:nt"
        },
        {
            "index": 4,
            "atom1_serNum": 49,
            "atom2_serNum": 664,
            "donAcc_type": "standard",
            "distance": 2.747,
            "atom1_id": "///A/2/N2",
            "atom2_id": "///A/21/O2",
            "atom_pair": "N:O",
            "residue_pair": "nt:nt"
        },
        {
            "index": 5,
            "atom1_serNum": 52,
            "atom2_serNum": 664,
            "donAcc_type": "standard",
            "distance": 2.919,
            "atom1_id": "///A/2/N1",
            "atom2_id": "///A/21/O2",
            "atom_pair": "N:O",
            "residue_pair": "nt:nt"
        },
        {
            "index": 6,
            "atom1_serNum": 52,
            "atom2_serNum": 665,
            "donAcc_type": "standard",
            "distance": 2.935,
            "atom1_id": "///A/2/N1",
            "atom2_id": "///A/21/N3",
            "atom_pair": "N:N",
            "residue_pair": "nt:nt"
        },
        {
            "index": 7,
            "atom1_serNum": 55,
            "atom2_serNum": 667,
            "donAcc_type": "standard",
            "distance": 3.005,
            "atom1_id": "///A/2/O6",
            "atom2_id": "///A/21/N4",
            "atom_pair": "O:N",
            "residue_pair": "nt:nt"
        },
        {
            "index": 8,
            "atom1_serNum": 83,
            "atom2_serNum": 630,
            "donAcc_type": "standard",
            "distance": 2.704,
            "atom1_id": "///A/3/O2",
            "atom2_id": "///A/20/N2",
            "atom_pair": "O:N",
            "residue_pair": "nt:nt"
        },
        {
            "index": 9,
            "atom1_serNum": 83,
            "atom2_serNum": 633,
            "donAcc_type": "standard",
            "distance": 2.93,
            "atom1_id": "///A/3/O2",
            "atom2_id": "///A/20/N1",
            "atom_pair": "O:N",
            "residue_pair": "nt:nt"
        },
        {
            "index": 10,
            "atom1_serNum": 84,
            "atom2_serNum": 633,
            "donAcc_type": "standard",
            "distance": 2.917,
            "atom1_id": "///A/3/N3",
            "atom2_id": "///A/20/N1",
            "atom_pair": "N:N",
            "residue_pair": "nt:nt"
        },
        {
            "index": 11,
            "atom1_serNum": 86,
            "atom2_serNum": 636,
            "donAcc_type": "standard",
            "distance": 3.011,
            "atom1_id": "///A/3/N4",
            "atom2_id": "///A/20/O6",
            "atom_pair": "N:O",
            "residue_pair": "nt:nt"
        },
        {
            "index": 12,
            "atom1_serNum": 114,
            "atom2_serNum": 596,
            "donAcc_type": "standard",
            "distance": 2.773,
            "atom1_id": "///A/4/O2",
            "atom2_id": "///A/19/N2",
            "atom_pair": "O:N",
            "residue_pair": "nt:nt"
        },
        {
            "index": 13,
            "atom1_serNum": 115,
            "atom2_serNum": 599,
            "donAcc_type": "standard",
            "distance": 2.93,
            "atom1_id": "///A/4/N3",
            "atom2_id": "///A/19/N1",
            "atom_pair": "N:N",
            "residue_pair": "nt:nt"
        },
        {
            "index": 14,
            "atom1_serNum": 117,
            "atom2_serNum": 602,
            "donAcc_type": "standard",
            "distance": 2.965,
            "atom1_id": "///A/4/N4",
            "atom2_id": "///A/19/O6",
            "atom_pair": "N:O",
            "residue_pair": "nt:nt"
        },
        {
            "index": 15,
            "atom1_serNum": 146,
            "atom2_serNum": 564,
            "donAcc_type": "standard",
            "distance": 2.691,
            "atom1_id": "///A/5/N3",
            "atom2_id": "///A/18/N1",
            "atom_pair": "N:N",
            "residue_pair": "nt:nt"
        },
        {
            "index": 16,
            "atom1_serNum": 149,
            "atom2_serNum": 566,
            "donAcc_type": "standard",
            "distance": 2.836,
            "atom1_id": "///A/5/O4",
            "atom2_id": "///A/18/N6",
            "atom_pair": "O:N",
            "residue_pair": "nt:nt"
        },
        {
            "index": 17,
            "atom1_serNum": 154,
            "atom2_serNum": 168,
            "donAcc_type": "acceptable",
            "distance": 3.292,
            "atom1_id": "///A/5/O2'",
            "atom2_id": "///A/6/O4'",
            "atom_pair": "O:O",
            "residue_pair": "nt:nt"
        },
        {
            "index": 18,
            "atom1_serNum": 176,
            "atom2_serNum": 531,
            "donAcc_type": "standard",
            "distance": 2.694,
            "atom1_id": "///A/6/N3",
            "atom2_id": "///A/17/N1",
            "atom_pair": "N:N",
            "residue_pair": "nt:nt"
        },
        {
            "index": 19,
            "atom1_serNum": 179,
            "atom2_serNum": 533,
            "donAcc_type": "standard",
            "distance": 2.761,
            "atom1_id": "///A/6/O4",
            "atom2_id": "///A/17/N6",
            "atom_pair": "O:N",
            "residue_pair": "nt:nt"
        },
        {
            "index": 20,
            "atom1_serNum": 205,
            "atom2_serNum": 496,
            "donAcc_type": "standard",
            "distance": 2.758,
            "atom1_id": "///A/7/O2",
            "atom2_id": "///A/16/N2",
            "atom_pair": "O:N",
            "residue_pair": "nt:nt"
        },
        {
            "index": 21,
            "atom1_serNum": 205,
            "atom2_serNum": 499,
            "donAcc_type": "standard",
            "distance": 3.032,
            "atom1_id": "///A/7/O2",
            "atom2_id": "///A/16/N1",
            "atom_pair": "O:N",
            "residue_pair": "nt:nt"
        },
        {
            "index": 22,
            "atom1_serNum": 206,
            "atom2_serNum": 499,
            "donAcc_type": "standard",
            "distance": 2.926,
            "atom1_id": "///A/7/N3",
            "atom2_id": "///A/16/N1",
            "atom_pair": "N:N",
            "residue_pair": "nt:nt"
        },
        {
            "index": 23,
            "atom1_serNum": 208,
            "atom2_serNum": 502,
            "donAcc_type": "standard",
            "distance": 2.972,
            "atom1_id": "///A/7/N4",
            "atom2_id": "///A/16/O6",
            "atom_pair": "N:O",
            "residue_pair": "nt:nt"
        },
        {
            "index": 24,
            "atom1_serNum": 236,
            "atom2_serNum": 462,
            "donAcc_type": "standard",
            "distance": 2.685,
            "atom1_id": "///A/8/O2",
            "atom2_id": "///A/15/N2",
            "atom_pair": "O:N",
            "residue_pair": "nt:nt"
        },
        {
            "index": 25,
            "atom1_serNum": 236,
            "atom2_serNum": 465,
            "donAcc_type": "standard",
            "distance": 2.987,
            "atom1_id": "///A/8/O2",
            "atom2_id": "///A/15/N1",
            "atom_pair": "O:N",
            "residue_pair": "nt:nt"
        },
        {
            "index": 26,
            "atom1_serNum": 237,
            "atom2_serNum": 465,
            "donAcc_type": "standard",
            "distance": 2.906,
            "atom1_id": "///A/8/N3",
            "atom2_id": "///A/15/N1",
            "atom_pair": "N:N",
            "residue_pair": "nt:nt"
        },
        {
            "index": 27,
            "atom1_serNum": 239,
            "atom2_serNum": 468,
            "donAcc_type": "standard",
            "distance": 3.008,
            "atom1_id": "///A/8/N4",
            "atom2_id": "///A/15/O6",
            "atom_pair": "N:O",
            "residue_pair": "nt:nt"
        },
        {
            "index": 28,
            "atom1_serNum": 267,
            "atom2_serNum": 428,
            "donAcc_type": "standard",
            "distance": 2.698,
            "atom1_id": "///A/9/O2",
            "atom2_id": "///A/14/N2",
            "atom_pair": "O:N",
            "residue_pair": "nt:nt"
        },
        {
            "index": 29,
            "atom1_serNum": 268,
            "atom2_serNum": 431,
            "donAcc_type": "standard",
            "distance": 2.837,
            "atom1_id": "///A/9/N3",
            "atom2_id": "///A/14/N1",
            "atom_pair": "N:N",
            "residue_pair": "nt:nt"
        },
        {
            "index": 30,
            "atom1_serNum": 270,
            "atom2_serNum": 434,
            "donAcc_type": "standard",
            "distance": 2.887,
            "atom1_id": "///A/9/N4",
            "atom2_id": "///A/14/O6",
            "atom_pair": "N:O",
            "residue_pair": "nt:nt"
        },
        {
            "index": 31,
            "atom1_serNum": 296,
            "atom2_serNum": 398,
            "donAcc_type": "standard",
            "distance": 3.052,
            "atom1_id": "///A/10/N3",
            "atom2_id": "///A/13/N6",
            "atom_pair": "N:N",
            "residue_pair": "nt:nt"
        },
        {
            "index": 32,
            "atom1_serNum": 310,
            "atom2_serNum": 365,
            "donAcc_type": "acceptable",
            "distance": 2.692,
            "atom1_id": "///A/10/O2'",
            "atom2_id": "///A/12/N6",
            "atom_pair": "O:N",
            "residue_pair": "nt:nt"
        },
        {
            "index": 33,
            "atom1_serNum": 310,
            "atom2_serNum": 369,
            "donAcc_type": "acceptable",
            "distance": 2.977,
            "atom1_id": "///A/10/O2'",
            "atom2_id": "///A/12/N7",
            "atom_pair": "O:N",
            "residue_pair": "nt:nt"
        }
    ],
    "refCoords": {
        "purine": [
            "   12 ATOMS,    12 BONDS",
            "    1 N      -2.2500   5.0000   0.2500",
            "    2 N      -2.2500   0.5000   0.2500",
            "    3 N      -2.2500   0.5000  -0.2500",
            "    4 N      -2.2500   5.0000  -0.2500",
            "    5 C       2.2500   5.0000   0.2500",
            "    6 C       2.2500   0.5000   0.2500",
            "    7 C       2.2500   0.5000  -0.2500",
            "    8 C       2.2500   5.0000  -0.2500",
            "    9 C      -2.2500   5.0000   0.2500",
            "   10 C      -2.2500   0.5000   0.2500",
            "   11 C      -2.2500   0.5000  -0.2500",
            "   12 C      -2.2500   5.0000  -0.2500",
            "    1     1     2",
            "    2     2     3",
            "    3     3     4",
            "    4     4     1",
            "    5     5     6",
            "    6     6     7",
            "    7     7     8",
            "    8     5     8",
            "    9     9     5",
            "   10    10     6",
            "   11    11     7",
            "   12    12     8"
        ],
        "pyrimidine": [
            "   12 ATOMS,    12 BONDS",
            "    1 N      -2.2500   5.0000   0.2500",
            "    2 N      -2.2500   2.0000   0.2500",
            "    3 N      -2.2500   2.0000  -0.2500",
            "    4 N      -2.2500   5.0000  -0.2500",
            "    5 C       2.2500   5.0000   0.2500",
            "    6 C       2.2500   2.0000   0.2500",
            "    7 C       2.2500   2.0000  -0.2500",
            "    8 C       2.2500   5.0000  -0.2500",
            "    9 C      -2.2500   5.0000   0.2500",
            "   10 C      -2.2500   2.0000   0.2500",
            "   11 C      -2.2500   2.0000  -0.2500",
            "   12 C      -2.2500   5.0000  -0.2500",
            "    1     1     2",
            "    2     2     3",
            "    3     3     4",
            "    4     4     1",
            "    5     5     6",
            "    6     6     7",
            "    7     7     8",
            "    8     5     8",
            "    9     9     5",
            "   10    10     6",
            "   11    11     7",
            "   12    12     8"
        ],
        "wc_pair": [
            "   12 ATOMS,    12 BONDS",
            "    1 N      -2.2500   5.0000   0.2500",
            "    2 N      -2.2500  -5.0000   0.2500",
            "    3 N      -2.2500  -5.0000  -0.2500",
            "    4 N      -2.2500   5.0000  -0.2500",
            "    5 C       2.2500   5.0000   0.2500",
            "    6 C       2.2500  -5.0000   0.2500",
            "    7 C       2.2500  -5.0000  -0.2500",
            "    8 C       2.2500   5.0000  -0.2500",
            "    9 C      -2.2500   5.0000   0.2500",
            "   10 C      -2.2500  -5.0000   0.2500",
            "   11 C      -2.2500  -5.0000  -0.2500",
            "   12 C      -2.2500   5.0000  -0.2500",
            "    1     1     2",
            "    2     2     3",
            "    3     3     4",
            "    4     4     1",
            "    5     5     6",
            "    6     6     7",
            "    7     7     8",
            "    8     5     8",
            "    9     9     5",
            "   10    10     6",
            "   11    11     7",
            "   12    12     8"
        ]
    },
    "metadata": {
        "version": "DSSR v2.4.2-2023may01 by xiangjun@x3dna.org",
        "license": "http://innovation.columbia.edu/technologies/CU20391",
        "url": "http://x3dna.org/",
        "url_alt": "http://home.x3dna.org/",
        "forum": "http://forum.x3dna.org/",
        "citation": "Lu et al. (2015). 'DSSR: an integrated software tool for dissecting the spatial structure of RNA.' Nucleic Acids Res., 43(21):e142 [doi:10.1093/nar/gkv716].",
        "command": "x3dna-dssr -i=skmatic.pdb --json --symmetry -o=dssr-derived.json",
        "input_file": "skmatic.pdb",
        "str_id": "skmatic",
        "num_naChains": 1,
        "naChains": "A=22",
        "num_atoms": 710,
        "num_waters": 0,
        "num_notes": 52,
        "notes": [
            {
                "Aminors": "A-minor interactions (including types I and II)"
            },
            {
                "Cstem_index": "stem index of the 'Canonical' helix in k-turn"
            },
            {
                "Cstem_pair": "Cstem bp delineating the k-turn internal loop"
            },
            {
                "Dp": "perpendicular distance of the 3' P atom to the glycosidic bond"
            },
            {
                "GA_pair": "sheared G-A pair in k-turn"
            },
            {
                "HtypePknot": "H-type pseudoknot"
            },
            {
                "Kturn": "kink-turn (k-turn)"
            },
            {
                "LW": "Leontis-Westhof"
            },
            {
                "NCstem_index": "stem index of the 'Non-Canonical' helix in k-turn"
            },
            {
                "NCstem_pair": "NCstem bp delineating the k-turn internal loop"
            },
            {
                "Uturn": "U-turn of the UNR- or GNRA-type"
            },
            {
                "aa": "amino acid"
            },
            {
                "atom_pair": "symbols of the two atoms involved in an H-bond"
            },
            {
                "auxfiles": "auxiliary files"
            },
            {
                "glyco_bond": "conformation of base related to sugar (syn or anti)"
            },
            {
                "bb_type": "backbone conformation, BI or BII"
            },
            {
                "bending_angle": "angle between two helical axes"
            },
            {
                "bp": "base pair"
            },
            {
                "bseq": "base sequence in one-letter code"
            },
            {
                "bulge": "bulge loop"
            },
            {
                "coaxStacks": "coaxial stacking of stems within a helix"
            },
            {
                "dbn": "dot bracket notation"
            },
            {
                "desc": "description"
            },
            {
                "donAcc_type": "donor/acceptor type of the atom pair in an H-bond"
            },
            {
                "epsilon_zeta": "difference between epsilon and zeta torsion angles"
            },
            {
                "hairpin": "hairpin loop"
            },
            {
                "hbond": "hydrogen bond (H-bond)"
            },
            {
                "helix": "defined by base-stacking interactions, regardless of bp type and backbone connectivity"
            },
            {
                "id": "identifier"
            },
            {
                "iloop": "internal loop"
            },
            {
                "index": "serial number"
            },
            {
                "isoCanonPairs": "isolated canonical pairs"
            },
            {
                "junction": "(multi-branched) junction loop"
            },
            {
                "kissingLoop": "kissing loop"
            },
            {
                "multiplet": "3+ bases in a coplanar geometry"
            },
            {
                "na": "nucleic acid"
            },
            {
                "nonPair": "two nts not forming a pair, but with H-bonding/stacking interactions"
            },
            {
                "nonStack": "nucleotide not involved in stacking interactions"
            },
            {
                "nt": "nucleotide"
            },
            {
                "num": "number"
            },
            {
                "oArea": "overlap areas between two bases, including exocyclic atoms"
            },
            {
                "oArea_ring": "overlap areas between two bases, including only ring atoms"
            },
            {
                "phosContacts": "H-bonding and atom-capping interactions involving a phosphate"
            },
            {
                "residue_pair": "types of the two residues involved in an H-bond"
            },
            {
                "rmsd": "root-mean-squares deviation"
            },
            {
                "serNum": "serial number"
            },
            {
                "ssSegments": "single-stranded segments not involved in loops"
            },
            {
                "ssZp": "Z-coordinate of the 3' phosphorus atom with reference to the 5' base plane"
            },
            {
                "sstr": "secondary structure in dbn"
            },
            {
                "stem": "helix consisting of only canonical pairs, with a continuous backbone"
            },
            {
                "str_id": "structure identifier, derived from inpfile with extension removed"
            },
            {
                "vert_dist": "vertical distance from an atom to a base plane"
            }
        ],
        "num_auxfiles": 11,
        "auxfiles": [
            {
                "index": 1,
                "name": "dssr-pairs.pdb",
                "desc": "an ensemble of base pairs"
            },
            {
                "index": 2,
                "name": "dssr-stems.pdb",
                "desc": "an ensemble of stems"
            },
            {
                "index": 3,
                "name": "dssr-helices.pdb",
                "desc": "an ensemble of helices (coaxial stacking)"
            },
            {
                "index": 4,
                "name": "dssr-hairpins.pdb",
                "desc": "an ensemble of hairpin loops"
            },
            {
                "index": 5,
                "name": "dssr-2ndstrs.bpseq",
                "desc": "secondary structure in bpseq format"
            },
            {
                "index": 6,
                "name": "dssr-2ndstrs.ct",
                "desc": "secondary structure in connectivity table format"
            },
            {
                "index": 7,
                "name": "dssr-2ndstrs.dbn",
                "desc": "secondary structure in dot-bracket notation"
            },
            {
                "index": 8,
                "name": "dssr-torsions.txt",
                "desc": "backbone torsion angles and suite names"
            },
            {
                "index": 9,
                "name": "dssr-splays.pdb",
                "desc": "an ensemble of splayed-apart units"
            },
            {
                "index": 10,
                "name": "dssr-stacks.pdb",
                "desc": "an ensemble of base stacks"
            },
            {
                "index": 11,
                "name": "dssr-atom2bases.pdb",
                "desc": "an ensemble of atom-base stacking interactions"
            }
        ],
        "time_used": "999"
    }
}