{
    "num_pairs": 8,
    "pairs": [
        {
            "index": 1,
            "source": "2tob.A.1",
            "target": "2tob.A.20",
            "bp": "A-U",
            "name": "WC",
            "Saenger": "20-XX",
            "LW": "cWW",
            "DSSR": "cW-W"
        },
        {
            "index": 2,
            "source": "2tob.A.2",
            "target": "2tob.A.19",
            "bp": "C-G",
            "name": "WC",
            "Saenger": "19-XIX",
            "LW": "cWW",
            "DSSR": "cW-W"
        },
        {
            "index": 3,
            "source": "2tob.A.3",
            "target": "2tob.A.18",
            "bp": "U-A",
            "name": "WC",
            "Saenger": "20-XX",
            "LW": "cWW",
            "DSSR": "cW-W"
        },
        {
            "index": 4,
            "source": "2tob.A.4",
            "target": "2tob.A.17",
            "bp": "U-G",
            "name": "Wobble",
            "Saenger": "28-XXVIII",
            "LW": "cWW",
            "DSSR": "cW-W"
        },
        {
            "index": 5,
            "source": "2tob.A.6",
            "target": "2tob.A.15",
            "bp": "G-A",
            "name": "Imino",
            "Saenger": "08-VIII",
            "LW": "cWW",
            "DSSR": "cW-W"
        },
        {
            "index": 6,
            "source": "2tob.A.6",
            "target": "2tob.A.16",
            "bp": "G-U",
            "name": "--",
            "Saenger": "--",
            "LW": "cWW",
            "DSSR": "cW-W"
        },
        {
            "index": 7,
            "source": "2tob.A.7",
            "target": "2tob.A.14",
            "bp": "U-A",
            "name": "WC",
            "Saenger": "20-XX",
            "LW": "cWW",
            "DSSR": "cW-W"
        },
        {
            "index": 8,
            "source": "2tob.A.8",
            "target": "2tob.A.13",
            "bp": "U-U",
            "name": "--",
            "Saenger": "16-XVI",
            "LW": "cWW",
            "DSSR": "cW-W"
        }
    ],
    "num_helices": 1,
    "helices": [
        {
            "index": 1,
            "num_stems": 1,
            "strand1": "ACUUGUU",
            "strand2": "UGAGAAU",
            "bp_type": "||||.|.",
            "helix_form": ".A.x..",
            "num_pairs": 7,
            "pairs": [
                {
                    "index": 1,
                    "source": "2tob.A.1",
                    "target": "2tob.A.20",
                    "bp": "A-U",
                    "name": "WC",
                    "Saenger": "20-XX",
                    "LW": "cWW",
                    "DSSR": "cW-W"
                },
                {
                    "index": 2,
                    "source": "2tob.A.2",
                    "target": "2tob.A.19",
                    "bp": "C-G",
                    "name": "WC",
                    "Saenger": "19-XIX",
                    "LW": "cWW",
                    "DSSR": "cW-W"
                },
                {
                    "index": 3,
                    "source": "2tob.A.3",
                    "target": "2tob.A.18",
                    "bp": "U-A",
                    "name": "WC",
                    "Saenger": "20-XX",
                    "LW": "cWW",
                    "DSSR": "cW-W"
                },
                {
                    "index": 4,
                    "source": "2tob.A.4",
                    "target": "2tob.A.17",
                    "bp": "U-G",
                    "name": "Wobble",
                    "Saenger": "28-XXVIII",
                    "LW": "cWW",
                    "DSSR": "cW-W"
                },
                {
                    "index": 5,
                    "source": "2tob.A.6",
                    "target": "2tob.A.15",
                    "bp": "G-A",
                    "name": "Imino",
                    "Saenger": "08-VIII",
                    "LW": "cWW",
                    "DSSR": "cW-W"
                },
                {
                    "index": 6,
                    "source": "2tob.A.7",
                    "target": "2tob.A.14",
                    "bp": "U-A",
                    "name": "WC",
                    "Saenger": "20-XX",
                    "LW": "cWW",
                    "DSSR": "cW-W"
                },
                {
                    "index": 7,
                    "source": "2tob.A.8",
                    "target": "2tob.A.13",
                    "bp": "U-U",
                    "name": "--",
                    "Saenger": "16-XVI",
                    "LW": "cWW",
                    "DSSR": "cW-W"
                }
            ]
        }
    ],
    "num_stems": 1,
    "stems": [
        {
            "index": 1,
            "helix_index": 1,
            "strand1": "ACUU",
            "strand2": "UGAG",
            "bp_type": "||||",
            "helix_form": ".A.",
            "num_pairs": 4,
            "pairs": [
                {
                    "index": 1,
                    "source": "2tob.A.1",
                    "target": "2tob.A.20",
                    "bp": "A-U",
                    "name": "WC",
                    "Saenger": "20-XX",
                    "LW": "cWW",
                    "DSSR": "cW-W"
                },
                {
                    "index": 2,
                    "source": "2tob.A.2",
                    "target": "2tob.A.19",
                    "bp": "C-G",
                    "name": "WC",
                    "Saenger": "19-XIX",
                    "LW": "cWW",
                    "DSSR": "cW-W"
                },
                {
                    "index": 3,
                    "source": "2tob.A.3",
                    "target": "2tob.A.18",
                    "bp": "U-A",
                    "name": "WC",
                    "Saenger": "20-XX",
                    "LW": "cWW",
                    "DSSR": "cW-W"
                },
                {
                    "index": 4,
                    "source": "2tob.A.4",
                    "target": "2tob.A.17",
                    "bp": "U-G",
                    "name": "Wobble",
                    "Saenger": "28-XXVIII",
                    "LW": "cWW",
                    "DSSR": "cW-W"
                }
            ]
        }
    ],
    "num_isoCanonPairs": 1,
    "isoCanonPairs": [
        {
            "index": -1,
            "helix_index": 1,
            "source": "2tob.A.7",
            "target": "2tob.A.14",
            "bp": "U-A",
            "name": "WC",
            "Saenger": "20-XX",
            "LW": "cWW",
            "DSSR": "cW-W"
        }
    ],
    "num_stacks": 3,
    "stacks": [
        {
            "index": 1,
            "num_nts": 2,
            "nts_short": "AG",
            "nts_long": "///A/10,///A/11"
        },
        {
            "index": 2,
            "num_nts": 4,
            "nts_short": "UAAU",
            "nts_long": "///A/13,///A/14,///A/15,///A/16"
        },
        {
            "index": 3,
            "num_nts": 6,
            "nts_short": "UUUGGG",
            "nts_long": "///A/9,///A/8,///A/7,///A/6,///A/5,///A/17"
        }
    ],
    "nonStack": {
        "num_nts": 1,
        "nts_short": "G",
        "nts_long": "///A/12"
    },
    "num_atom2bases": 2,
    "atom2bases": [
        {
            "index": 1,
            "type": "phosphate",
            "atom": "///A/11/OP2",
            "nt": "///A/9",
            "vert_dist": 2.92
        },
        {
            "index": 2,
            "type": "sugar",
            "atom": "///A/13/O4'",
            "nt": "///A/11",
            "vert_dist": 2.747
        }
    ],
    "num_hairpins": 1,
    "hairpins": [
        {
            "index": 1,
            "type": "hairpin loop",
            "bridging_nts": [
                6
            ],
            "stem_indices": [
                -1
            ],
            "summary": "[1] 6 [A.7 A.14] 1",
            "num_nts": 8,
            "nts_short": "UUUAGGUA",
            "nts_long": "///A/7,///A/8,///A/9,///A/10,///A/11,///A/12,///A/13,///A/14",
            "num_stems": 1,
            "bridges": [
                {
                    "index": 1,
                    "num_nts": 6,
                    "nts_short": "UUAGGU",
                    "nts_long": "///A/8,///A/9,///A/10,///A/11,///A/12,///A/13"
                }
            ]
        }
    ],
    "num_iloops": 1,
    "iloops": [
        {
            "index": 1,
            "type": "symmetric internal loop",
            "bridging_nts": [
                2,
                2
            ],
            "stem_indices": [
                1,
                -1
            ],
            "summary": "[2] 2 2 [A.4 A.17 A.7 A.14] 4 1",
            "num_nts": 8,
            "nts_short": "UGGUAAUG",
            "nts_long": "///A/4,///A/5,///A/6,///A/7,///A/14,///A/15,///A/16,///A/17",
            "num_stems": 2,
            "bridges": [
                {
                    "index": 1,
                    "num_nts": 2,
                    "nts_short": "GG",
                    "nts_long": "///A/5,///A/6"
                },
                {
                    "index": 2,
                    "num_nts": 2,
                    "nts_short": "AU",
                    "nts_long": "///A/15,///A/16"
                }
            ]
        }
    ],
    "num_splayUnits": 1,
    "splayUnits": [
        {
            "index": 1,
            "num_nts": 3,
            "nts_short": "GGU",
            "nts_long": "///A/11,///A/12,///A/13"
        }
    ],
    "dbn": {
        "all_chains": {
            "num_nts": 20,
            "num_chars": 20,
            "bseq": "ACUUGGUUUAGGUAAUGAGU",
            "sstr": "((((..(......)..))))",
            "form": ".AA.AA.A....AA..AAA-"
        },
        "m1_chain_A": {
            "num_nts": 20,
            "num_chars": 20,
            "bseq": "ACUUGGUUUAGGUAAUGAGU",
            "sstr": "((((..(......)..))))",
            "form": ".AA.AA.A....AA..AAA-"
        }
    },
    "chains": {
        "m1_chain_A": {
            "num_nts": 20,
            "bseq": "ACUUGGUUUAGGUAAUGAGU",
            "sstr": "((((..(......)..))))",
            "form": ".AA.AA.A....AA..AAA-",
            "helical_rise": 0.195,
            "helical_rise_std": 2.058,
            "helical_axis": [
                0.524,
                0.372,
                0.766
            ],
            "point1": [
                15.08,
                -6.154,
                -3.762
            ],
            "point2": [
                17.207,
                -4.647,
                -0.656
            ],
            "num_chars": 58,
            "suite": "A!!C1aU1aU&aG!!G1aU1aU1aU1gA1aG!!G!!U1aA1aA1aU1aG1aA1aG1aU"
        }
    },
    "num_nts": 20,
    "nts": [
        {
            "index": 1,
            "index_chain": 1,
            "chain_name": "A",
            "nt_resnum": 1,
            "nt_name": "A",
            "nt_code": "A",
            "nt_id": "///A/1",
            "linked_nts": [
                null,
                "///A/2"
            ],
            "nt_type": "RNA",
            "dbn": "(",
            "summary": "anti,~C3'-endo,canonical,non-pair-contact,helix-end,stem-end",
            "alpha": null,
            "beta": null,
            "gamma": 168.541,
            "delta": 85.003,
            "epsilon": -149.669,
            "zeta": -10.397,
            "epsilon_zeta": -139.272,
            "bb_type": "--",
            "chi": -152.749,
            "glyco_bond": "anti",
            "C5prime_xyz": [
                -1.438,
                8.752,
                0.069
            ],
            "P_xyz": [
                null,
                null,
                null
            ],
            "form": ".",
            "ssZp": 4.124,
            "Dp": 4.521,
            "splay_angle": 20.344,
            "splay_distance": 3.601,
            "splay_ratio": 0.184,
            "eta": null,
            "theta": null,
            "eta_prime": null,
            "theta_prime": null,
            "eta_base": null,
            "theta_base": null,
            "v0": 0.5,
            "v1": -22.194,
            "v2": 34.162,
            "v3": -34.943,
            "v4": 21.709,
            "amplitude": 35.9,
            "phase_angle": 17.899,
            "puckering": "C3'-endo",
            "sugar_class": "~C3'-endo",
            "bin": "inc",
            "cluster": "__",
            "suiteness": 0,
            "filter_rmsd": 0.037,
            "frame": {
                "rmsd": 0.002,
                "origin": [
                    2.596,
                    -6.131,
                    6.118
                ],
                "x_axis": [
                    0.373,
                    -0.772,
                    -0.515
                ],
                "y_axis": [
                    0.016,
                    0.561,
                    -0.828
                ],
                "z_axis": [
                    0.928,
                    0.3,
                    0.222
                ],
                "quaternion": [
                    0.734,
                    -0.384,
                    0.492,
                    -0.269
                ]
            }
        },
        {
            "index": 2,
            "index_chain": 2,
            "chain_name": "A",
            "nt_resnum": 2,
            "nt_name": "C",
            "nt_code": "C",
            "nt_id": "///A/2",
            "linked_nts": [
                "///A/1",
                "///A/3"
            ],
            "nt_type": "RNA",
            "dbn": "(",
            "summary": "anti,~C3'-endo,BI,canonical,non-pair-contact,helix,stem",
            "alpha": -145.053,
            "beta": 86.311,
            "gamma": 158.763,
            "delta": 90.081,
            "epsilon": -146.464,
            "zeta": -69.225,
            "epsilon_zeta": -77.239,
            "bb_type": "BI",
            "chi": -175.003,
            "glyco_bond": "anti",
            "C5prime_xyz": [
                -0.9,
                8.186,
                1.481
            ],
            "P_xyz": [
                -0.892,
                10.258,
                -0.142
            ],
            "form": "A",
            "ssZp": 4.704,
            "Dp": 4.69,
            "splay_angle": 23.378,
            "splay_distance": 3.606,
            "splay_ratio": 0.206,
            "eta": 168.075,
            "theta": 163.564,
            "eta_prime": 175.77,
            "theta_prime": -177.324,
            "eta_base": -142.267,
            "theta_base": -145.428,
            "v0": 16.021,
            "v1": -33.761,
            "v2": 37.777,
            "v3": -29.596,
            "v4": 8.674,
            "amplitude": 37.961,
            "phase_angle": 354.345,
            "puckering": "C2'-exo",
            "sugar_class": "~C3'-endo",
            "bin": "trig",
            "cluster": "!!",
            "suiteness": 0,
            "filter_rmsd": 0.062,
            "frame": {
                "rmsd": 0.001,
                "origin": [
                    5.882,
                    -7.444,
                    6.787
                ],
                "x_axis": [
                    0.15,
                    -0.522,
                    -0.84
                ],
                "y_axis": [
                    -0.014,
                    0.848,
                    -0.529
                ],
                "z_axis": [
                    0.989,
                    0.091,
                    0.12
                ],
                "quaternion": [
                    0.728,
                    -0.213,
                    0.628,
                    -0.175
                ]
            }
        },
        {
            "index": 3,
            "index_chain": 3,
            "chain_name": "A",
            "nt_resnum": 3,
            "nt_name": "U",
            "nt_code": "U",
            "nt_id": "///A/3",
            "linked_nts": [
                "///A/2",
                "///A/4"
            ],
            "nt_type": "RNA",
            "dbn": "(",
            "summary": "anti,~C3'-endo,BI,canonical,non-pair-contact,helix,stem",
            "alpha": -62.181,
            "beta": 179.718,
            "gamma": 49.628,
            "delta": 85.025,
            "epsilon": -148.435,
            "zeta": -66.349,
            "epsilon_zeta": -82.086,
            "bb_type": "BI",
            "chi": -160.841,
            "glyco_bond": "anti",
            "C5prime_xyz": [
                -1.286,
                8.649,
                0.599
            ],
            "P_xyz": [
                1.285,
                8.929,
                1.075
            ],
            "form": "A",
            "ssZp": 4.423,
            "Dp": 4.609,
            "splay_angle": 23.29,
            "splay_distance": 3.644,
            "splay_ratio": 0.202,
            "eta": 171.574,
            "theta": -135.417,
            "eta_prime": -172.363,
            "theta_prime": -132.633,
            "eta_base": -133.688,
            "theta_base": -90.76,
            "v0": 5.483,
            "v1": -26.88,
            "v2": 36.869,
            "v3": -34.785,
            "v4": 18.504,
            "amplitude": 37.491,
            "phase_angle": 10.449,
            "puckering": "C3'-endo",
            "sugar_class": "~C3'-endo",
            "bin": "33p",
            "cluster": "1a",
            "suiteness": 0.763,
            "filter_rmsd": 0.103,
            "frame": {
                "rmsd": 0.003,
                "origin": [
                    9.045,
                    -9.066,
                    7.395
                ],
                "x_axis": [
                    0.121,
                    0.06,
                    -0.991
                ],
                "y_axis": [
                    -0.034,
                    0.998,
                    0.056
                ],
                "z_axis": [
                    0.992,
                    0.027,
                    0.123
                ],
                "quaternion": [
                    0.749,
                    0.01,
                    0.662,
                    0.031
                ]
            }
        },
        {
            "index": 4,
            "index_chain": 4,
            "chain_name": "A",
            "nt_resnum": 4,
            "nt_name": "U",
            "nt_code": "U",
            "nt_id": "///A/4",
            "linked_nts": [
                "///A/3",
                "///A/5"
            ],
            "nt_type": "RNA",
            "dbn": "(",
            "summary": "anti,~C3'-endo,BI,canonical,non-pair-contact,helix,stem-end,internal-loop",
            "alpha": -70.621,
            "beta": 171.052,
            "gamma": 59.539,
            "delta": 85.178,
            "epsilon": -169.657,
            "zeta": -89.117,
            "epsilon_zeta": -80.54,
            "bb_type": "BI",
            "chi": -155.989,
            "glyco_bond": "anti",
            "C5prime_xyz": [
                -1.357,
                8.717,
                0.303
            ],
            "P_xyz": [
                1.257,
                9.003,
                0.199
            ],
            "form": ".",
            "ssZp": 4.27,
            "Dp": 4.406,
            "splay_angle": 33.241,
            "splay_distance": 5.167,
            "splay_ratio": 0.286,
            "eta": 162.901,
            "theta": -171.854,
            "eta_prime": -173.555,
            "theta_prime": -173.057,
            "eta_base": -112.363,
            "theta_base": -175.865,
            "v0": 2.952,
            "v1": -24.385,
            "v2": 35.313,
            "v3": -34.697,
            "v4": 20.038,
            "amplitude": 36.418,
            "phase_angle": 14.149,
            "puckering": "C3'-endo",
            "sugar_class": "~C3'-endo",
            "bin": "33p",
            "cluster": "1a",
            "suiteness": 0.874,
            "filter_rmsd": 0.103,
            "frame": {
                "rmsd": 0.003,
                "origin": [
                    12.238,
                    -9.061,
                    5.639
                ],
                "x_axis": [
                    -0.005,
                    0.722,
                    -0.691
                ],
                "y_axis": [
                    0.045,
                    0.691,
                    0.722
                ],
                "z_axis": [
                    0.999,
                    -0.027,
                    -0.036
                ],
                "quaternion": [
                    0.642,
                    0.291,
                    0.658,
                    0.264
                ]
            }
        },
        {
            "index": 5,
            "index_chain": 5,
            "chain_name": "A",
            "nt_resnum": 5,
            "nt_name": "G",
            "nt_code": "G",
            "nt_id": "///A/5",
            "linked_nts": [
                "///A/4",
                "///A/6"
            ],
            "nt_type": "RNA",
            "dbn": ".",
            "summary": "anti,~C3'-endo,non-pair-contact,internal-loop",
            "alpha": -62.242,
            "beta": -168.801,
            "gamma": 41.782,
            "delta": 85.653,
            "epsilon": -118.44,
            "zeta": -78.168,
            "epsilon_zeta": -40.271,
            "bb_type": "--",
            "chi": -145.766,
            "glyco_bond": "anti",
            "C5prime_xyz": [
                -1.071,
                8.646,
                -0.275
            ],
            "P_xyz": [
                1.508,
                8.988,
                0.114
            ],
            "form": "A",
            "ssZp": 3.675,
            "Dp": 4.771,
            "splay_angle": 22.617,
            "splay_distance": 3.736,
            "splay_ratio": 0.196,
            "eta": -175.166,
            "theta": -137.156,
            "eta_prime": 177.878,
            "theta_prime": -135.641,
            "eta_base": 172.105,
            "theta_base": -117.192,
            "v0": 8.997,
            "v1": -29.701,
            "v2": 37.98,
            "v3": -33.901,
            "v4": 15.756,
            "amplitude": 38.147,
            "phase_angle": 5.356,
            "puckering": "C3'-endo",
            "sugar_class": "~C3'-endo",
            "bin": "33p",
            "cluster": "&a",
            "suiteness": 0.783,
            "filter_rmsd": 0.002,
            "frame": {
                "rmsd": 0.002,
                "origin": [
                    15.625,
                    -12.879,
                    6.44
                ],
                "x_axis": [
                    -0.098,
                    0.824,
                    -0.559
                ],
                "y_axis": [
                    0.139,
                    0.567,
                    0.812
                ],
                "z_axis": [
                    0.985,
                    0.002,
                    -0.17
                ],
                "quaternion": [
                    0.57,
                    0.355,
                    0.677,
                    0.3
                ]
            }
        },
        {
            "index": 6,
            "index_chain": 6,
            "chain_name": "A",
            "nt_resnum": 6,
            "nt_name": "G",
            "nt_code": "G",
            "nt_id": "///A/6",
            "linked_nts": [
                "///A/5",
                "///A/7"
            ],
            "nt_type": "RNA",
            "dbn": ".",
            "summary": "anti,~C3'-endo,BI,non-canonical,non-pair-contact,helix,internal-loop",
            "alpha": -84.076,
            "beta": 115.518,
            "gamma": 109.416,
            "delta": 83.733,
            "epsilon": -150.39,
            "zeta": -57.892,
            "epsilon_zeta": -92.498,
            "bb_type": "BI",
            "chi": -178.033,
            "glyco_bond": "anti",
            "C5prime_xyz": [
                -1.605,
                8.519,
                1.542
            ],
            "P_xyz": [
                0.144,
                9.516,
                -0.156
            ],
            "form": "A",
            "ssZp": 4.537,
            "Dp": 4.544,
            "splay_angle": 27.882,
            "splay_distance": 4.383,
            "splay_ratio": 0.244,
            "eta": 162.845,
            "theta": -141.764,
            "eta_prime": -172.962,
            "theta_prime": -149.601,
            "eta_base": -137.55,
            "theta_base": -114.084,
            "v0": 1.037,
            "v1": -23.282,
            "v2": 35.404,
            "v3": -35.836,
            "v4": 21.934,
            "amplitude": 37.035,
            "phase_angle": 17.067,
            "puckering": "C3'-endo",
            "sugar_class": "~C3'-endo",
            "bin": "trig",
            "cluster": "!!",
            "suiteness": 0,
            "filter_rmsd": 0.002,
            "frame": {
                "rmsd": 0.002,
                "origin": [
                    18.908,
                    -12.128,
                    4.821
                ],
                "x_axis": [
                    -0.288,
                    0.933,
                    -0.215
                ],
                "y_axis": [
                    0.199,
                    0.278,
                    0.94
                ],
                "z_axis": [
                    0.937,
                    0.228,
                    -0.266
                ],
                "quaternion": [
                    0.426,
                    0.418,
                    0.677,
                    0.431
                ]
            }
        },
        {
            "index": 7,
            "index_chain": 7,
            "chain_name": "A",
            "nt_resnum": 7,
            "nt_name": "U",
            "nt_code": "U",
            "nt_id": "///A/7",
            "linked_nts": [
                "///A/6",
                "///A/8"
            ],
            "nt_type": "RNA",
            "dbn": "(",
            "summary": "anti,~C3'-endo,BI,isolated-canonical,non-pair-contact,helix,hairpin-loop,internal-loop",
            "alpha": -65.241,
            "beta": -166.567,
            "gamma": 36.373,
            "delta": 83.998,
            "epsilon": -147.055,
            "zeta": -62.363,
            "epsilon_zeta": -84.692,
            "bb_type": "BI",
            "chi": -160.51,
            "glyco_bond": "anti",
            "C5prime_xyz": [
                -1.284,
                8.647,
                0.596
            ],
            "P_xyz": [
                1.076,
                9.13,
                1.652
            ],
            "form": ".",
            "ssZp": 4.453,
            "Dp": 4.642,
            "splay_angle": 25.946,
            "splay_distance": 4.112,
            "splay_ratio": 0.226,
            "eta": 166.201,
            "theta": -135.066,
            "eta_prime": -177.677,
            "theta_prime": -127.479,
            "eta_base": -123.046,
            "theta_base": -80.907,
            "v0": 5.759,
            "v1": -27.652,
            "v2": 37.84,
            "v3": -35.593,
            "v4": 18.819,
            "amplitude": 38.451,
            "phase_angle": 10.222,
            "puckering": "C3'-endo",
            "sugar_class": "~C3'-endo",
            "bin": "33p",
            "cluster": "1a",
            "suiteness": 0.441,
            "filter_rmsd": 0.103,
            "frame": {
                "rmsd": 0.003,
                "origin": [
                    21.655,
                    -9.654,
                    2.467
                ],
                "x_axis": [
                    -0.146,
                    0.816,
                    0.559
                ],
                "y_axis": [
                    0.267,
                    -0.512,
                    0.817
                ],
                "z_axis": [
                    0.952,
                    0.269,
                    -0.144
                ],
                "quaternion": [
                    0.223,
                    0.614,
                    0.441,
                    0.615
                ]
            }
        },
        {
            "index": 8,
            "index_chain": 8,
            "chain_name": "A",
            "nt_resnum": 8,
            "nt_name": "U",
            "nt_code": "U",
            "nt_id": "///A/8",
            "linked_nts": [
                "///A/7",
                "///A/9"
            ],
            "nt_type": "RNA",
            "dbn": ".",
            "summary": "anti,~C3'-endo,BI,non-canonical,non-pair-contact,helix-end,hairpin-loop",
            "alpha": -61.231,
            "beta": 165.039,
            "gamma": 58.662,
            "delta": 81.793,
            "epsilon": -156.403,
            "zeta": -70.148,
            "epsilon_zeta": -86.254,
            "bb_type": "BI",
            "chi": -161.122,
            "glyco_bond": "anti",
            "C5prime_xyz": [
                -1.564,
                8.781,
                0.546
            ],
            "P_xyz": [
                1.022,
                9.251,
                0.512
            ],
            "form": "A",
            "ssZp": 4.376,
            "Dp": 4.51,
            "splay_angle": 19.15,
            "splay_distance": 3.065,
            "splay_ratio": 0.168,
            "eta": 167.466,
            "theta": -145.785,
            "eta_prime": -167.076,
            "theta_prime": -146.983,
            "eta_base": -103.156,
            "theta_base": -123.569,
            "v0": -1.292,
            "v1": -22.322,
            "v2": 36.076,
            "v3": -37.845,
            "v4": 24.645,
            "amplitude": 38.509,
            "phase_angle": 20.476,
            "puckering": "C3'-endo",
            "sugar_class": "~C3'-endo",
            "bin": "33p",
            "cluster": "1a",
            "suiteness": 0.886,
            "filter_rmsd": 0.103,
            "frame": {
                "rmsd": 0.003,
                "origin": [
                    24.019,
                    -6.485,
                    3.597
                ],
                "x_axis": [
                    0.05,
                    0.212,
                    0.976
                ],
                "y_axis": [
                    0.399,
                    -0.9,
                    0.175
                ],
                "z_axis": [
                    0.916,
                    0.38,
                    -0.129
                ],
                "quaternion": [
                    -0.071,
                    0.721,
                    0.212,
                    0.656
                ]
            }
        },
        {
            "index": 9,
            "index_chain": 9,
            "chain_name": "A",
            "nt_resnum": 9,
            "nt_name": "U",
            "nt_code": "U",
            "nt_id": "///A/9",
            "linked_nts": [
                "///A/8",
                "///A/10"
            ],
            "nt_type": "RNA",
            "dbn": ".",
            "summary": "u-turn,anti,~C3'-endo,BI,non-pair-contact,hairpin-loop,cap-acceptor",
            "alpha": -63.278,
            "beta": -173.789,
            "gamma": 40.093,
            "delta": 84.772,
            "epsilon": -158.715,
            "zeta": -63.669,
            "epsilon_zeta": -95.046,
            "bb_type": "BI",
            "chi": -142.464,
            "glyco_bond": "anti",
            "C5prime_xyz": [
                -1.29,
                8.673,
                -0.508
            ],
            "P_xyz": [
                1.259,
                9.245,
                -0.214
            ],
            "form": ".",
            "ssZp": 3.853,
            "Dp": 4.527,
            "splay_angle": 84.078,
            "splay_distance": 12.046,
            "splay_ratio": 0.67,
            "eta": 167.056,
            "theta": -125.113,
            "eta_prime": 177.862,
            "theta_prime": -167.703,
            "eta_base": -146.131,
            "theta_base": 132.065,
            "v0": 4.466,
            "v1": -25.982,
            "v2": 36.436,
            "v3": -34.936,
            "v4": 19.225,
            "amplitude": 37.242,
            "phase_angle": 11.941,
            "puckering": "C3'-endo",
            "sugar_class": "~C3'-endo",
            "bin": "33p",
            "cluster": "1a",
            "suiteness": 0.643,
            "filter_rmsd": 0.103,
            "frame": {
                "rmsd": 0.003,
                "origin": [
                    26.092,
                    -4.23,
                    3.711
                ],
                "x_axis": [
                    0.148,
                    -0.378,
                    0.914
                ],
                "y_axis": [
                    0.499,
                    -0.769,
                    -0.399
                ],
                "z_axis": [
                    0.854,
                    0.515,
                    0.075
                ],
                "quaternion": [
                    -0.337,
                    0.679,
                    0.044,
                    0.651
                ]
            }
        },
        {
            "index": 10,
            "index_chain": 10,
            "chain_name": "A",
            "nt_resnum": 10,
            "nt_name": "A",
            "nt_code": "A",
            "nt_id": "///A/10",
            "linked_nts": [
                "///A/9",
                "///A/11"
            ],
            "nt_type": "RNA",
            "dbn": ".",
            "summary": "turn,u-turn,anti,~C3'-endo,BI,non-pair-contact,hairpin-loop",
            "alpha": 161.006,
            "beta": 162.294,
            "gamma": 58.57,
            "delta": 88.66,
            "epsilon": -138.659,
            "zeta": -73.378,
            "epsilon_zeta": -65.281,
            "bb_type": "BI",
            "chi": -147.603,
            "glyco_bond": "anti",
            "C5prime_xyz": [
                -1.129,
                8.609,
                -0.158
            ],
            "P_xyz": [
                1.457,
                8.516,
                -0.627
            ],
            "form": ".",
            "ssZp": 3.947,
            "Dp": 4.633,
            "splay_angle": 22.791,
            "splay_distance": 3.648,
            "splay_ratio": 0.201,
            "eta": 31.569,
            "theta": -128.995,
            "eta_prime": 49.753,
            "theta_prime": -130.274,
            "eta_base": 26.239,
            "theta_base": -90.663,
            "v0": 7.368,
            "v1": -26.574,
            "v2": 34.548,
            "v3": -31.414,
            "v4": 15.239,
            "amplitude": 34.794,
            "phase_angle": 6.818,
            "puckering": "C3'-endo",
            "sugar_class": "~C3'-endo",
            "bin": "33p",
            "cluster": "1g",
            "suiteness": 0.735,
            "filter_rmsd": 0.038,
            "frame": {
                "rmsd": 0.001,
                "origin": [
                    29.703,
                    -2.693,
                    -7.678
                ],
                "x_axis": [
                    -0.335,
                    -0.897,
                    -0.29
                ],
                "y_axis": [
                    0.393,
                    -0.412,
                    0.822
                ],
                "z_axis": [
                    -0.857,
                    0.161,
                    0.49
                ],
                "quaternion": [
                    -0.431,
                    -0.383,
                    0.329,
                    0.748
                ]
            }
        },
        {
            "index": 11,
            "index_chain": 11,
            "chain_name": "A",
            "nt_resnum": 11,
            "nt_name": "G",
            "nt_code": "G",
            "nt_id": "///A/11",
            "linked_nts": [
                "///A/10",
                "///A/12"
            ],
            "nt_type": "RNA",
            "dbn": ".",
            "summary": "u-turn,anti,~C3'-endo,non-pair-contact,hairpin-loop,cap-donor,cap-acceptor,phosphate,splayed-apart",
            "alpha": -65.65,
            "beta": 174.568,
            "gamma": 44.724,
            "delta": 87.574,
            "epsilon": -128.882,
            "zeta": -94.095,
            "epsilon_zeta": -34.787,
            "bb_type": "--",
            "chi": -142.347,
            "glyco_bond": "anti",
            "C5prime_xyz": [
                -0.996,
                8.578,
                -0.471
            ],
            "P_xyz": [
                1.631,
                8.604,
                -0.569
            ],
            "form": ".",
            "ssZp": 3.64,
            "Dp": 4.745,
            "splay_angle": 111.407,
            "splay_distance": 17.284,
            "splay_ratio": 0.828,
            "eta": 164.281,
            "theta": -147.066,
            "eta_prime": -179.614,
            "theta_prime": -172.659,
            "eta_base": -125.973,
            "theta_base": 170.731,
            "v0": 10.603,
            "v1": -30.209,
            "v2": 37.228,
            "v3": -32.236,
            "v4": 13.72,
            "amplitude": 37.266,
            "phase_angle": 2.571,
            "puckering": "C3'-endo",
            "sugar_class": "~C3'-endo",
            "bin": "33p",
            "cluster": "1a",
            "suiteness": 0.704,
            "filter_rmsd": 0.003,
            "frame": {
                "rmsd": 0.003,
                "origin": [
                    26.933,
                    -4.616,
                    -6.287
                ],
                "x_axis": [
                    0.37,
                    -0.909,
                    0.195
                ],
                "y_axis": [
                    0.267,
                    0.305,
                    0.914
                ],
                "z_axis": [
                    -0.89,
                    -0.286,
                    0.356
                ],
                "quaternion": [
                    0.712,
                    0.421,
                    -0.381,
                    -0.413
                ]
            }
        },
        {
            "index": 12,
            "index_chain": 12,
            "chain_name": "A",
            "nt_resnum": 12,
            "nt_name": "G",
            "nt_code": "G",
            "nt_id": "///A/12",
            "linked_nts": [
                "///A/11",
                "///A/13"
            ],
            "nt_type": "RNA",
            "dbn": ".",
            "summary": "turn,u-turn,anti,~C2'-endo,non-stack,non-pair-contact,hairpin-loop,phosphate,splayed-apart",
            "alpha": -85.13,
            "beta": 166.297,
            "gamma": -88.829,
            "delta": 146.589,
            "epsilon": -143.436,
            "zeta": 83.146,
            "epsilon_zeta": 133.418,
            "bb_type": "--",
            "chi": -129.712,
            "glyco_bond": "anti",
            "C5prime_xyz": [
                -1.756,
                8.654,
                -0.632
            ],
            "P_xyz": [
                -1.407,
                11.263,
                -0.583
            ],
            "form": ".",
            "ssZp": 1.761,
            "Dp": 1.81,
            "splay_angle": 111.843,
            "splay_distance": 16.187,
            "splay_ratio": 0.828,
            "eta": 25.175,
            "theta": 45.454,
            "eta_prime": 25.001,
            "theta_prime": 45.784,
            "eta_base": -1.566,
            "theta_base": 47.921,
            "v0": -18.799,
            "v1": 34.646,
            "v2": -36.479,
            "v3": 26.751,
            "v4": -5.189,
            "amplitude": 37.142,
            "phase_angle": 169.157,
            "puckering": "C2'-endo",
            "sugar_class": "~C2'-endo",
            "bin": "32m",
            "cluster": "!!",
            "suiteness": 0,
            "filter_rmsd": 0.002,
            "frame": {
                "rmsd": 0.002,
                "origin": [
                    15.34,
                    3.819,
                    3.367
                ],
                "x_axis": [
                    0.21,
                    0.539,
                    0.816
                ],
                "y_axis": [
                    0.932,
                    -0.363,
                    0
                ],
                "z_axis": [
                    0.296,
                    0.76,
                    -0.578
                ],
                "quaternion": [
                    -0.259,
                    0.733,
                    0.501,
                    0.379
                ]
            }
        },
        {
            "index": 13,
            "index_chain": 13,
            "chain_name": "A",
            "nt_resnum": 13,
            "nt_name": "U",
            "nt_code": "U",
            "nt_id": "///A/13",
            "linked_nts": [
                "///A/12",
                "///A/14"
            ],
            "nt_type": "RNA",
            "dbn": ".",
            "summary": "anti,~C3'-endo,BI,non-canonical,non-pair-contact,helix-end,hairpin-loop,cap-donor,phosphate,splayed-apart",
            "alpha": -175.328,
            "beta": -124.884,
            "gamma": 27.122,
            "delta": 82.027,
            "epsilon": -158.26,
            "zeta": -72.255,
            "epsilon_zeta": -86.005,
            "bb_type": "BI",
            "chi": -152.707,
            "glyco_bond": "anti",
            "C5prime_xyz": [
                -1.329,
                8.734,
                0.102
            ],
            "P_xyz": [
                0.448,
                9.56,
                1.858
            ],
            "form": "A",
            "ssZp": 4.271,
            "Dp": 4.583,
            "splay_angle": 19.011,
            "splay_distance": 2.977,
            "splay_ratio": 0.165,
            "eta": 103.132,
            "theta": -161.424,
            "eta_prime": 101.311,
            "theta_prime": -151.307,
            "eta_base": 106.137,
            "theta_base": -110.238,
            "v0": 4.214,
            "v1": -27.396,
            "v2": 38.914,
            "v3": -37.569,
            "v4": 21.018,
            "amplitude": 39.889,
            "phase_angle": 12.694,
            "puckering": "C3'-endo",
            "sugar_class": "~C3'-endo",
            "bin": "23p",
            "cluster": "!!",
            "suiteness": 0,
            "filter_rmsd": 0.103,
            "frame": {
                "rmsd": 0.003,
                "origin": [
                    24.827,
                    -9.155,
                    1.444
                ],
                "x_axis": [
                    -0.13,
                    0.425,
                    0.896
                ],
                "y_axis": [
                    -0.129,
                    0.889,
                    -0.44
                ],
                "z_axis": [
                    -0.983,
                    -0.173,
                    -0.061
                ],
                "quaternion": [
                    0.651,
                    -0.103,
                    -0.721,
                    0.212
                ]
            }
        },
        {
            "index": 14,
            "index_chain": 14,
            "chain_name": "A",
            "nt_resnum": 14,
            "nt_name": "A",
            "nt_code": "A",
            "nt_id": "///A/14",
            "linked_nts": [
                "///A/13",
                "///A/15"
            ],
            "nt_type": "RNA",
            "dbn": ")",
            "summary": "anti,~C3'-endo,BI,isolated-canonical,non-pair-contact,helix,hairpin-loop,internal-loop",
            "alpha": -56.229,
            "beta": 168.077,
            "gamma": 50.219,
            "delta": 84.163,
            "epsilon": -166.128,
            "zeta": -77.33,
            "epsilon_zeta": -88.798,
            "bb_type": "BI",
            "chi": -149.531,
            "glyco_bond": "anti",
            "C5prime_xyz": [
                -1.282,
                8.713,
                -0.074
            ],
            "P_xyz": [
                1.334,
                8.949,
                -0.223
            ],
            "form": "A",
            "ssZp": 4.157,
            "Dp": 4.478,
            "splay_angle": 18.238,
            "splay_distance": 2.839,
            "splay_ratio": 0.159,
            "eta": 168.508,
            "theta": -158.174,
            "eta_prime": -174.453,
            "theta_prime": -160.574,
            "eta_base": -127.284,
            "theta_base": -149.255,
            "v0": 3.779,
            "v1": -25.778,
            "v2": 36.734,
            "v3": -35.633,
            "v4": 20.091,
            "amplitude": 37.705,
            "phase_angle": 13.032,
            "puckering": "C3'-endo",
            "sugar_class": "~C3'-endo",
            "bin": "33p",
            "cluster": "1a",
            "suiteness": 0.865,
            "filter_rmsd": 0.038,
            "frame": {
                "rmsd": 0.002,
                "origin": [
                    22.132,
                    -9.734,
                    2.569
                ],
                "x_axis": [
                    -0.155,
                    0.844,
                    0.514
                ],
                "y_axis": [
                    -0.24,
                    0.472,
                    -0.848
                ],
                "z_axis": [
                    -0.958,
                    -0.255,
                    0.129
                ],
                "quaternion": [
                    0.601,
                    -0.247,
                    -0.612,
                    0.45
                ]
            }
        },
        {
            "index": 15,
            "index_chain": 15,
            "chain_name": "A",
            "nt_resnum": 15,
            "nt_name": "A",
            "nt_code": "A",
            "nt_id": "///A/15",
            "linked_nts": [
                "///A/14",
                "///A/16"
            ],
            "nt_type": "RNA",
            "dbn": ".",
            "summary": "anti,~C3'-endo,BI,non-canonical,non-pair-contact,helix,internal-loop",
            "alpha": -79.57,
            "beta": 172.241,
            "gamma": 67.596,
            "delta": 86.629,
            "epsilon": -157.537,
            "zeta": -52.214,
            "epsilon_zeta": -105.323,
            "bb_type": "BI",
            "chi": -143.21,
            "glyco_bond": "anti",
            "C5prime_xyz": [
                -1.135,
                8.602,
                -0.436
            ],
            "P_xyz": [
                1.393,
                8.56,
                -1.163
            ],
            "form": ".",
            "ssZp": 3.926,
            "Dp": 4.563,
            "splay_angle": 21.353,
            "splay_distance": 3.482,
            "splay_ratio": 0.186,
            "eta": 167.611,
            "theta": -125.087,
            "eta_prime": 178.595,
            "theta_prime": -128.235,
            "eta_base": -157.686,
            "theta_base": -89.82,
            "v0": 7.858,
            "v1": -28.317,
            "v2": 36.877,
            "v3": -33.437,
            "v4": 16.176,
            "amplitude": 37.135,
            "phase_angle": 6.752,
            "puckering": "C3'-endo",
            "sugar_class": "~C3'-endo",
            "bin": "33p",
            "cluster": "1a",
            "suiteness": 0.493,
            "filter_rmsd": 0.038,
            "frame": {
                "rmsd": 0.001,
                "origin": [
                    19.847,
                    -11.263,
                    3.274
                ],
                "x_axis": [
                    -0.313,
                    0.937,
                    0.156
                ],
                "y_axis": [
                    -0.426,
                    0.008,
                    -0.904
                ],
                "z_axis": [
                    -0.849,
                    -0.35,
                    0.397
                ],
                "quaternion": [
                    0.523,
                    -0.265,
                    -0.481,
                    0.652
                ]
            }
        },
        {
            "index": 16,
            "index_chain": 16,
            "chain_name": "A",
            "nt_resnum": 16,
            "nt_name": "U",
            "nt_code": "U",
            "nt_id": "///A/16",
            "linked_nts": [
                "///A/15",
                "///A/17"
            ],
            "nt_type": "RNA",
            "dbn": ".",
            "summary": "anti,~C3'-endo,BI,non-canonical,non-pair-contact,internal-loop",
            "alpha": -71.179,
            "beta": 176.074,
            "gamma": 55.117,
            "delta": 82.868,
            "epsilon": -158.29,
            "zeta": -101.84,
            "epsilon_zeta": -56.45,
            "bb_type": "BI",
            "chi": -143.235,
            "glyco_bond": "anti",
            "C5prime_xyz": [
                -1.643,
                8.809,
                -0.502
            ],
            "P_xyz": [
                0.902,
                9.437,
                -0.754
            ],
            "form": ".",
            "ssZp": 3.851,
            "Dp": 4.437,
            "splay_angle": 39.929,
            "splay_distance": 6.27,
            "splay_ratio": 0.343,
            "eta": 164.825,
            "theta": -177.683,
            "eta_prime": -170.63,
            "theta_prime": -173.638,
            "eta_base": -110.856,
            "theta_base": -158.184,
            "v0": -3.969,
            "v1": -19.118,
            "v2": 33.556,
            "v3": -36.837,
            "v4": 25.685,
            "amplitude": 36.918,
            "phase_angle": 24.641,
            "puckering": "C3'-endo",
            "sugar_class": "~C3'-endo",
            "bin": "33p",
            "cluster": "1a",
            "suiteness": 0.688,
            "filter_rmsd": 0.103,
            "frame": {
                "rmsd": 0.003,
                "origin": [
                    17.109,
                    -9.448,
                    4.429
                ],
                "x_axis": [
                    -0.329,
                    0.777,
                    -0.536
                ],
                "y_axis": [
                    -0.389,
                    -0.629,
                    -0.673
                ],
                "z_axis": [
                    -0.861,
                    -0.013,
                    0.509
                ],
                "quaternion": [
                    0.371,
                    -0.445,
                    -0.218,
                    0.785
                ]
            }
        },
        {
            "index": 17,
            "index_chain": 17,
            "chain_name": "A",
            "nt_resnum": 17,
            "nt_name": "G",
            "nt_code": "G",
            "nt_id": "///A/17",
            "linked_nts": [
                "///A/16",
                "///A/18"
            ],
            "nt_type": "RNA",
            "dbn": ")",
            "summary": "anti,~C3'-endo,BI,canonical,non-pair-contact,helix,stem-end,internal-loop",
            "alpha": -50.751,
            "beta": -179.381,
            "gamma": 35.04,
            "delta": 85.805,
            "epsilon": -147.499,
            "zeta": -63.326,
            "epsilon_zeta": -84.173,
            "bb_type": "BI",
            "chi": -158.236,
            "glyco_bond": "anti",
            "C5prime_xyz": [
                -0.94,
                8.548,
                0.486
            ],
            "P_xyz": [
                1.621,
                8.648,
                1.073
            ],
            "form": "A",
            "ssZp": 4.469,
            "Dp": 4.701,
            "splay_angle": 26.943,
            "splay_distance": 4.214,
            "splay_ratio": 0.234,
            "eta": 177.061,
            "theta": -134.318,
            "eta_prime": 172.97,
            "theta_prime": -129.81,
            "eta_base": -174.227,
            "theta_base": -98.871,
            "v0": 12.531,
            "v1": -32.949,
            "v2": 39.785,
            "v3": -33.651,
            "v4": 13.39,
            "amplitude": 39.788,
            "phase_angle": 0.731,
            "puckering": "C3'-endo",
            "sugar_class": "~C3'-endo",
            "bin": "33p",
            "cluster": "1a",
            "suiteness": 0.195,
            "filter_rmsd": 0.003,
            "frame": {
                "rmsd": 0.003,
                "origin": [
                    12.75,
                    -10.759,
                    8.741
                ],
                "x_axis": [
                    -0.021,
                    0.599,
                    -0.8
                ],
                "y_axis": [
                    -0.019,
                    -0.801,
                    -0.599
                ],
                "z_axis": [
                    -1,
                    0.003,
                    0.028
                ],
                "quaternion": [
                    0.227,
                    -0.662,
                    -0.219,
                    0.68
                ]
            }
        },
        {
            "index": 18,
            "index_chain": 18,
            "chain_name": "A",
            "nt_resnum": 18,
            "nt_name": "A",
            "nt_code": "A",
            "nt_id": "///A/18",
            "linked_nts": [
                "///A/17",
                "///A/19"
            ],
            "nt_type": "RNA",
            "dbn": ")",
            "summary": "anti,~C3'-endo,BI,canonical,non-pair-contact,helix,stem",
            "alpha": -70.077,
            "beta": 160.109,
            "gamma": 72.571,
            "delta": 81.813,
            "epsilon": -158.17,
            "zeta": -72.641,
            "epsilon_zeta": -85.529,
            "bb_type": "BI",
            "chi": 179.505,
            "glyco_bond": "anti",
            "C5prime_xyz": [
                -1.779,
                8.467,
                1.632
            ],
            "P_xyz": [
                0.791,
                9.014,
                1.716
            ],
            "form": "A",
            "ssZp": 4.472,
            "Dp": 4.501,
            "splay_angle": 27.019,
            "splay_distance": 4.184,
            "splay_ratio": 0.238,
            "eta": 167.921,
            "theta": -150.791,
            "eta_prime": -166.263,
            "theta_prime": -152.407,
            "eta_base": -112.32,
            "theta_base": -135.262,
            "v0": -1.183,
            "v1": -22.39,
            "v2": 36.085,
            "v3": -37.802,
            "v4": 24.544,
            "amplitude": 38.481,
            "phase_angle": 20.326,
            "puckering": "C3'-endo",
            "sugar_class": "~C3'-endo",
            "bin": "33p",
            "cluster": "1a",
            "suiteness": 0.406,
            "filter_rmsd": 0.038,
            "frame": {
                "rmsd": 0.002,
                "origin": [
                    9.214,
                    -8.826,
                    7.507
                ],
                "x_axis": [
                    0.135,
                    0.02,
                    -0.991
                ],
                "y_axis": [
                    0.063,
                    -0.998,
                    -0.012
                ],
                "z_axis": [
                    -0.989,
                    -0.061,
                    -0.135
                ],
                "quaternion": [
                    0.016,
                    0.753,
                    0.028,
                    -0.657
                ]
            }
        },
        {
            "index": 19,
            "index_chain": 19,
            "chain_name": "A",
            "nt_resnum": 19,
            "nt_name": "G",
            "nt_code": "G",
            "nt_id": "///A/19",
            "linked_nts": [
                "///A/18",
                "///A/20"
            ],
            "nt_type": "RNA",
            "dbn": ")",
            "summary": "anti,~C3'-endo,BI,canonical,non-pair-contact,helix,stem",
            "alpha": -62.598,
            "beta": -163.751,
            "gamma": 40.827,
            "delta": 86.116,
            "epsilon": -150.692,
            "zeta": -72.11,
            "epsilon_zeta": -78.582,
            "bb_type": "BI",
            "chi": -157.264,
            "glyco_bond": "anti",
            "C5prime_xyz": [
                -1.135,
                8.664,
                0.405
            ],
            "P_xyz": [
                1.294,
                9.004,
                1.355
            ],
            "form": "A",
            "ssZp": 4.351,
            "Dp": 4.609,
            "splay_angle": 21.269,
            "splay_distance": 3.427,
            "splay_ratio": 0.186,
            "eta": 177.57,
            "theta": -144.047,
            "eta_prime": -176.797,
            "theta_prime": -139.702,
            "eta_base": -150.663,
            "theta_base": -115.463,
            "v0": 7.464,
            "v1": -28.12,
            "v2": 36.949,
            "v3": -33.741,
            "v4": 16.622,
            "amplitude": 37.26,
            "phase_angle": 7.405,
            "puckering": "C3'-endo",
            "sugar_class": "~C3'-endo",
            "bin": "33p",
            "cluster": "1a",
            "suiteness": 0.577,
            "filter_rmsd": 0.002,
            "frame": {
                "rmsd": 0.002,
                "origin": [
                    5.703,
                    -6.551,
                    7.433
                ],
                "x_axis": [
                    0.137,
                    -0.516,
                    -0.846
                ],
                "y_axis": [
                    0.008,
                    -0.853,
                    0.521
                ],
                "z_axis": [
                    -0.991,
                    -0.078,
                    -0.112
                ],
                "quaternion": [
                    0.207,
                    0.725,
                    -0.175,
                    -0.633
                ]
            }
        },
        {
            "index": 20,
            "index_chain": 20,
            "chain_name": "A",
            "nt_resnum": 20,
            "nt_name": "U",
            "nt_code": "U",
            "nt_id": "///A/20",
            "linked_nts": [
                "///A/19",
                null
            ],
            "nt_type": "RNA",
            "dbn": ")",
            "summary": "anti,~C3'-endo,canonical,non-pair-contact,helix-end,stem-end",
            "alpha": -57.226,
            "beta": 173.879,
            "gamma": 45.549,
            "delta": 82.884,
            "epsilon": null,
            "zeta": null,
            "epsilon_zeta": null,
            "bb_type": "--",
            "chi": -153.104,
            "glyco_bond": "anti",
            "C5prime_xyz": [
                -1.503,
                8.787,
                0.097
            ],
            "P_xyz": [
                1.051,
                9.356,
                0.364
            ],
            "form": "-",
            "ssZp": null,
            "Dp": null,
            "splay_angle": null,
            "splay_distance": null,
            "splay_ratio": null,
            "eta": null,
            "theta": null,
            "eta_prime": null,
            "theta_prime": null,
            "eta_base": null,
            "theta_base": null,
            "v0": -0.501,
            "v1": -22.287,
            "v2": 35.228,
            "v3": -36.595,
            "v4": 23.391,
            "amplitude": 37.351,
            "phase_angle": 19.409,
            "puckering": "C3'-endo",
            "sugar_class": "~C3'-endo",
            "bin": "33p",
            "cluster": "1a",
            "suiteness": 0.825,
            "filter_rmsd": 0.103,
            "frame": {
                "rmsd": 0.003,
                "origin": [
                    2.741,
                    -6.19,
                    5.749
                ],
                "x_axis": [
                    0.287,
                    -0.851,
                    -0.439
                ],
                "y_axis": [
                    -0.173,
                    -0.497,
                    0.85
                ],
                "z_axis": [
                    -0.942,
                    -0.168,
                    -0.29
                ],
                "quaternion": [
                    0.353,
                    0.72,
                    -0.356,
                    -0.479
                ]
            }
        }
    ],
    "num_hbonds": 24,
    "hbonds": [
        {
            "index": 1,
            "atom1_serNum": 16,
            "atom2_serNum": 626,
            "donAcc_type": "standard",
            "distance": 2.627,
            "atom1_id": "///A/1/N1",
            "atom2_id": "///A/20/N3",
            "atom_pair": "N:N",
            "residue_pair": "nt:nt"
        },
        {
            "index": 2,
            "atom1_serNum": 18,
            "atom2_serNum": 629,
            "donAcc_type": "standard",
            "distance": 2.945,
            "atom1_id": "///A/1/N6",
            "atom2_id": "///A/20/O4",
            "atom_pair": "N:O",
            "residue_pair": "nt:nt"
        },
        {
            "index": 3,
            "atom1_serNum": 48,
            "atom2_serNum": 591,
            "donAcc_type": "standard",
            "distance": 2.803,
            "atom1_id": "///A/2/O2",
            "atom2_id": "///A/19/N2",
            "atom_pair": "O:N",
            "residue_pair": "nt:nt"
        },
        {
            "index": 4,
            "atom1_serNum": 49,
            "atom2_serNum": 594,
            "donAcc_type": "standard",
            "distance": 2.904,
            "atom1_id": "///A/2/N3",
            "atom2_id": "///A/19/N1",
            "atom_pair": "N:N",
            "residue_pair": "nt:nt"
        },
        {
            "index": 5,
            "atom1_serNum": 51,
            "atom2_serNum": 597,
            "donAcc_type": "standard",
            "distance": 2.881,
            "atom1_id": "///A/2/N4",
            "atom2_id": "///A/19/O6",
            "atom_pair": "N:O",
            "residue_pair": "nt:nt"
        },
        {
            "index": 6,
            "atom1_serNum": 80,
            "atom2_serNum": 559,
            "donAcc_type": "standard",
            "distance": 2.708,
            "atom1_id": "///A/3/N3",
            "atom2_id": "///A/18/N1",
            "atom_pair": "N:N",
            "residue_pair": "nt:nt"
        },
        {
            "index": 7,
            "atom1_serNum": 83,
            "atom2_serNum": 561,
            "donAcc_type": "standard",
            "distance": 2.868,
            "atom1_id": "///A/3/O4",
            "atom2_id": "///A/18/N6",
            "atom_pair": "O:N",
            "residue_pair": "nt:nt"
        },
        {
            "index": 8,
            "atom1_serNum": 109,
            "atom2_serNum": 527,
            "donAcc_type": "standard",
            "distance": 2.643,
            "atom1_id": "///A/4/O2",
            "atom2_id": "///A/17/N1",
            "atom_pair": "O:N",
            "residue_pair": "nt:nt"
        },
        {
            "index": 9,
            "atom1_serNum": 110,
            "atom2_serNum": 530,
            "donAcc_type": "standard",
            "distance": 3.058,
            "atom1_id": "///A/4/N3",
            "atom2_id": "///A/17/O6",
            "atom_pair": "N:O",
            "residue_pair": "nt:nt"
        },
        {
            "index": 10,
            "atom1_serNum": 145,
            "atom2_serNum": 495,
            "donAcc_type": "standard",
            "distance": 3.433,
            "atom1_id": "///A/5/O6",
            "atom2_id": "///A/16/N3",
            "atom_pair": "O:N",
            "residue_pair": "nt:nt"
        },
        {
            "index": 11,
            "atom1_serNum": 176,
            "atom2_serNum": 462,
            "donAcc_type": "standard",
            "distance": 3.034,
            "atom1_id": "///A/6/N1",
            "atom2_id": "///A/15/N1",
            "atom_pair": "N:N",
            "residue_pair": "nt:nt"
        },
        {
            "index": 12,
            "atom1_serNum": 176,
            "atom2_serNum": 494,
            "donAcc_type": "standard",
            "distance": 2.795,
            "atom1_id": "///A/6/N1",
            "atom2_id": "///A/16/O2",
            "atom_pair": "N:O",
            "residue_pair": "nt:nt"
        },
        {
            "index": 13,
            "atom1_serNum": 179,
            "atom2_serNum": 464,
            "donAcc_type": "standard",
            "distance": 2.776,
            "atom1_id": "///A/6/O6",
            "atom2_id": "///A/15/N6",
            "atom_pair": "O:N",
            "residue_pair": "nt:nt"
        },
        {
            "index": 14,
            "atom1_serNum": 208,
            "atom2_serNum": 429,
            "donAcc_type": "standard",
            "distance": 2.716,
            "atom1_id": "///A/7/N3",
            "atom2_id": "///A/14/N1",
            "atom_pair": "N:N",
            "residue_pair": "nt:nt"
        },
        {
            "index": 15,
            "atom1_serNum": 208,
            "atom2_serNum": 462,
            "donAcc_type": "standard",
            "distance": 3.058,
            "atom1_id": "///A/7/N3",
            "atom2_id": "///A/15/N1",
            "atom_pair": "N:N",
            "residue_pair": "nt:nt"
        },
        {
            "index": 16,
            "atom1_serNum": 211,
            "atom2_serNum": 431,
            "donAcc_type": "standard",
            "distance": 2.901,
            "atom1_id": "///A/7/O4",
            "atom2_id": "///A/14/N6",
            "atom_pair": "O:N",
            "residue_pair": "nt:nt"
        },
        {
            "index": 17,
            "atom1_serNum": 237,
            "atom2_serNum": 399,
            "donAcc_type": "standard",
            "distance": 2.665,
            "atom1_id": "///A/8/O2",
            "atom2_id": "///A/13/N3",
            "atom_pair": "O:N",
            "residue_pair": "nt:nt"
        },
        {
            "index": 18,
            "atom1_serNum": 238,
            "atom2_serNum": 402,
            "donAcc_type": "standard",
            "distance": 2.751,
            "atom1_id": "///A/8/N3",
            "atom2_id": "///A/13/O4",
            "atom_pair": "N:O",
            "residue_pair": "nt:nt"
        },
        {
            "index": 19,
            "atom1_serNum": 268,
            "atom2_serNum": 349,
            "donAcc_type": "standard",
            "distance": 3.391,
            "atom1_id": "///A/9/N3",
            "atom2_id": "///A/12/OP1",
            "atom_pair": "N:O",
            "residue_pair": "nt:nt"
        },
        {
            "index": 20,
            "atom1_serNum": 276,
            "atom2_serNum": 304,
            "donAcc_type": "acceptable",
            "distance": 2.923,
            "atom1_id": "///A/9/O2'",
            "atom2_id": "///A/10/N7",
            "atom_pair": "O:N",
            "residue_pair": "nt:nt"
        },
        {
            "index": 21,
            "atom1_serNum": 276,
            "atom2_serNum": 336,
            "donAcc_type": "acceptable",
            "distance": 3.325,
            "atom1_id": "///A/9/O2'",
            "atom2_id": "///A/11/O6",
            "atom_pair": "O:O",
            "residue_pair": "nt:nt"
        },
        {
            "index": 22,
            "atom1_serNum": 276,
            "atom2_serNum": 338,
            "donAcc_type": "acceptable",
            "distance": 2.669,
            "atom1_id": "///A/9/O2'",
            "atom2_id": "///A/11/N7",
            "atom_pair": "O:N",
            "residue_pair": "nt:nt"
        },
        {
            "index": 23,
            "atom1_serNum": 377,
            "atom2_serNum": 383,
            "donAcc_type": "acceptable",
            "distance": 2.968,
            "atom1_id": "///A/12/O2'",
            "atom2_id": "///A/13/OP1",
            "atom_pair": "O:O",
            "residue_pair": "nt:nt"
        },
        {
            "index": 24,
            "atom1_serNum": 440,
            "atom2_serNum": 454,
            "donAcc_type": "acceptable",
            "distance": 2.844,
            "atom1_id": "///A/14/O2'",
            "atom2_id": "///A/15/O4'",
            "atom_pair": "O:O",
            "residue_pair": "nt:nt"
        }
    ],
    "refCoords": {
        "purine": [
            "   12 ATOMS,    12 BONDS",
            "    1 N      -2.2500   5.0000   0.2500",
            "    2 N      -2.2500   0.5000   0.2500",
            "    3 N      -2.2500   0.5000  -0.2500",
            "    4 N      -2.2500   5.0000  -0.2500",
            "    5 C       2.2500   5.0000   0.2500",
            "    6 C       2.2500   0.5000   0.2500",
            "    7 C       2.2500   0.5000  -0.2500",
            "    8 C       2.2500   5.0000  -0.2500",
            "    9 C      -2.2500   5.0000   0.2500",
            "   10 C      -2.2500   0.5000   0.2500",
            "   11 C      -2.2500   0.5000  -0.2500",
            "   12 C      -2.2500   5.0000  -0.2500",
            "    1     1     2",
            "    2     2     3",
            "    3     3     4",
            "    4     4     1",
            "    5     5     6",
            "    6     6     7",
            "    7     7     8",
            "    8     5     8",
            "    9     9     5",
            "   10    10     6",
            "   11    11     7",
            "   12    12     8"
        ],
        "pyrimidine": [
            "   12 ATOMS,    12 BONDS",
            "    1 N      -2.2500   5.0000   0.2500",
            "    2 N      -2.2500   2.0000   0.2500",
            "    3 N      -2.2500   2.0000  -0.2500",
            "    4 N      -2.2500   5.0000  -0.2500",
            "    5 C       2.2500   5.0000   0.2500",
            "    6 C       2.2500   2.0000   0.2500",
            "    7 C       2.2500   2.0000  -0.2500",
            "    8 C       2.2500   5.0000  -0.2500",
            "    9 C      -2.2500   5.0000   0.2500",
            "   10 C      -2.2500   2.0000   0.2500",
            "   11 C      -2.2500   2.0000  -0.2500",
            "   12 C      -2.2500   5.0000  -0.2500",
            "    1     1     2",
            "    2     2     3",
            "    3     3     4",
            "    4     4     1",
            "    5     5     6",
            "    6     6     7",
            "    7     7     8",
            "    8     5     8",
            "    9     9     5",
            "   10    10     6",
            "   11    11     7",
            "   12    12     8"
        ],
        "wc_pair": [
            "   12 ATOMS,    12 BONDS",
            "    1 N      -2.2500   5.0000   0.2500",
            "    2 N      -2.2500  -5.0000   0.2500",
            "    3 N      -2.2500  -5.0000  -0.2500",
            "    4 N      -2.2500   5.0000  -0.2500",
            "    5 C       2.2500   5.0000   0.2500",
            "    6 C       2.2500  -5.0000   0.2500",
            "    7 C       2.2500  -5.0000  -0.2500",
            "    8 C       2.2500   5.0000  -0.2500",
            "    9 C      -2.2500   5.0000   0.2500",
            "   10 C      -2.2500  -5.0000   0.2500",
            "   11 C      -2.2500  -5.0000  -0.2500",
            "   12 C      -2.2500   5.0000  -0.2500",
            "    1     1     2",
            "    2     2     3",
            "    3     3     4",
            "    4     4     1",
            "    5     5     6",
            "    6     6     7",
            "    7     7     8",
            "    8     5     8",
            "    9     9     5",
            "   10    10     6",
            "   11    11     7",
            "   12    12     8"
        ]
    },
    "metadata": {
        "version": "DSSR v2.4.2-2023may01 by xiangjun@x3dna.org",
        "license": "http://innovation.columbia.edu/technologies/CU20391",
        "url": "http://x3dna.org/",
        "url_alt": "http://home.x3dna.org/",
        "forum": "http://forum.x3dna.org/",
        "citation": "Lu et al. (2015). 'DSSR: an integrated software tool for dissecting the spatial structure of RNA.' Nucleic Acids Res., 43(21):e142 [doi:10.1093/nar/gkv716].",
        "command": "x3dna-dssr -i=skmatic.pdb --json --symmetry -o=dssr-derived.json",
        "input_file": "skmatic.pdb",
        "str_id": "skmatic",
        "num_naChains": 1,
        "naChains": "A=20",
        "num_atoms": 639,
        "num_waters": 0,
        "num_notes": 52,
        "notes": [
            {
                "Aminors": "A-minor interactions (including types I and II)"
            },
            {
                "Cstem_index": "stem index of the 'Canonical' helix in k-turn"
            },
            {
                "Cstem_pair": "Cstem bp delineating the k-turn internal loop"
            },
            {
                "Dp": "perpendicular distance of the 3' P atom to the glycosidic bond"
            },
            {
                "GA_pair": "sheared G-A pair in k-turn"
            },
            {
                "HtypePknot": "H-type pseudoknot"
            },
            {
                "Kturn": "kink-turn (k-turn)"
            },
            {
                "LW": "Leontis-Westhof"
            },
            {
                "NCstem_index": "stem index of the 'Non-Canonical' helix in k-turn"
            },
            {
                "NCstem_pair": "NCstem bp delineating the k-turn internal loop"
            },
            {
                "Uturn": "U-turn of the UNR- or GNRA-type"
            },
            {
                "aa": "amino acid"
            },
            {
                "atom_pair": "symbols of the two atoms involved in an H-bond"
            },
            {
                "auxfiles": "auxiliary files"
            },
            {
                "glyco_bond": "conformation of base related to sugar (syn or anti)"
            },
            {
                "bb_type": "backbone conformation, BI or BII"
            },
            {
                "bending_angle": "angle between two helical axes"
            },
            {
                "bp": "base pair"
            },
            {
                "bseq": "base sequence in one-letter code"
            },
            {
                "bulge": "bulge loop"
            },
            {
                "coaxStacks": "coaxial stacking of stems within a helix"
            },
            {
                "dbn": "dot bracket notation"
            },
            {
                "desc": "description"
            },
            {
                "donAcc_type": "donor/acceptor type of the atom pair in an H-bond"
            },
            {
                "epsilon_zeta": "difference between epsilon and zeta torsion angles"
            },
            {
                "hairpin": "hairpin loop"
            },
            {
                "hbond": "hydrogen bond (H-bond)"
            },
            {
                "helix": "defined by base-stacking interactions, regardless of bp type and backbone connectivity"
            },
            {
                "id": "identifier"
            },
            {
                "iloop": "internal loop"
            },
            {
                "index": "serial number"
            },
            {
                "isoCanonPairs": "isolated canonical pairs"
            },
            {
                "junction": "(multi-branched) junction loop"
            },
            {
                "kissingLoop": "kissing loop"
            },
            {
                "multiplet": "3+ bases in a coplanar geometry"
            },
            {
                "na": "nucleic acid"
            },
            {
                "nonPair": "two nts not forming a pair, but with H-bonding/stacking interactions"
            },
            {
                "nonStack": "nucleotide not involved in stacking interactions"
            },
            {
                "nt": "nucleotide"
            },
            {
                "num": "number"
            },
            {
                "oArea": "overlap areas between two bases, including exocyclic atoms"
            },
            {
                "oArea_ring": "overlap areas between two bases, including only ring atoms"
            },
            {
                "phosContacts": "H-bonding and atom-capping interactions involving a phosphate"
            },
            {
                "residue_pair": "types of the two residues involved in an H-bond"
            },
            {
                "rmsd": "root-mean-squares deviation"
            },
            {
                "serNum": "serial number"
            },
            {
                "ssSegments": "single-stranded segments not involved in loops"
            },
            {
                "ssZp": "Z-coordinate of the 3' phosphorus atom with reference to the 5' base plane"
            },
            {
                "sstr": "secondary structure in dbn"
            },
            {
                "stem": "helix consisting of only canonical pairs, with a continuous backbone"
            },
            {
                "str_id": "structure identifier, derived from inpfile with extension removed"
            },
            {
                "vert_dist": "vertical distance from an atom to a base plane"
            }
        ],
        "num_auxfiles": 12,
        "auxfiles": [
            {
                "index": 1,
                "name": "dssr-pairs.pdb",
                "desc": "an ensemble of base pairs"
            },
            {
                "index": 2,
                "name": "dssr-stems.pdb",
                "desc": "an ensemble of stems"
            },
            {
                "index": 3,
                "name": "dssr-helices.pdb",
                "desc": "an ensemble of helices (coaxial stacking)"
            },
            {
                "index": 4,
                "name": "dssr-hairpins.pdb",
                "desc": "an ensemble of hairpin loops"
            },
            {
                "index": 5,
                "name": "dssr-iloops.pdb",
                "desc": "an ensemble of internal loops"
            },
            {
                "index": 6,
                "name": "dssr-2ndstrs.bpseq",
                "desc": "secondary structure in bpseq format"
            },
            {
                "index": 7,
                "name": "dssr-2ndstrs.ct",
                "desc": "secondary structure in connectivity table format"
            },
            {
                "index": 8,
                "name": "dssr-2ndstrs.dbn",
                "desc": "secondary structure in dot-bracket notation"
            },
            {
                "index": 9,
                "name": "dssr-torsions.txt",
                "desc": "backbone torsion angles and suite names"
            },
            {
                "index": 10,
                "name": "dssr-splays.pdb",
                "desc": "an ensemble of splayed-apart units"
            },
            {
                "index": 11,
                "name": "dssr-stacks.pdb",
                "desc": "an ensemble of base stacks"
            },
            {
                "index": 12,
                "name": "dssr-atom2bases.pdb",
                "desc": "an ensemble of atom-base stacking interactions"
            }
        ],
        "time_used": "999"
    }
}