{
    "num_pairs": 8,
    "pairs": [
        {
            "index": 1,
            "source": "4f8u.B.1",
            "target": "4f8u.B.21",
            "bp": "G-C",
            "name": "WC",
            "Saenger": "19-XIX",
            "LW": "cWW",
            "DSSR": "cW-W"
        },
        {
            "index": 2,
            "source": "4f8u.B.2",
            "target": "4f8u.B.20",
            "bp": "C-G",
            "name": "WC",
            "Saenger": "19-XIX",
            "LW": "cWW",
            "DSSR": "cW-W"
        },
        {
            "index": 3,
            "source": "4f8u.B.3",
            "target": "4f8u.B.19",
            "bp": "G-C",
            "name": "WC",
            "Saenger": "19-XIX",
            "LW": "cWW",
            "DSSR": "cW-W"
        },
        {
            "index": 4,
            "source": "4f8u.B.4",
            "target": "4f8u.B.15",
            "bp": "U-A",
            "name": "WC",
            "Saenger": "20-XX",
            "LW": "cWW",
            "DSSR": "cW-W"
        },
        {
            "index": 5,
            "source": "4f8u.B.5",
            "target": "4f8u.B.14",
            "bp": "C-G",
            "name": "WC",
            "Saenger": "19-XIX",
            "LW": "cWW",
            "DSSR": "cW-W"
        },
        {
            "index": 6,
            "source": "4f8u.B.6",
            "target": "4f8u.B.13",
            "bp": "A-U",
            "name": "WC",
            "Saenger": "20-XX",
            "LW": "cWW",
            "DSSR": "cW-W"
        },
        {
            "index": 7,
            "source": "4f8u.B.7",
            "target": "4f8u.B.12",
            "bp": "C-G",
            "name": "WC",
            "Saenger": "19-XIX",
            "LW": "cWW",
            "DSSR": "cW-W"
        },
        {
            "index": 8,
            "source": "4f8u.B.8",
            "target": "4f8u.B.11",
            "bp": "A+G",
            "name": "--",
            "Saenger": "--",
            "LW": "tSW",
            "DSSR": "tm+W"
        }
    ],
    "num_helices": 1,
    "helices": [
        {
            "index": 1,
            "num_stems": 2,
            "strand1": "GCGUCACA",
            "strand2": "CGCAGUGG",
            "bp_type": "|||||||.",
            "helix_form": "AAxAAA.",
            "num_pairs": 8,
            "pairs": [
                {
                    "index": 1,
                    "source": "4f8u.B.1",
                    "target": "4f8u.B.21",
                    "bp": "G-C",
                    "name": "WC",
                    "Saenger": "19-XIX",
                    "LW": "cWW",
                    "DSSR": "cW-W"
                },
                {
                    "index": 2,
                    "source": "4f8u.B.2",
                    "target": "4f8u.B.20",
                    "bp": "C-G",
                    "name": "WC",
                    "Saenger": "19-XIX",
                    "LW": "cWW",
                    "DSSR": "cW-W"
                },
                {
                    "index": 3,
                    "source": "4f8u.B.3",
                    "target": "4f8u.B.19",
                    "bp": "G-C",
                    "name": "WC",
                    "Saenger": "19-XIX",
                    "LW": "cWW",
                    "DSSR": "cW-W"
                },
                {
                    "index": 4,
                    "source": "4f8u.B.4",
                    "target": "4f8u.B.15",
                    "bp": "U-A",
                    "name": "WC",
                    "Saenger": "20-XX",
                    "LW": "cWW",
                    "DSSR": "cW-W"
                },
                {
                    "index": 5,
                    "source": "4f8u.B.5",
                    "target": "4f8u.B.14",
                    "bp": "C-G",
                    "name": "WC",
                    "Saenger": "19-XIX",
                    "LW": "cWW",
                    "DSSR": "cW-W"
                },
                {
                    "index": 6,
                    "source": "4f8u.B.6",
                    "target": "4f8u.B.13",
                    "bp": "A-U",
                    "name": "WC",
                    "Saenger": "20-XX",
                    "LW": "cWW",
                    "DSSR": "cW-W"
                },
                {
                    "index": 7,
                    "source": "4f8u.B.7",
                    "target": "4f8u.B.12",
                    "bp": "C-G",
                    "name": "WC",
                    "Saenger": "19-XIX",
                    "LW": "cWW",
                    "DSSR": "cW-W"
                },
                {
                    "index": 8,
                    "source": "4f8u.B.8",
                    "target": "4f8u.B.11",
                    "bp": "A+G",
                    "name": "--",
                    "Saenger": "--",
                    "LW": "tSW",
                    "DSSR": "tm+W"
                }
            ]
        }
    ],
    "num_stems": 2,
    "stems": [
        {
            "index": 1,
            "helix_index": 1,
            "strand1": "GCG",
            "strand2": "CGC",
            "bp_type": "|||",
            "helix_form": "AA",
            "num_pairs": 3,
            "pairs": [
                {
                    "index": 1,
                    "source": "4f8u.B.1",
                    "target": "4f8u.B.21",
                    "bp": "G-C",
                    "name": "WC",
                    "Saenger": "19-XIX",
                    "LW": "cWW",
                    "DSSR": "cW-W"
                },
                {
                    "index": 2,
                    "source": "4f8u.B.2",
                    "target": "4f8u.B.20",
                    "bp": "C-G",
                    "name": "WC",
                    "Saenger": "19-XIX",
                    "LW": "cWW",
                    "DSSR": "cW-W"
                },
                {
                    "index": 3,
                    "source": "4f8u.B.3",
                    "target": "4f8u.B.19",
                    "bp": "G-C",
                    "name": "WC",
                    "Saenger": "19-XIX",
                    "LW": "cWW",
                    "DSSR": "cW-W"
                }
            ]
        },
        {
            "index": 2,
            "helix_index": 1,
            "strand1": "UCAC",
            "strand2": "AGUG",
            "bp_type": "||||",
            "helix_form": "AAA",
            "num_pairs": 4,
            "pairs": [
                {
                    "index": 1,
                    "source": "4f8u.B.4",
                    "target": "4f8u.B.15",
                    "bp": "U-A",
                    "name": "WC",
                    "Saenger": "20-XX",
                    "LW": "cWW",
                    "DSSR": "cW-W"
                },
                {
                    "index": 2,
                    "source": "4f8u.B.5",
                    "target": "4f8u.B.14",
                    "bp": "C-G",
                    "name": "WC",
                    "Saenger": "19-XIX",
                    "LW": "cWW",
                    "DSSR": "cW-W"
                },
                {
                    "index": 3,
                    "source": "4f8u.B.6",
                    "target": "4f8u.B.13",
                    "bp": "A-U",
                    "name": "WC",
                    "Saenger": "20-XX",
                    "LW": "cWW",
                    "DSSR": "cW-W"
                },
                {
                    "index": 4,
                    "source": "4f8u.B.7",
                    "target": "4f8u.B.12",
                    "bp": "C-G",
                    "name": "WC",
                    "Saenger": "19-XIX",
                    "LW": "cWW",
                    "DSSR": "cW-W"
                }
            ]
        }
    ],
    "num_coaxStacks": 1,
    "coaxStacks": [
        {
            "index": 1,
            "helix_index": 1,
            "num_stems": 2,
            "stem_indices": [
                1,
                2
            ]
        }
    ],
    "num_stacks": 5,
    "stacks": [
        {
            "index": 1,
            "num_nts": 2,
            "nts_short": "GU",
            "nts_long": "///A/3,///A/4"
        },
        {
            "index": 2,
            "num_nts": 2,
            "nts_short": "CA",
            "nts_long": "///A/7,///A/8"
        },
        {
            "index": 3,
            "num_nts": 2,
            "nts_short": "AC",
            "nts_long": "///A/15,///A/19"
        },
        {
            "index": 4,
            "num_nts": 2,
            "nts_short": "AG",
            "nts_long": "///A/16,///A/17"
        },
        {
            "index": 5,
            "num_nts": 3,
            "nts_short": "CGG",
            "nts_long": "///A/10,///A/11,///A/12"
        }
    ],
    "nonStack": {
        "num_nts": 2,
        "nts_short": "CU",
        "nts_long": "///A/9,///A/18"
    },
    "num_atom2bases": 2,
    "atom2bases": [
        {
            "index": 1,
            "type": "sugar",
            "atom": "///A/10/O4'",
            "nt": "///A/11",
            "vert_dist": 2.796
        },
        {
            "index": 2,
            "type": "sugar",
            "atom": "///A/19/O4'",
            "nt": "///A/15",
            "vert_dist": 3.094
        }
    ],
    "num_hairpins": 1,
    "hairpins": [
        {
            "index": 1,
            "type": "hairpin loop",
            "bridging_nts": [
                4
            ],
            "stem_indices": [
                2
            ],
            "summary": "[1] 4 [A.7 A.12] 4",
            "num_nts": 6,
            "nts_short": "CACCGG",
            "nts_long": "///A/7,///A/8,///A/9,///A/10,///A/11,///A/12",
            "num_stems": 1,
            "bridges": [
                {
                    "index": 1,
                    "num_nts": 4,
                    "nts_short": "ACCG",
                    "nts_long": "///A/8,///A/9,///A/10,///A/11"
                }
            ]
        }
    ],
    "num_bulges": 1,
    "bulges": [
        {
            "index": 1,
            "type": "bulge",
            "bridging_nts": [
                0,
                3
            ],
            "stem_indices": [
                1,
                2
            ],
            "summary": "[2] 0 3 [A.3 A.19 A.4 A.15] 3 4",
            "num_nts": 7,
            "nts_short": "GUAAGUC",
            "nts_long": "///A/3,///A/4,///A/15,///A/16,///A/17,///A/18,///A/19",
            "num_stems": 2,
            "bridges": [
                {
                    "index": 1,
                    "num_nts": 0,
                    "nts_short": "",
                    "nts_long": ""
                },
                {
                    "index": 2,
                    "num_nts": 3,
                    "nts_short": "AGU",
                    "nts_long": "///A/16,///A/17,///A/18"
                }
            ]
        }
    ],
    "num_splayUnits": 3,
    "splayUnits": [
        {
            "index": 1,
            "num_nts": 3,
            "nts_short": "ACC",
            "nts_long": "///A/8,///A/9,///A/10"
        },
        {
            "index": 2,
            "num_nts": 2,
            "nts_short": "AA",
            "nts_long": "///A/15,///A/16"
        },
        {
            "index": 3,
            "num_nts": 3,
            "nts_short": "GUC",
            "nts_long": "///A/17,///A/18,///A/19"
        }
    ],
    "dbn": {
        "all_chains": {
            "num_nts": 21,
            "num_chars": 21,
            "bseq": "GCGUCACACCGGUGAAGUCGC",
            "sstr": "(((((((....))))...)))",
            "form": "AA.AAAA..Z.AAA....AA-"
        },
        "m1_chain_A": {
            "num_nts": 21,
            "num_chars": 21,
            "bseq": "GCGUCACACCGGUGAAGUCGC",
            "sstr": "(((((((....))))...)))",
            "form": "AA.AAAA..Z.AAA....AA-"
        }
    },
    "chains": {
        "m1_chain_A": {
            "num_nts": 21,
            "bseq": "GCGUCACACCGGUGAAGUCGC",
            "sstr": "(((((((....))))...)))",
            "form": "AA.AAAA..Z.AAA....AA-",
            "helical_rise": 0.417,
            "helical_rise_std": 3.26,
            "helical_axis": [
                -0.782,
                0.485,
                0.391
            ],
            "point1": [
                -7.566,
                -1.21,
                -9.779
            ],
            "point2": [
                -14.678,
                3.196,
                -6.223
            ],
            "num_chars": 61,
            "suite": "G1aC1aG&aU1aC1cA1aC1aA1zC2[C6nG!!G1aU1aG1aA!!A!!G!!U!!C1aG1aC"
        }
    },
    "num_nts": 21,
    "nts": [
        {
            "index": 1,
            "index_chain": 1,
            "chain_name": "B",
            "nt_resnum": 1,
            "nt_name": "G",
            "nt_code": "G",
            "nt_id": "///A/1",
            "linked_nts": [
                null,
                "///A/2"
            ],
            "nt_type": "RNA",
            "dbn": "(",
            "summary": "anti,~C3'-endo,BI,canonical,non-pair-contact,helix-end,stem-end,coaxial-stack",
            "alpha": null,
            "beta": null,
            "gamma": 51.493,
            "delta": 89.59,
            "epsilon": -138.132,
            "zeta": -76.439,
            "epsilon_zeta": -61.693,
            "bb_type": "BI",
            "chi": 171.101,
            "glyco_bond": "anti",
            "C5prime_xyz": [
                -1.382,
                7.94,
                2.181
            ],
            "P_xyz": [
                null,
                null,
                null
            ],
            "form": "A",
            "ssZp": 4.607,
            "Dp": 4.682,
            "splay_angle": 23.635,
            "splay_distance": 3.457,
            "splay_ratio": 0.205,
            "eta": null,
            "theta": null,
            "eta_prime": null,
            "theta_prime": null,
            "eta_base": null,
            "theta_base": null,
            "v0": 11.788,
            "v1": -30.094,
            "v2": 35.94,
            "v3": -30.248,
            "v4": 11.751,
            "amplitude": 35.94,
            "phase_angle": 0.06,
            "puckering": "C3'-endo",
            "sugar_class": "~C3'-endo",
            "bin": "inc",
            "cluster": "__",
            "suiteness": 0,
            "filter_rmsd": 0.001,
            "frame": {
                "rmsd": 0.001,
                "origin": [
                    -5.589,
                    1.986,
                    2.735
                ],
                "x_axis": [
                    -0.35,
                    0.455,
                    -0.819
                ],
                "y_axis": [
                    0.932,
                    0.083,
                    -0.352
                ],
                "z_axis": [
                    -0.092,
                    -0.887,
                    -0.453
                ],
                "quaternion": [
                    0.265,
                    0.505,
                    0.687,
                    -0.451
                ]
            }
        },
        {
            "index": 2,
            "index_chain": 2,
            "chain_name": "B",
            "nt_resnum": 2,
            "nt_name": "C",
            "nt_code": "C",
            "nt_id": "///A/2",
            "linked_nts": [
                "///A/1",
                "///A/3"
            ],
            "nt_type": "RNA",
            "dbn": "(",
            "summary": "anti,~C3'-endo,BI,canonical,non-pair-contact,helix,stem,coaxial-stack",
            "alpha": -54.367,
            "beta": 179.426,
            "gamma": 39.396,
            "delta": 89.865,
            "epsilon": -147.464,
            "zeta": -69.012,
            "epsilon_zeta": -78.452,
            "bb_type": "BI",
            "chi": -158.778,
            "glyco_bond": "anti",
            "C5prime_xyz": [
                -0.784,
                8.456,
                0.529
            ],
            "P_xyz": [
                1.772,
                8.281,
                1.125
            ],
            "form": "A",
            "ssZp": 4.417,
            "Dp": 4.666,
            "splay_angle": 20.126,
            "splay_distance": 3.324,
            "splay_ratio": 0.179,
            "eta": 169.967,
            "theta": -133.049,
            "eta_prime": -174.061,
            "theta_prime": -132.333,
            "eta_base": -119.076,
            "theta_base": -116.951,
            "v0": 14.864,
            "v1": -32.82,
            "v2": 37.371,
            "v3": -29.885,
            "v4": 9.601,
            "amplitude": 37.466,
            "phase_angle": 355.923,
            "puckering": "C2'-exo",
            "sugar_class": "~C3'-endo",
            "bin": "33p",
            "cluster": "1a",
            "suiteness": 0.476,
            "filter_rmsd": 0.063,
            "frame": {
                "rmsd": 0.001,
                "origin": [
                    -7.257,
                    -0.362,
                    0.823
                ],
                "x_axis": [
                    0.445,
                    0.23,
                    -0.865
                ],
                "y_axis": [
                    0.878,
                    -0.3,
                    0.373
                ],
                "z_axis": [
                    -0.173,
                    -0.926,
                    -0.336
                ],
                "quaternion": [
                    0.45,
                    0.721,
                    0.384,
                    -0.36
                ]
            }
        },
        {
            "index": 3,
            "index_chain": 3,
            "chain_name": "B",
            "nt_resnum": 3,
            "nt_name": "G",
            "nt_code": "G",
            "nt_id": "///A/3",
            "linked_nts": [
                "///A/2",
                "///A/4"
            ],
            "nt_type": "RNA",
            "dbn": "(",
            "summary": "anti,~C3'-endo,BI,canonical,non-pair-contact,helix,stem-end,coaxial-stack,bulge",
            "alpha": -56.656,
            "beta": 169.222,
            "gamma": 47.187,
            "delta": 81.279,
            "epsilon": -173.966,
            "zeta": -86.963,
            "epsilon_zeta": -87.004,
            "bb_type": "BI",
            "chi": -162.602,
            "glyco_bond": "anti",
            "C5prime_xyz": [
                -1.729,
                8.878,
                0.572
            ],
            "P_xyz": [
                0.761,
                9.563,
                1.07
            ],
            "form": ".",
            "ssZp": 4.265,
            "Dp": 4.294,
            "splay_angle": 32.572,
            "splay_distance": 5.058,
            "splay_ratio": 0.281,
            "eta": 163.539,
            "theta": -176.19,
            "eta_prime": -176.171,
            "theta_prime": -175.478,
            "eta_base": -140.519,
            "theta_base": -167.651,
            "v0": -6.147,
            "v1": -18.018,
            "v2": 33.871,
            "v3": -38.355,
            "v4": 27.976,
            "amplitude": 38.215,
            "phase_angle": 27.584,
            "puckering": "C3'-endo",
            "sugar_class": "~C3'-endo",
            "bin": "33p",
            "cluster": "1a",
            "suiteness": 0.747,
            "filter_rmsd": 0.001,
            "frame": {
                "rmsd": 0.001,
                "origin": [
                    -8.797,
                    -2.326,
                    -1.373
                ],
                "x_axis": [
                    0.821,
                    0.276,
                    -0.5
                ],
                "y_axis": [
                    0.57,
                    -0.441,
                    0.693
                ],
                "z_axis": [
                    -0.029,
                    -0.854,
                    -0.519
                ],
                "quaternion": [
                    0.464,
                    0.834,
                    0.254,
                    -0.159
                ]
            }
        },
        {
            "index": 4,
            "index_chain": 4,
            "chain_name": "B",
            "nt_resnum": 4,
            "nt_name": "U",
            "nt_code": "U",
            "nt_id": "///A/4",
            "linked_nts": [
                "///A/3",
                "///A/5"
            ],
            "nt_type": "RNA",
            "dbn": "(",
            "summary": "anti,~C3'-endo,BI,canonical,non-pair-contact,helix,stem-end,coaxial-stack,bulge",
            "alpha": -66.997,
            "beta": -178.192,
            "gamma": 56.673,
            "delta": 84.589,
            "epsilon": -157.71,
            "zeta": -64.705,
            "epsilon_zeta": -93.005,
            "bb_type": "BI",
            "chi": -163.764,
            "glyco_bond": "anti",
            "C5prime_xyz": [
                -1.373,
                8.656,
                0.751
            ],
            "P_xyz": [
                1.199,
                8.962,
                1.213
            ],
            "form": "A",
            "ssZp": 4.432,
            "Dp": 4.525,
            "splay_angle": 23.718,
            "splay_distance": 3.755,
            "splay_ratio": 0.207,
            "eta": 177.899,
            "theta": -141.935,
            "eta_prime": 178.805,
            "theta_prime": -140.821,
            "eta_base": -171.575,
            "theta_base": -115.812,
            "v0": 3.738,
            "v1": -25.428,
            "v2": 36.239,
            "v3": -35.143,
            "v4": 19.822,
            "amplitude": 37.196,
            "phase_angle": 13.024,
            "puckering": "C3'-endo",
            "sugar_class": "~C3'-endo",
            "bin": "33p",
            "cluster": "&a",
            "suiteness": 0.901,
            "filter_rmsd": 0.103,
            "frame": {
                "rmsd": 0.003,
                "origin": [
                    -12.603,
                    -5.126,
                    -3.177
                ],
                "x_axis": [
                    0.923,
                    0.182,
                    -0.339
                ],
                "y_axis": [
                    0.385,
                    -0.453,
                    0.804
                ],
                "z_axis": [
                    -0.007,
                    -0.873,
                    -0.488
                ],
                "quaternion": [
                    0.496,
                    0.846,
                    0.168,
                    -0.102
                ]
            }
        },
        {
            "index": 5,
            "index_chain": 5,
            "chain_name": "B",
            "nt_resnum": 5,
            "nt_name": "C",
            "nt_code": "C",
            "nt_id": "///A/5",
            "linked_nts": [
                "///A/4",
                "///A/6"
            ],
            "nt_type": "RNA",
            "dbn": "(",
            "summary": "anti,~C3'-endo,BI,canonical,non-pair-contact,helix,stem,coaxial-stack",
            "alpha": -64.769,
            "beta": -163.525,
            "gamma": 37.466,
            "delta": 86.657,
            "epsilon": -156.402,
            "zeta": -94.551,
            "epsilon_zeta": -61.851,
            "bb_type": "BI",
            "chi": -146.422,
            "glyco_bond": "anti",
            "C5prime_xyz": [
                -1.076,
                8.681,
                -0.251
            ],
            "P_xyz": [
                1.403,
                9.185,
                0.473
            ],
            "form": "A",
            "ssZp": 4.003,
            "Dp": 4.543,
            "splay_angle": 21.896,
            "splay_distance": 3.686,
            "splay_ratio": 0.192,
            "eta": 171.177,
            "theta": -136.279,
            "eta_prime": -178.446,
            "theta_prime": -142.819,
            "eta_base": -142.688,
            "theta_base": -130.572,
            "v0": 6.732,
            "v1": -26.98,
            "v2": 35.844,
            "v3": -33.061,
            "v4": 16.659,
            "amplitude": 36.219,
            "phase_angle": 8.256,
            "puckering": "C3'-endo",
            "sugar_class": "~C3'-endo",
            "bin": "33p",
            "cluster": "1a",
            "suiteness": 0.459,
            "filter_rmsd": 0.062,
            "frame": {
                "rmsd": 0.001,
                "origin": [
                    -12.335,
                    -7.309,
                    -6.221
                ],
                "x_axis": [
                    0.956,
                    0.024,
                    0.291
                ],
                "y_axis": [
                    -0.231,
                    -0.549,
                    0.803
                ],
                "z_axis": [
                    0.179,
                    -0.835,
                    -0.52
                ],
                "quaternion": [
                    0.471,
                    0.87,
                    -0.06,
                    0.135
                ]
            }
        },
        {
            "index": 6,
            "index_chain": 6,
            "chain_name": "B",
            "nt_resnum": 6,
            "nt_name": "A",
            "nt_code": "A",
            "nt_id": "///A/6",
            "linked_nts": [
                "///A/5",
                "///A/7"
            ],
            "nt_type": "RNA",
            "dbn": "(",
            "summary": "anti,~C3'-endo,canonical,non-pair-contact,helix,stem,coaxial-stack",
            "alpha": 132.55,
            "beta": -142.866,
            "gamma": -174.749,
            "delta": 88.241,
            "epsilon": -124.419,
            "zeta": -85.001,
            "epsilon_zeta": -39.418,
            "bb_type": "--",
            "chi": 179.734,
            "glyco_bond": "anti",
            "C5prime_xyz": [
                -1.342,
                8.202,
                1.734
            ],
            "P_xyz": [
                0.305,
                9.861,
                0.521
            ],
            "form": "A",
            "ssZp": 4.693,
            "Dp": 4.716,
            "splay_angle": 22.722,
            "splay_distance": 3.49,
            "splay_ratio": 0.198,
            "eta": 165.985,
            "theta": -158.598,
            "eta_prime": 177.959,
            "theta_prime": -154.244,
            "eta_base": -153.9,
            "theta_base": -112.453,
            "v0": 9.075,
            "v1": -28.449,
            "v2": 35.918,
            "v3": -31.807,
            "v4": 14.424,
            "amplitude": 36.029,
            "phase_angle": 4.504,
            "puckering": "C3'-endo",
            "sugar_class": "~C3'-endo",
            "bin": "33t",
            "cluster": "1c",
            "suiteness": 0.326,
            "filter_rmsd": 0.038,
            "frame": {
                "rmsd": 0.001,
                "origin": [
                    -11.11,
                    -9.328,
                    -9.052
                ],
                "x_axis": [
                    0.772,
                    0.033,
                    0.634
                ],
                "y_axis": [
                    -0.518,
                    -0.544,
                    0.66
                ],
                "z_axis": [
                    0.367,
                    -0.838,
                    -0.403
                ],
                "quaternion": [
                    0.454,
                    0.825,
                    -0.147,
                    0.304
                ]
            }
        },
        {
            "index": 7,
            "index_chain": 7,
            "chain_name": "B",
            "nt_resnum": 7,
            "nt_name": "C",
            "nt_code": "C",
            "nt_id": "///A/7",
            "linked_nts": [
                "///A/6",
                "///A/8"
            ],
            "nt_type": "RNA",
            "dbn": "(",
            "summary": "anti,~C3'-endo,BI,canonical,non-pair-contact,helix,stem-end,coaxial-stack,hairpin-loop",
            "alpha": -52.731,
            "beta": 166.029,
            "gamma": 39.916,
            "delta": 84.891,
            "epsilon": -154.624,
            "zeta": -60.202,
            "epsilon_zeta": -94.422,
            "bb_type": "BI",
            "chi": -159.64,
            "glyco_bond": "anti",
            "C5prime_xyz": [
                -1.144,
                8.68,
                0.538
            ],
            "P_xyz": [
                1.456,
                8.802,
                0.906
            ],
            "form": "A",
            "ssZp": 4.428,
            "Dp": 4.589,
            "splay_angle": 22.872,
            "splay_distance": 3.563,
            "splay_ratio": 0.198,
            "eta": 159.171,
            "theta": -133.08,
            "eta_prime": 177.279,
            "theta_prime": -131.378,
            "eta_base": -126.438,
            "theta_base": -88.688,
            "v0": 6.313,
            "v1": -27.768,
            "v2": 37.477,
            "v3": -34.932,
            "v4": 18.077,
            "amplitude": 37.978,
            "phase_angle": 9.319,
            "puckering": "C3'-endo",
            "sugar_class": "~C3'-endo",
            "bin": "33p",
            "cluster": "1a",
            "suiteness": 0.421,
            "filter_rmsd": 0.062,
            "frame": {
                "rmsd": 0.001,
                "origin": [
                    -8.392,
                    -11.394,
                    -9.775
                ],
                "x_axis": [
                    0.116,
                    -0.274,
                    0.955
                ],
                "y_axis": [
                    -0.87,
                    -0.491,
                    -0.036
                ],
                "z_axis": [
                    0.479,
                    -0.827,
                    -0.295
                ],
                "quaternion": [
                    0.287,
                    0.69,
                    -0.415,
                    0.52
                ]
            }
        },
        {
            "index": 8,
            "index_chain": 8,
            "chain_name": "B",
            "nt_resnum": 8,
            "nt_name": "A",
            "nt_code": "A",
            "nt_id": "///A/8",
            "linked_nts": [
                "///A/7",
                "///A/9"
            ],
            "nt_type": "RNA",
            "dbn": ".",
            "summary": "anti,~C3'-endo,BI,non-canonical,non-pair-contact,helix-end,hairpin-loop,splayed-apart",
            "alpha": -64.42,
            "beta": -179.187,
            "gamma": 45.654,
            "delta": 85.309,
            "epsilon": -168.76,
            "zeta": -103.759,
            "epsilon_zeta": -65.001,
            "bb_type": "BI",
            "chi": -150.39,
            "glyco_bond": "anti",
            "C5prime_xyz": [
                -1.159,
                8.647,
                -0.005
            ],
            "P_xyz": [
                1.445,
                8.928,
                0.233
            ],
            "form": ".",
            "ssZp": 4.199,
            "Dp": 4.477,
            "splay_angle": 109.035,
            "splay_distance": 14.713,
            "splay_ratio": 0.814,
            "eta": 164.572,
            "theta": 166.425,
            "eta_prime": -174.042,
            "theta_prime": 135.3,
            "eta_base": -111.682,
            "theta_base": 83.883,
            "v0": 6.889,
            "v1": -28.029,
            "v2": 37.323,
            "v3": -34.434,
            "v4": 17.416,
            "amplitude": 37.726,
            "phase_angle": 8.385,
            "puckering": "C3'-endo",
            "sugar_class": "~C3'-endo",
            "bin": "33p",
            "cluster": "1a",
            "suiteness": 0.793,
            "filter_rmsd": 0.038,
            "frame": {
                "rmsd": 0.001,
                "origin": [
                    -6.679,
                    -14.239,
                    -8.482
                ],
                "x_axis": [
                    -0.562,
                    -0.479,
                    0.675
                ],
                "y_axis": [
                    -0.616,
                    -0.302,
                    -0.727
                ],
                "z_axis": [
                    0.552,
                    -0.824,
                    -0.125
                ],
                "quaternion": [
                    0.052,
                    0.465,
                    -0.588,
                    0.659
                ]
            }
        },
        {
            "index": 9,
            "index_chain": 9,
            "chain_name": "B",
            "nt_resnum": 9,
            "nt_name": "C",
            "nt_code": "C",
            "nt_id": "///A/9",
            "linked_nts": [
                "///A/8",
                "///A/10"
            ],
            "nt_type": "RNA",
            "dbn": ".",
            "summary": "turn,anti,~C2'-endo,non-stack,non-pair-contact,hairpin-loop,phosphate,splayed-apart",
            "alpha": -124.426,
            "beta": 149.411,
            "gamma": 32.835,
            "delta": 144.055,
            "epsilon": -89.535,
            "zeta": -80.499,
            "epsilon_zeta": -9.036,
            "bb_type": "--",
            "chi": -117.408,
            "glyco_bond": "anti",
            "C5prime_xyz": [
                -1.883,
                8.514,
                -1.309
            ],
            "P_xyz": [
                0.556,
                9.06,
                -0.474
            ],
            "form": ".",
            "ssZp": 0.687,
            "Dp": 0.852,
            "splay_angle": 87.944,
            "splay_distance": 13.718,
            "splay_ratio": 0.695,
            "eta": 97.681,
            "theta": -47.489,
            "eta_prime": 102.283,
            "theta_prime": -62.839,
            "eta_base": 84.589,
            "theta_base": -38.724,
            "v0": -20.207,
            "v1": 34.565,
            "v2": -35.049,
            "v3": 24.459,
            "v4": -2.861,
            "amplitude": 36.166,
            "phase_angle": 165.722,
            "puckering": "C2'-endo",
            "sugar_class": "~C2'-endo",
            "bin": "32p",
            "cluster": "1z",
            "suiteness": 0.026,
            "filter_rmsd": 0.063,
            "frame": {
                "rmsd": 0.001,
                "origin": [
                    -9.163,
                    -12.707,
                    -22.903
                ],
                "x_axis": [
                    -0.963,
                    -0.086,
                    0.256
                ],
                "y_axis": [
                    0.254,
                    -0.611,
                    0.75
                ],
                "z_axis": [
                    0.093,
                    0.787,
                    0.61
                ],
                "quaternion": [
                    -0.095,
                    0.098,
                    0.431,
                    0.892
                ]
            }
        },
        {
            "index": 10,
            "index_chain": 10,
            "chain_name": "B",
            "nt_resnum": 10,
            "nt_name": "C",
            "nt_code": "C",
            "nt_id": "///A/10",
            "linked_nts": [
                "///A/9",
                "///A/11"
            ],
            "nt_type": "RNA",
            "dbn": ".",
            "summary": "turn,anti,~C2'-endo,non-pair-contact,hairpin-loop,cap-donor,splayed-apart",
            "alpha": -60.069,
            "beta": -177.887,
            "gamma": 46.781,
            "delta": 144.891,
            "epsilon": -91.9,
            "zeta": 86.858,
            "epsilon_zeta": 181.243,
            "bb_type": "--",
            "chi": -115.415,
            "glyco_bond": "anti",
            "C5prime_xyz": [
                -1.894,
                8.472,
                -1.37
            ],
            "P_xyz": [
                0.453,
                9.389,
                -0.616
            ],
            "form": "Z",
            "ssZp": 0.774,
            "Dp": 0.915,
            "splay_angle": 28.623,
            "splay_distance": 5.216,
            "splay_ratio": 0.294,
            "eta": 172.217,
            "theta": 128.347,
            "eta_prime": -137.432,
            "theta_prime": 79.722,
            "eta_base": -125.203,
            "theta_base": 76.415,
            "v0": -19.623,
            "v1": 34.277,
            "v2": -35.072,
            "v3": 24.858,
            "v4": -3.483,
            "amplitude": 36.042,
            "phase_angle": 166.678,
            "puckering": "C2'-endo",
            "sugar_class": "~C2'-endo",
            "bin": "22p",
            "cluster": "2[",
            "suiteness": 0.567,
            "filter_rmsd": 0.062,
            "frame": {
                "rmsd": 0.001,
                "origin": [
                    -6.788,
                    -16.42,
                    -9.913
                ],
                "x_axis": [
                    -0.585,
                    -0.686,
                    -0.433
                ],
                "y_axis": [
                    0.639,
                    -0.062,
                    -0.766
                ],
                "z_axis": [
                    0.499,
                    -0.725,
                    0.475
                ],
                "quaternion": [
                    -0.455,
                    0.023,
                    -0.512,
                    0.728
                ]
            }
        },
        {
            "index": 11,
            "index_chain": 11,
            "chain_name": "B",
            "nt_resnum": 11,
            "nt_name": "G",
            "nt_code": "G",
            "nt_id": "///A/11",
            "linked_nts": [
                "///A/10",
                "///A/12"
            ],
            "nt_type": "RNA",
            "dbn": ".",
            "summary": "turn,syn,~C3'-endo,non-canonical,non-pair-contact,helix-end,hairpin-loop,cap-acceptor",
            "alpha": 50.194,
            "beta": -173.132,
            "gamma": 178.083,
            "delta": 86.061,
            "epsilon": -130.144,
            "zeta": -98.571,
            "epsilon_zeta": -31.573,
            "bb_type": "--",
            "chi": 56.188,
            "glyco_bond": "syn",
            "C5prime_xyz": [
                -5.04,
                3.483,
                1.564
            ],
            "P_xyz": [
                -5.449,
                2.89,
                4.092
            ],
            "form": ".",
            "ssZp": -2.449,
            "Dp": 4.642,
            "splay_angle": 27.164,
            "splay_distance": 4.719,
            "splay_ratio": 0.275,
            "eta": 114.049,
            "theta": -137.318,
            "eta_prime": 99.757,
            "theta_prime": -123.581,
            "eta_base": 126.859,
            "theta_base": -159.855,
            "v0": 3.459,
            "v1": -24.374,
            "v2": 34.795,
            "v3": -33.898,
            "v4": 19.228,
            "amplitude": 35.752,
            "phase_angle": 13.289,
            "puckering": "C3'-endo",
            "sugar_class": "~C3'-endo",
            "bin": "23t",
            "cluster": "6n",
            "suiteness": 0.79,
            "filter_rmsd": 0.002,
            "frame": {
                "rmsd": 0.002,
                "origin": [
                    -4.922,
                    -12.771,
                    -13.138
                ],
                "x_axis": [
                    -0.803,
                    -0.285,
                    -0.524
                ],
                "y_axis": [
                    0.389,
                    0.416,
                    -0.822
                ],
                "z_axis": [
                    0.452,
                    -0.864,
                    -0.223
                ],
                "quaternion": [
                    0.312,
                    0.033,
                    0.781,
                    -0.539
                ]
            }
        },
        {
            "index": 12,
            "index_chain": 12,
            "chain_name": "B",
            "nt_resnum": 12,
            "nt_name": "G",
            "nt_code": "G",
            "nt_id": "///A/12",
            "linked_nts": [
                "///A/11",
                "///A/13"
            ],
            "nt_type": "RNA",
            "dbn": ")",
            "summary": "anti,~C3'-endo,BI,canonical,non-pair-contact,helix,stem-end,coaxial-stack,hairpin-loop",
            "alpha": 118.121,
            "beta": -92.583,
            "gamma": -157.871,
            "delta": 87.914,
            "epsilon": -151.612,
            "zeta": -61.101,
            "epsilon_zeta": -90.511,
            "bb_type": "BI",
            "chi": -174.192,
            "glyco_bond": "anti",
            "C5prime_xyz": [
                -1.204,
                8.383,
                1.408
            ],
            "P_xyz": [
                -0.607,
                9.793,
                -0.735
            ],
            "form": "A",
            "ssZp": 4.604,
            "Dp": 4.603,
            "splay_angle": 23.411,
            "splay_distance": 3.628,
            "splay_ratio": 0.205,
            "eta": -155.373,
            "theta": -173.932,
            "eta_prime": -123.516,
            "theta_prime": -167.744,
            "eta_base": -132.288,
            "theta_base": -132.643,
            "v0": 9.428,
            "v1": -28.961,
            "v2": 36.385,
            "v3": -32.043,
            "v4": 14.353,
            "amplitude": 36.478,
            "phase_angle": 4.09,
            "puckering": "C3'-endo",
            "sugar_class": "~C3'-endo",
            "bin": "33t",
            "cluster": "!!",
            "suiteness": 0,
            "filter_rmsd": 0.002,
            "frame": {
                "rmsd": 0.002,
                "origin": [
                    -8.923,
                    -11.377,
                    -11.062
                ],
                "x_axis": [
                    0.135,
                    -0.244,
                    0.96
                ],
                "y_axis": [
                    0.9,
                    0.436,
                    -0.016
                ],
                "z_axis": [
                    -0.415,
                    0.866,
                    0.279
                ],
                "quaternion": [
                    0.68,
                    -0.324,
                    -0.506,
                    -0.421
                ]
            }
        },
        {
            "index": 13,
            "index_chain": 13,
            "chain_name": "B",
            "nt_resnum": 13,
            "nt_name": "U",
            "nt_code": "U",
            "nt_id": "///A/13",
            "linked_nts": [
                "///A/12",
                "///A/14"
            ],
            "nt_type": "RNA",
            "dbn": ")",
            "summary": "anti,~C3'-endo,BI,canonical,non-pair-contact,helix,stem,coaxial-stack",
            "alpha": -67.763,
            "beta": -163.242,
            "gamma": 37.233,
            "delta": 86.18,
            "epsilon": -146.484,
            "zeta": -75.323,
            "epsilon_zeta": -71.161,
            "bb_type": "BI",
            "chi": -151.554,
            "glyco_bond": "anti",
            "C5prime_xyz": [
                -1.057,
                8.586,
                0.083
            ],
            "P_xyz": [
                1.42,
                8.963,
                0.886
            ],
            "form": "A",
            "ssZp": 4.209,
            "Dp": 4.673,
            "splay_angle": 23.685,
            "splay_distance": 3.875,
            "splay_ratio": 0.207,
            "eta": 167.999,
            "theta": -146.159,
            "eta_prime": -178.602,
            "theta_prime": -141.588,
            "eta_base": -132.972,
            "theta_base": -125.043,
            "v0": 10.158,
            "v1": -30.512,
            "v2": 38.179,
            "v3": -33.423,
            "v4": 14.729,
            "amplitude": 38.256,
            "phase_angle": 3.643,
            "puckering": "C3'-endo",
            "sugar_class": "~C3'-endo",
            "bin": "33p",
            "cluster": "1a",
            "suiteness": 0.432,
            "filter_rmsd": 0.103,
            "frame": {
                "rmsd": 0.003,
                "origin": [
                    -11.17,
                    -9.556,
                    -8.872
                ],
                "x_axis": [
                    0.742,
                    0.045,
                    0.669
                ],
                "y_axis": [
                    0.538,
                    0.555,
                    -0.634
                ],
                "z_axis": [
                    -0.4,
                    0.831,
                    0.388
                ],
                "quaternion": [
                    0.819,
                    -0.447,
                    -0.326,
                    -0.151
                ]
            }
        },
        {
            "index": 14,
            "index_chain": 14,
            "chain_name": "B",
            "nt_resnum": 14,
            "nt_name": "G",
            "nt_code": "G",
            "nt_id": "///A/14",
            "linked_nts": [
                "///A/13",
                "///A/15"
            ],
            "nt_type": "RNA",
            "dbn": ")",
            "summary": "anti,~C3'-endo,BI,canonical,non-pair-contact,helix,stem,coaxial-stack",
            "alpha": -66.745,
            "beta": 157.711,
            "gamma": 72.595,
            "delta": 81.944,
            "epsilon": -151.087,
            "zeta": -65.208,
            "epsilon_zeta": -85.879,
            "bb_type": "BI",
            "chi": -167.897,
            "glyco_bond": "anti",
            "C5prime_xyz": [
                -1.892,
                8.869,
                0.803
            ],
            "P_xyz": [
                0.63,
                9.584,
                0.603
            ],
            "form": "A",
            "ssZp": 4.313,
            "Dp": 4.378,
            "splay_angle": 22.058,
            "splay_distance": 3.756,
            "splay_ratio": 0.196,
            "eta": 172.35,
            "theta": -136.657,
            "eta_prime": -170.321,
            "theta_prime": -139.775,
            "eta_base": -142.424,
            "theta_base": -111.797,
            "v0": -9.519,
            "v1": -14.514,
            "v2": 31.47,
            "v3": -37.875,
            "v4": 29.812,
            "amplitude": 37.487,
            "phase_angle": 32.914,
            "puckering": "C3'-endo",
            "sugar_class": "~C3'-endo",
            "bin": "33p",
            "cluster": "1a",
            "suiteness": 0.401,
            "filter_rmsd": 0.002,
            "frame": {
                "rmsd": 0.002,
                "origin": [
                    -12.912,
                    -7.39,
                    -6.172
                ],
                "x_axis": [
                    0.957,
                    0.063,
                    0.283
                ],
                "y_axis": [
                    0.212,
                    0.516,
                    -0.83
                ],
                "z_axis": [
                    -0.199,
                    0.854,
                    0.481
                ],
                "quaternion": [
                    0.859,
                    -0.49,
                    -0.14,
                    -0.043
                ]
            }
        },
        {
            "index": 15,
            "index_chain": 15,
            "chain_name": "B",
            "nt_resnum": 15,
            "nt_name": "A",
            "nt_code": "A",
            "nt_id": "///A/15",
            "linked_nts": [
                "///A/14",
                "///A/16"
            ],
            "nt_type": "RNA",
            "dbn": ")",
            "summary": "anti,~C3'-endo,canonical,non-pair-contact,helix,stem-end,coaxial-stack,bulge,cap-acceptor,splayed-apart",
            "alpha": -66.056,
            "beta": 179.148,
            "gamma": 50.16,
            "delta": 84.129,
            "epsilon": -134.593,
            "zeta": 61.662,
            "epsilon_zeta": 163.745,
            "bb_type": "--",
            "chi": -151.64,
            "glyco_bond": "anti",
            "C5prime_xyz": [
                -1.999,
                8.909,
                -0.152
            ],
            "P_xyz": [
                0.369,
                9.985,
                0.233
            ],
            "form": ".",
            "ssZp": 3.793,
            "Dp": 4.275,
            "splay_angle": 154.361,
            "splay_distance": 17.88,
            "splay_ratio": 0.975,
            "eta": 171.622,
            "theta": -0.973,
            "eta_prime": -173.684,
            "theta_prime": 7.606,
            "eta_base": -132.206,
            "theta_base": 45.367,
            "v0": -13.855,
            "v1": -9.321,
            "v2": 27.359,
            "v3": -36.129,
            "v4": 31.424,
            "amplitude": 36.016,
            "phase_angle": 40.567,
            "puckering": "C4'-exo",
            "sugar_class": "~C3'-endo",
            "bin": "33p",
            "cluster": "1a",
            "suiteness": 0.938,
            "filter_rmsd": 0.037,
            "frame": {
                "rmsd": 0.002,
                "origin": [
                    -12.373,
                    -5.245,
                    -3.135
                ],
                "x_axis": [
                    0.918,
                    0.244,
                    -0.313
                ],
                "y_axis": [
                    -0.394,
                    0.465,
                    -0.793
                ],
                "z_axis": [
                    -0.048,
                    0.851,
                    0.523
                ],
                "quaternion": [
                    0.852,
                    -0.482,
                    0.078,
                    0.187
                ]
            }
        },
        {
            "index": 16,
            "index_chain": 16,
            "chain_name": "B",
            "nt_resnum": 16,
            "nt_name": "A",
            "nt_code": "A",
            "nt_id": "///A/16",
            "linked_nts": [
                "///A/15",
                "///A/17"
            ],
            "nt_type": "RNA",
            "dbn": ".",
            "summary": "anti,~C2'-endo,BII,non-pair-contact,bulge,splayed-apart",
            "alpha": -125.505,
            "beta": -115.124,
            "gamma": 68.219,
            "delta": 143.449,
            "epsilon": -95.594,
            "zeta": 156.801,
            "epsilon_zeta": 107.605,
            "bb_type": "BII",
            "chi": -164.631,
            "glyco_bond": "anti",
            "C5prime_xyz": [
                -1.995,
                8.514,
                1.162
            ],
            "P_xyz": [
                -1.058,
                7.739,
                3.502
            ],
            "form": ".",
            "ssZp": 0.952,
            "Dp": 1.017,
            "splay_angle": 19.868,
            "splay_distance": 3.413,
            "splay_ratio": 0.173,
            "eta": -154.263,
            "theta": -168.41,
            "eta_prime": -118.763,
            "theta_prime": 155.98,
            "eta_base": -139.034,
            "theta_base": 114.928,
            "v0": -21.208,
            "v1": 34.948,
            "v2": -34.698,
            "v3": 23.526,
            "v4": -1.645,
            "amplitude": 36.129,
            "phase_angle": 163.82,
            "puckering": "C2'-endo",
            "sugar_class": "~C2'-endo",
            "bin": "32p",
            "cluster": "!!",
            "suiteness": 0,
            "filter_rmsd": 0.038,
            "frame": {
                "rmsd": 0.001,
                "origin": [
                    -24.74,
                    3.743,
                    -12.407
                ],
                "x_axis": [
                    -0.168,
                    -0.885,
                    -0.434
                ],
                "y_axis": [
                    0.904,
                    -0.315,
                    0.291
                ],
                "z_axis": [
                    -0.394,
                    -0.344,
                    0.853
                ],
                "quaternion": [
                    0.585,
                    0.271,
                    0.017,
                    -0.764
                ]
            }
        },
        {
            "index": 17,
            "index_chain": 17,
            "chain_name": "B",
            "nt_resnum": 17,
            "nt_name": "G",
            "nt_code": "G",
            "nt_id": "///A/17",
            "linked_nts": [
                "///A/16",
                "///A/18"
            ],
            "nt_type": "RNA",
            "dbn": ".",
            "summary": "anti,~C2'-endo,non-pair-contact,bulge,splayed-apart",
            "alpha": 12.918,
            "beta": -73.042,
            "gamma": -122.276,
            "delta": 132.604,
            "epsilon": -101.831,
            "zeta": 54.701,
            "epsilon_zeta": 203.468,
            "bb_type": "--",
            "chi": -106.95,
            "glyco_bond": "anti",
            "C5prime_xyz": [
                -2.676,
                8.254,
                -2.003
            ],
            "P_xyz": [
                -3.908,
                7.812,
                -4.292
            ],
            "form": ".",
            "ssZp": 1.082,
            "Dp": 1.278,
            "splay_angle": 145.508,
            "splay_distance": 19.215,
            "splay_ratio": 0.955,
            "eta": -99.333,
            "theta": 11.689,
            "eta_prime": -136.858,
            "theta_prime": 4.755,
            "eta_base": -177.076,
            "theta_base": -21.169,
            "v0": -31.017,
            "v1": 37.796,
            "v2": -30.085,
            "v3": 13.201,
            "v4": 10.987,
            "amplitude": 37.059,
            "phase_angle": 144.273,
            "puckering": "C2'-endo",
            "sugar_class": "~C2'-endo",
            "bin": "trig",
            "cluster": "!!",
            "suiteness": 0,
            "filter_rmsd": 0.002,
            "frame": {
                "rmsd": 0.002,
                "origin": [
                    -22.321,
                    4.709,
                    -14.613
                ],
                "x_axis": [
                    -0.794,
                    0.596,
                    -0.116
                ],
                "y_axis": [
                    0.475,
                    0.729,
                    0.493
                ],
                "z_axis": [
                    0.378,
                    0.336,
                    -0.863
                ],
                "quaternion": [
                    0.134,
                    0.291,
                    0.92,
                    0.225
                ]
            }
        },
        {
            "index": 18,
            "index_chain": 18,
            "chain_name": "B",
            "nt_resnum": 18,
            "nt_name": "U",
            "nt_code": "U",
            "nt_id": "///A/18",
            "linked_nts": [
                "///A/17",
                "///A/19"
            ],
            "nt_type": "RNA",
            "dbn": ".",
            "summary": "turn,anti,~C2'-endo,non-stack,non-pair-contact,bulge,splayed-apart",
            "alpha": 69.162,
            "beta": 95.82,
            "gamma": 159.76,
            "delta": 145.54,
            "epsilon": -100.682,
            "zeta": -67.603,
            "epsilon_zeta": -33.079,
            "bb_type": "--",
            "chi": -121.733,
            "glyco_bond": "anti",
            "C5prime_xyz": [
                -1.849,
                8.513,
                -1.037
            ],
            "P_xyz": [
                -1.531,
                8.939,
                -3.616
            ],
            "form": ".",
            "ssZp": 0.988,
            "Dp": 1.098,
            "splay_angle": 97.882,
            "splay_distance": 14.087,
            "splay_ratio": 0.757,
            "eta": 91.159,
            "theta": -101.813,
            "eta_prime": 74.693,
            "theta_prime": -136.376,
            "eta_base": 87.171,
            "theta_base": 176.124,
            "v0": -18.332,
            "v1": 33.684,
            "v2": -35.42,
            "v3": 25.925,
            "v4": -4.961,
            "amplitude": 36.08,
            "phase_angle": 169.03,
            "puckering": "C2'-endo",
            "sugar_class": "~C2'-endo",
            "bin": "22t",
            "cluster": "!!",
            "suiteness": 0,
            "filter_rmsd": 0.103,
            "frame": {
                "rmsd": 0.003,
                "origin": [
                    -8.784,
                    11.655,
                    -2.879
                ],
                "x_axis": [
                    -0.59,
                    0.793,
                    0.151
                ],
                "y_axis": [
                    -0.737,
                    -0.453,
                    -0.501
                ],
                "z_axis": [
                    -0.329,
                    -0.407,
                    0.852
                ],
                "quaternion": [
                    0.45,
                    -0.052,
                    -0.267,
                    0.851
                ]
            }
        },
        {
            "index": 19,
            "index_chain": 19,
            "chain_name": "B",
            "nt_resnum": 19,
            "nt_name": "C",
            "nt_code": "C",
            "nt_id": "///A/19",
            "linked_nts": [
                "///A/18",
                "///A/20"
            ],
            "nt_type": "RNA",
            "dbn": ")",
            "summary": "anti,~C3'-endo,BI,canonical,non-pair-contact,helix,stem-end,coaxial-stack,bulge,cap-donor,splayed-apart",
            "alpha": 124.835,
            "beta": 163.406,
            "gamma": 35.752,
            "delta": 87.783,
            "epsilon": -148.143,
            "zeta": -73.544,
            "epsilon_zeta": -74.599,
            "bb_type": "BI",
            "chi": -165.596,
            "glyco_bond": "anti",
            "C5prime_xyz": [
                -0.838,
                8.406,
                0.943
            ],
            "P_xyz": [
                1.741,
                8.087,
                1.362
            ],
            "form": "A",
            "ssZp": 4.627,
            "Dp": 4.693,
            "splay_angle": 22.555,
            "splay_distance": 3.561,
            "splay_ratio": 0.199,
            "eta": -52.44,
            "theta": -137.971,
            "eta_prime": 16.926,
            "theta_prime": -137.447,
            "eta_base": 68.447,
            "theta_base": -123.807,
            "v0": 14.633,
            "v1": -33.845,
            "v2": 39.179,
            "v3": -31.81,
            "v4": 10.933,
            "amplitude": 39.223,
            "phase_angle": 357.277,
            "puckering": "C2'-exo",
            "sugar_class": "~C3'-endo",
            "bin": "23p",
            "cluster": "!!",
            "suiteness": 0,
            "filter_rmsd": 0.063,
            "frame": {
                "rmsd": 0.002,
                "origin": [
                    -8.487,
                    -2.348,
                    -1.371
                ],
                "x_axis": [
                    0.816,
                    0.327,
                    -0.477
                ],
                "y_axis": [
                    -0.578,
                    0.427,
                    -0.695
                ],
                "z_axis": [
                    -0.024,
                    0.843,
                    0.538
                ],
                "quaternion": [
                    0.834,
                    -0.461,
                    0.136,
                    0.271
                ]
            }
        },
        {
            "index": 20,
            "index_chain": 20,
            "chain_name": "B",
            "nt_resnum": 20,
            "nt_name": "G",
            "nt_code": "G",
            "nt_id": "///A/20",
            "linked_nts": [
                "///A/19",
                "///A/21"
            ],
            "nt_type": "RNA",
            "dbn": ")",
            "summary": "anti,~C3'-endo,BI,canonical,non-pair-contact,helix,stem,coaxial-stack,phosphate",
            "alpha": -63.903,
            "beta": 164.087,
            "gamma": 63.766,
            "delta": 82.945,
            "epsilon": -157.124,
            "zeta": -60.87,
            "epsilon_zeta": -96.254,
            "bb_type": "BI",
            "chi": -170.765,
            "glyco_bond": "anti",
            "C5prime_xyz": [
                -1.63,
                8.714,
                1.078
            ],
            "P_xyz": [
                0.957,
                9.149,
                1.251
            ],
            "form": "A",
            "ssZp": 4.42,
            "Dp": 4.47,
            "splay_angle": 21.288,
            "splay_distance": 3.382,
            "splay_ratio": 0.187,
            "eta": 170.442,
            "theta": -136.134,
            "eta_prime": -171.201,
            "theta_prime": -137.953,
            "eta_base": -137.647,
            "theta_base": -96.622,
            "v0": -1.838,
            "v1": -21.209,
            "v2": 34.82,
            "v3": -36.905,
            "v4": 24.406,
            "amplitude": 37.391,
            "phase_angle": 21.373,
            "puckering": "C3'-endo",
            "sugar_class": "~C3'-endo",
            "bin": "33p",
            "cluster": "1a",
            "suiteness": 0.74,
            "filter_rmsd": 0.002,
            "frame": {
                "rmsd": 0.002,
                "origin": [
                    -7.186,
                    -0.448,
                    1.345
                ],
                "x_axis": [
                    0.472,
                    0.418,
                    -0.776
                ],
                "y_axis": [
                    -0.88,
                    0.276,
                    -0.386
                ],
                "z_axis": [
                    0.053,
                    0.865,
                    0.498
                ],
                "quaternion": [
                    0.749,
                    -0.418,
                    0.277,
                    0.433
                ]
            }
        },
        {
            "index": 21,
            "index_chain": 21,
            "chain_name": "B",
            "nt_resnum": 21,
            "nt_name": "C",
            "nt_code": "C",
            "nt_id": "///A/21",
            "linked_nts": [
                "///A/20",
                null
            ],
            "nt_type": "RNA",
            "dbn": ")",
            "summary": "anti,~C3'-endo,canonical,non-pair-contact,helix-end,stem-end,coaxial-stack",
            "alpha": -66.575,
            "beta": -172.709,
            "gamma": 42.424,
            "delta": 85.27,
            "epsilon": null,
            "zeta": null,
            "epsilon_zeta": null,
            "bb_type": "--",
            "chi": -148.385,
            "glyco_bond": "anti",
            "C5prime_xyz": [
                -1.186,
                8.744,
                -0.144
            ],
            "P_xyz": [
                1.358,
                9.202,
                0.343
            ],
            "form": "-",
            "ssZp": null,
            "Dp": null,
            "splay_angle": null,
            "splay_distance": null,
            "splay_ratio": null,
            "eta": null,
            "theta": null,
            "eta_prime": null,
            "theta_prime": null,
            "eta_base": null,
            "theta_base": null,
            "v0": 4.028,
            "v1": -25.161,
            "v2": 35.482,
            "v3": -34.246,
            "v4": 19.095,
            "amplitude": 36.34,
            "phase_angle": 12.471,
            "puckering": "C3'-endo",
            "sugar_class": "~C3'-endo",
            "bin": "33p",
            "cluster": "1a",
            "suiteness": 0.69,
            "filter_rmsd": 0.063,
            "frame": {
                "rmsd": 0.001,
                "origin": [
                    -5.587,
                    2.513,
                    1.684
                ],
                "x_axis": [
                    -0.291,
                    0.511,
                    -0.809
                ],
                "y_axis": [
                    -0.938,
                    0.013,
                    0.346
                ],
                "z_axis": [
                    0.187,
                    0.859,
                    0.476
                ],
                "quaternion": [
                    0.547,
                    -0.235,
                    0.455,
                    0.662
                ]
            }
        }
    ],
    "num_hbonds": 29,
    "hbonds": [
        {
            "index": 1,
            "atom1_serNum": 15,
            "atom2_serNum": 661,
            "donAcc_type": "standard",
            "distance": 3.006,
            "atom1_id": "///A/1/N2",
            "atom2_id": "///A/21/O2",
            "atom_pair": "N:O",
            "residue_pair": "nt:nt"
        },
        {
            "index": 2,
            "atom1_serNum": 18,
            "atom2_serNum": 661,
            "donAcc_type": "standard",
            "distance": 3.14,
            "atom1_id": "///A/1/N1",
            "atom2_id": "///A/21/O2",
            "atom_pair": "N:O",
            "residue_pair": "nt:nt"
        },
        {
            "index": 3,
            "atom1_serNum": 18,
            "atom2_serNum": 662,
            "donAcc_type": "standard",
            "distance": 3.006,
            "atom1_id": "///A/1/N1",
            "atom2_id": "///A/21/N3",
            "atom_pair": "N:N",
            "residue_pair": "nt:nt"
        },
        {
            "index": 4,
            "atom1_serNum": 21,
            "atom2_serNum": 664,
            "donAcc_type": "standard",
            "distance": 2.893,
            "atom1_id": "///A/1/O6",
            "atom2_id": "///A/21/N4",
            "atom_pair": "O:N",
            "residue_pair": "nt:nt"
        },
        {
            "index": 5,
            "atom1_serNum": 49,
            "atom2_serNum": 627,
            "donAcc_type": "standard",
            "distance": 2.708,
            "atom1_id": "///A/2/O2",
            "atom2_id": "///A/20/N2",
            "atom_pair": "O:N",
            "residue_pair": "nt:nt"
        },
        {
            "index": 6,
            "atom1_serNum": 50,
            "atom2_serNum": 630,
            "donAcc_type": "standard",
            "distance": 2.802,
            "atom1_id": "///A/2/N3",
            "atom2_id": "///A/20/N1",
            "atom_pair": "N:N",
            "residue_pair": "nt:nt"
        },
        {
            "index": 7,
            "atom1_serNum": 52,
            "atom2_serNum": 633,
            "donAcc_type": "standard",
            "distance": 2.842,
            "atom1_id": "///A/2/N4",
            "atom2_id": "///A/20/O6",
            "atom_pair": "N:O",
            "residue_pair": "nt:nt"
        },
        {
            "index": 8,
            "atom1_serNum": 80,
            "atom2_serNum": 596,
            "donAcc_type": "standard",
            "distance": 2.703,
            "atom1_id": "///A/3/N2",
            "atom2_id": "///A/19/O2",
            "atom_pair": "N:O",
            "residue_pair": "nt:nt"
        },
        {
            "index": 9,
            "atom1_serNum": 83,
            "atom2_serNum": 597,
            "donAcc_type": "standard",
            "distance": 2.846,
            "atom1_id": "///A/3/N1",
            "atom2_id": "///A/19/N3",
            "atom_pair": "N:N",
            "residue_pair": "nt:nt"
        },
        {
            "index": 10,
            "atom1_serNum": 86,
            "atom2_serNum": 599,
            "donAcc_type": "standard",
            "distance": 2.866,
            "atom1_id": "///A/3/O6",
            "atom2_id": "///A/19/N4",
            "atom_pair": "O:N",
            "residue_pair": "nt:nt"
        },
        {
            "index": 11,
            "atom1_serNum": 93,
            "atom2_serNum": 101,
            "donAcc_type": "acceptable",
            "distance": 2.975,
            "atom1_id": "///A/3/O2'",
            "atom2_id": "///A/4/O5'",
            "atom_pair": "O:O",
            "residue_pair": "nt:nt"
        },
        {
            "index": 12,
            "atom1_serNum": 93,
            "atom2_serNum": 107,
            "donAcc_type": "acceptable",
            "distance": 2.961,
            "atom1_id": "///A/3/O2'",
            "atom2_id": "///A/4/O4'",
            "atom_pair": "O:O",
            "residue_pair": "nt:nt"
        },
        {
            "index": 13,
            "atom1_serNum": 115,
            "atom2_serNum": 467,
            "donAcc_type": "standard",
            "distance": 2.757,
            "atom1_id": "///A/4/N3",
            "atom2_id": "///A/15/N1",
            "atom_pair": "N:N",
            "residue_pair": "nt:nt"
        },
        {
            "index": 14,
            "atom1_serNum": 118,
            "atom2_serNum": 469,
            "donAcc_type": "standard",
            "distance": 2.84,
            "atom1_id": "///A/4/O4",
            "atom2_id": "///A/15/N6",
            "atom_pair": "O:N",
            "residue_pair": "nt:nt"
        },
        {
            "index": 15,
            "atom1_serNum": 144,
            "atom2_serNum": 432,
            "donAcc_type": "standard",
            "distance": 2.695,
            "atom1_id": "///A/5/O2",
            "atom2_id": "///A/14/N2",
            "atom_pair": "O:N",
            "residue_pair": "nt:nt"
        },
        {
            "index": 16,
            "atom1_serNum": 145,
            "atom2_serNum": 435,
            "donAcc_type": "standard",
            "distance": 2.883,
            "atom1_id": "///A/5/N3",
            "atom2_id": "///A/14/N1",
            "atom_pair": "N:N",
            "residue_pair": "nt:nt"
        },
        {
            "index": 17,
            "atom1_serNum": 147,
            "atom2_serNum": 438,
            "donAcc_type": "standard",
            "distance": 2.939,
            "atom1_id": "///A/5/N4",
            "atom2_id": "///A/14/O6",
            "atom_pair": "N:O",
            "residue_pair": "nt:nt"
        },
        {
            "index": 18,
            "atom1_serNum": 176,
            "atom2_serNum": 403,
            "donAcc_type": "standard",
            "distance": 2.712,
            "atom1_id": "///A/6/N1",
            "atom2_id": "///A/13/N3",
            "atom_pair": "N:N",
            "residue_pair": "nt:nt"
        },
        {
            "index": 19,
            "atom1_serNum": 178,
            "atom2_serNum": 406,
            "donAcc_type": "standard",
            "distance": 2.7,
            "atom1_id": "///A/6/N6",
            "atom2_id": "///A/13/O4",
            "atom_pair": "N:O",
            "residue_pair": "nt:nt"
        },
        {
            "index": 20,
            "atom1_serNum": 208,
            "atom2_serNum": 368,
            "donAcc_type": "standard",
            "distance": 2.783,
            "atom1_id": "///A/7/O2",
            "atom2_id": "///A/12/N2",
            "atom_pair": "O:N",
            "residue_pair": "nt:nt"
        },
        {
            "index": 21,
            "atom1_serNum": 208,
            "atom2_serNum": 371,
            "donAcc_type": "standard",
            "distance": 2.896,
            "atom1_id": "///A/7/O2",
            "atom2_id": "///A/12/N1",
            "atom_pair": "O:N",
            "residue_pair": "nt:nt"
        },
        {
            "index": 22,
            "atom1_serNum": 209,
            "atom2_serNum": 371,
            "donAcc_type": "standard",
            "distance": 2.957,
            "atom1_id": "///A/7/N3",
            "atom2_id": "///A/12/N1",
            "atom_pair": "N:N",
            "residue_pair": "nt:nt"
        },
        {
            "index": 23,
            "atom1_serNum": 211,
            "atom2_serNum": 374,
            "donAcc_type": "standard",
            "distance": 3.013,
            "atom1_id": "///A/7/N4",
            "atom2_id": "///A/12/O6",
            "atom_pair": "N:O",
            "residue_pair": "nt:nt"
        },
        {
            "index": 24,
            "atom1_serNum": 237,
            "atom2_serNum": 337,
            "donAcc_type": "standard",
            "distance": 3.462,
            "atom1_id": "///A/8/N3",
            "atom2_id": "///A/11/N1",
            "atom_pair": "N:N",
            "residue_pair": "nt:nt"
        },
        {
            "index": 25,
            "atom1_serNum": 251,
            "atom2_serNum": 340,
            "donAcc_type": "acceptable",
            "distance": 2.848,
            "atom1_id": "///A/8/O2'",
            "atom2_id": "///A/11/O6",
            "atom_pair": "O:O",
            "residue_pair": "nt:nt"
        },
        {
            "index": 26,
            "atom1_serNum": 258,
            "atom2_serNum": 306,
            "donAcc_type": "standard",
            "distance": 2.873,
            "atom1_id": "///A/9/OP2",
            "atom2_id": "///A/10/N4",
            "atom_pair": "O:N",
            "residue_pair": "nt:nt"
        },
        {
            "index": 27,
            "atom1_serNum": 303,
            "atom2_serNum": 334,
            "donAcc_type": "standard",
            "distance": 3.205,
            "atom1_id": "///A/10/O2",
            "atom2_id": "///A/11/N2",
            "atom_pair": "O:N",
            "residue_pair": "nt:nt"
        },
        {
            "index": 28,
            "atom1_serNum": 497,
            "atom2_serNum": 511,
            "donAcc_type": "acceptable",
            "distance": 3.118,
            "atom1_id": "///A/16/N3",
            "atom2_id": "///A/16/O2'",
            "atom_pair": "N:O",
            "residue_pair": "nt:nt"
        },
        {
            "index": 29,
            "atom1_serNum": 575,
            "atom2_serNum": 613,
            "donAcc_type": "acceptable",
            "distance": 2.738,
            "atom1_id": "///A/18/O2'",
            "atom2_id": "///A/20/OP2",
            "atom_pair": "O:O",
            "residue_pair": "nt:nt"
        }
    ],
    "refCoords": {
        "purine": [
            "   12 ATOMS,    12 BONDS",
            "    1 N      -2.2500   5.0000   0.2500",
            "    2 N      -2.2500   0.5000   0.2500",
            "    3 N      -2.2500   0.5000  -0.2500",
            "    4 N      -2.2500   5.0000  -0.2500",
            "    5 C       2.2500   5.0000   0.2500",
            "    6 C       2.2500   0.5000   0.2500",
            "    7 C       2.2500   0.5000  -0.2500",
            "    8 C       2.2500   5.0000  -0.2500",
            "    9 C      -2.2500   5.0000   0.2500",
            "   10 C      -2.2500   0.5000   0.2500",
            "   11 C      -2.2500   0.5000  -0.2500",
            "   12 C      -2.2500   5.0000  -0.2500",
            "    1     1     2",
            "    2     2     3",
            "    3     3     4",
            "    4     4     1",
            "    5     5     6",
            "    6     6     7",
            "    7     7     8",
            "    8     5     8",
            "    9     9     5",
            "   10    10     6",
            "   11    11     7",
            "   12    12     8"
        ],
        "pyrimidine": [
            "   12 ATOMS,    12 BONDS",
            "    1 N      -2.2500   5.0000   0.2500",
            "    2 N      -2.2500   2.0000   0.2500",
            "    3 N      -2.2500   2.0000  -0.2500",
            "    4 N      -2.2500   5.0000  -0.2500",
            "    5 C       2.2500   5.0000   0.2500",
            "    6 C       2.2500   2.0000   0.2500",
            "    7 C       2.2500   2.0000  -0.2500",
            "    8 C       2.2500   5.0000  -0.2500",
            "    9 C      -2.2500   5.0000   0.2500",
            "   10 C      -2.2500   2.0000   0.2500",
            "   11 C      -2.2500   2.0000  -0.2500",
            "   12 C      -2.2500   5.0000  -0.2500",
            "    1     1     2",
            "    2     2     3",
            "    3     3     4",
            "    4     4     1",
            "    5     5     6",
            "    6     6     7",
            "    7     7     8",
            "    8     5     8",
            "    9     9     5",
            "   10    10     6",
            "   11    11     7",
            "   12    12     8"
        ],
        "wc_pair": [
            "   12 ATOMS,    12 BONDS",
            "    1 N      -2.2500   5.0000   0.2500",
            "    2 N      -2.2500  -5.0000   0.2500",
            "    3 N      -2.2500  -5.0000  -0.2500",
            "    4 N      -2.2500   5.0000  -0.2500",
            "    5 C       2.2500   5.0000   0.2500",
            "    6 C       2.2500  -5.0000   0.2500",
            "    7 C       2.2500  -5.0000  -0.2500",
            "    8 C       2.2500   5.0000  -0.2500",
            "    9 C      -2.2500   5.0000   0.2500",
            "   10 C      -2.2500  -5.0000   0.2500",
            "   11 C      -2.2500  -5.0000  -0.2500",
            "   12 C      -2.2500   5.0000  -0.2500",
            "    1     1     2",
            "    2     2     3",
            "    3     3     4",
            "    4     4     1",
            "    5     5     6",
            "    6     6     7",
            "    7     7     8",
            "    8     5     8",
            "    9     9     5",
            "   10    10     6",
            "   11    11     7",
            "   12    12     8"
        ]
    },
    "metadata": {
        "version": "DSSR v2.4.2-2023may01 by xiangjun@x3dna.org",
        "license": "http://innovation.columbia.edu/technologies/CU20391",
        "url": "http://x3dna.org/",
        "url_alt": "http://home.x3dna.org/",
        "forum": "http://forum.x3dna.org/",
        "citation": "Lu et al. (2015). 'DSSR: an integrated software tool for dissecting the spatial structure of RNA.' Nucleic Acids Res., 43(21):e142 [doi:10.1093/nar/gkv716].",
        "command": "x3dna-dssr -i=skmatic.pdb --json --symmetry -o=dssr-derived.json",
        "input_file": "skmatic.pdb",
        "str_id": "skmatic",
        "num_naChains": 1,
        "naChains": "A=21",
        "num_atoms": 676,
        "num_waters": 0,
        "num_notes": 52,
        "notes": [
            {
                "Aminors": "A-minor interactions (including types I and II)"
            },
            {
                "Cstem_index": "stem index of the 'Canonical' helix in k-turn"
            },
            {
                "Cstem_pair": "Cstem bp delineating the k-turn internal loop"
            },
            {
                "Dp": "perpendicular distance of the 3' P atom to the glycosidic bond"
            },
            {
                "GA_pair": "sheared G-A pair in k-turn"
            },
            {
                "HtypePknot": "H-type pseudoknot"
            },
            {
                "Kturn": "kink-turn (k-turn)"
            },
            {
                "LW": "Leontis-Westhof"
            },
            {
                "NCstem_index": "stem index of the 'Non-Canonical' helix in k-turn"
            },
            {
                "NCstem_pair": "NCstem bp delineating the k-turn internal loop"
            },
            {
                "Uturn": "U-turn of the UNR- or GNRA-type"
            },
            {
                "aa": "amino acid"
            },
            {
                "atom_pair": "symbols of the two atoms involved in an H-bond"
            },
            {
                "auxfiles": "auxiliary files"
            },
            {
                "glyco_bond": "conformation of base related to sugar (syn or anti)"
            },
            {
                "bb_type": "backbone conformation, BI or BII"
            },
            {
                "bending_angle": "angle between two helical axes"
            },
            {
                "bp": "base pair"
            },
            {
                "bseq": "base sequence in one-letter code"
            },
            {
                "bulge": "bulge loop"
            },
            {
                "coaxStacks": "coaxial stacking of stems within a helix"
            },
            {
                "dbn": "dot bracket notation"
            },
            {
                "desc": "description"
            },
            {
                "donAcc_type": "donor/acceptor type of the atom pair in an H-bond"
            },
            {
                "epsilon_zeta": "difference between epsilon and zeta torsion angles"
            },
            {
                "hairpin": "hairpin loop"
            },
            {
                "hbond": "hydrogen bond (H-bond)"
            },
            {
                "helix": "defined by base-stacking interactions, regardless of bp type and backbone connectivity"
            },
            {
                "id": "identifier"
            },
            {
                "iloop": "internal loop"
            },
            {
                "index": "serial number"
            },
            {
                "isoCanonPairs": "isolated canonical pairs"
            },
            {
                "junction": "(multi-branched) junction loop"
            },
            {
                "kissingLoop": "kissing loop"
            },
            {
                "multiplet": "3+ bases in a coplanar geometry"
            },
            {
                "na": "nucleic acid"
            },
            {
                "nonPair": "two nts not forming a pair, but with H-bonding/stacking interactions"
            },
            {
                "nonStack": "nucleotide not involved in stacking interactions"
            },
            {
                "nt": "nucleotide"
            },
            {
                "num": "number"
            },
            {
                "oArea": "overlap areas between two bases, including exocyclic atoms"
            },
            {
                "oArea_ring": "overlap areas between two bases, including only ring atoms"
            },
            {
                "phosContacts": "H-bonding and atom-capping interactions involving a phosphate"
            },
            {
                "residue_pair": "types of the two residues involved in an H-bond"
            },
            {
                "rmsd": "root-mean-squares deviation"
            },
            {
                "serNum": "serial number"
            },
            {
                "ssSegments": "single-stranded segments not involved in loops"
            },
            {
                "ssZp": "Z-coordinate of the 3' phosphorus atom with reference to the 5' base plane"
            },
            {
                "sstr": "secondary structure in dbn"
            },
            {
                "stem": "helix consisting of only canonical pairs, with a continuous backbone"
            },
            {
                "str_id": "structure identifier, derived from inpfile with extension removed"
            },
            {
                "vert_dist": "vertical distance from an atom to a base plane"
            }
        ],
        "num_auxfiles": 12,
        "auxfiles": [
            {
                "index": 1,
                "name": "dssr-pairs.pdb",
                "desc": "an ensemble of base pairs"
            },
            {
                "index": 2,
                "name": "dssr-stems.pdb",
                "desc": "an ensemble of stems"
            },
            {
                "index": 3,
                "name": "dssr-helices.pdb",
                "desc": "an ensemble of helices (coaxial stacking)"
            },
            {
                "index": 4,
                "name": "dssr-hairpins.pdb",
                "desc": "an ensemble of hairpin loops"
            },
            {
                "index": 5,
                "name": "dssr-bulges.pdb",
                "desc": "an ensemble of bulges"
            },
            {
                "index": 6,
                "name": "dssr-2ndstrs.bpseq",
                "desc": "secondary structure in bpseq format"
            },
            {
                "index": 7,
                "name": "dssr-2ndstrs.ct",
                "desc": "secondary structure in connectivity table format"
            },
            {
                "index": 8,
                "name": "dssr-2ndstrs.dbn",
                "desc": "secondary structure in dot-bracket notation"
            },
            {
                "index": 9,
                "name": "dssr-torsions.txt",
                "desc": "backbone torsion angles and suite names"
            },
            {
                "index": 10,
                "name": "dssr-splays.pdb",
                "desc": "an ensemble of splayed-apart units"
            },
            {
                "index": 11,
                "name": "dssr-stacks.pdb",
                "desc": "an ensemble of base stacks"
            },
            {
                "index": 12,
                "name": "dssr-atom2bases.pdb",
                "desc": "an ensemble of atom-base stacking interactions"
            }
        ],
        "time_used": "999"
    }
}