{
  "directed": true,
  "multigraph": false,
  "graph": {
    "dbn": {
      "all_chains": {
        "num_nts": 36,
        "num_chars": 37,
        "bseq": "GGCGUGUAGGAUAUGCUUCGGCAGAAGGACACGCC&?",
        "bseqUP": "GGCGUGUAGGAUAUGCUUCGGCAGAAGGACACGCC&?",
        "sstr": "(((((((......(((....))).....)))))))&.",
        "form": "...AA........AA.....A......AAA....-&-"
      },
      "single_chains": {
        "m1_chain_A": {
          "num_nts": 36,
          "num_chars": 37,
          "bseq": "GGCGUGUAGGAUAUGCUUCGGCAGAAGGACACGCC&?",
          "bseqUP": "GGCGUGUAGGAUAUGCUUCGGCAGAAGGACACGCC&?",
          "sstr": "(((((((......(((....))).....)))))))&.",
          "form": "...AA........AA.....A......AAA....-&-"
        }
      }
    },
    "resolution_low": null,
    "resolution_high": null
  },
  "nodes": [
    {
      "index": 1,
      "index_chain": 1,
      "chain_name": "A",
      "nt_resnum": 1,
      "nt_name": "G",
      "nt_code": "G",
      "nt_id": "A.G1",
      "nt_type": "RNA",
      "dbn": "(",
      "summary": "anti,~C3'-endo,BI,canonical,non-canonical,non-pair-contact,helix-end,stem-end,coaxial-stack,multiplet,phosphate",
      "alpha": null,
      "beta": 148.416,
      "gamma": 56.203,
      "delta": 84.986,
      "epsilon": -150.864,
      "zeta": -83.394,
      "epsilon_zeta": -67.47,
      "bb_type": "BI",
      "chi": -157.708,
      "glyco_bond": "anti",
      "C5prime_xyz": [
        -1.464,
        8.787,
        0.544
      ],
      "P_xyz": [
        1.092,
        8.825,
        0.174
      ],
      "form": ".",
      "ssZp": 4.343,
      "Dp": 4.554,
      "splay_angle": 30.064,
      "splay_distance": 4.631,
      "splay_ratio": 0.261,
      "eta": null,
      "theta": -154.543,
      "eta_prime": null,
      "theta_prime": -145.74,
      "eta_base": null,
      "theta_base": -134.492,
      "v0": 8.639,
      "v1": -29.182,
      "v2": 37.7,
      "v3": -33.593,
      "v4": 15.659,
      "amplitude": 37.882,
      "phase_angle": 5.626,
      "puckering": "C3'-endo",
      "sugar_class": "~C3'-endo",
      "bin": "inc",
      "cluster": "__",
      "suiteness": 0.0,
      "filter_rmsd": 0.028,
      "frame": {
        "rmsd": 0.028,
        "origin": [
          -3.456,
          8.949,
          7.065
        ],
        "x_axis": [
          -0.166,
          0.758,
          -0.63
        ],
        "y_axis": [
          -0.863,
          -0.422,
          -0.28
        ],
        "z_axis": [
          -0.478,
          0.497,
          0.724
        ],
        "quaternion": [
          0.533,
          -0.364,
          0.071,
          0.76
        ]
      },
      "sse": {
        "sse": null
      },
      "binding_protein": null,
      "binding_ion": null,
      "binding_small-molecule": null,
      "TotalAsa": 69.39961110888999,
      "PolarAsa": 52.66916249903747,
      "ApolarAsa": 16.730448609852516,
      "id": "1fmn.A.1"
    },
    {
      "index": 10,
      "index_chain": 10,
      "chain_name": "A",
      "nt_resnum": 10,
      "nt_name": "G",
      "nt_code": "G",
      "nt_id": "A.G10",
      "nt_type": "RNA",
      "dbn": ".",
      "summary": "anti,~C3'-endo,BI,non-canonical,non-pair-contact,multiplet,internal-loop,splayed-apart",
      "alpha": 172.367,
      "beta": -162.376,
      "gamma": 169.801,
      "delta": 82.271,
      "epsilon": -159.118,
      "zeta": -73.104,
      "epsilon_zeta": -86.014,
      "bb_type": "BI",
      "chi": -126.574,
      "glyco_bond": "anti",
      "C5prime_xyz": [
        -1.299,
        8.585,
        -1.362
      ],
      "P_xyz": [
        -0.214,
        8.976,
        -3.634
      ],
      "form": ".",
      "ssZp": 2.964,
      "Dp": 4.49,
      "splay_angle": 97.8,
      "splay_distance": 15.82,
      "splay_ratio": 0.755,
      "eta": 164.179,
      "theta": -149.001,
      "eta_prime": -174.031,
      "theta_prime": -169.135,
      "eta_base": -133.505,
      "theta_base": -173.343,
      "v0": 3.35,
      "v1": -25.352,
      "v2": 37.134,
      "v3": -35.997,
      "v4": 20.425,
      "amplitude": 38.21,
      "phase_angle": 13.634,
      "puckering": "C3'-endo",
      "sugar_class": "~C3'-endo",
      "bin": "33t",
      "cluster": "1c",
      "suiteness": 0.294,
      "filter_rmsd": 0.033,
      "frame": {
        "rmsd": 0.033,
        "origin": [
          -12.537,
          -6.678,
          -3.552
        ],
        "x_axis": [
          -0.103,
          0.128,
          -0.986
        ],
        "y_axis": [
          0.927,
          -0.348,
          -0.142
        ],
        "z_axis": [
          -0.361,
          -0.929,
          -0.083
        ],
        "quaternion": [
          -0.341,
          -0.576,
          -0.458,
          0.585
        ]
      },
      "sse": {
        "sse": null
      },
      "binding_protein": null,
      "binding_ion": null,
      "binding_small-molecule": "",
      "TotalAsa": 210.74876522488148,
      "PolarAsa": 152.77393736596875,
      "ApolarAsa": 57.97482785891278,
      "id": "1fmn.A.10"
    },
    {
      "index": 11,
      "index_chain": 11,
      "chain_name": "A",
      "nt_resnum": 11,
      "nt_name": "A",
      "nt_code": "A",
      "nt_id": "A.A11",
      "nt_type": "RNA",
      "dbn": ".",
      "summary": "turn,anti,~C3'-endo,non-stack,non-pair-contact,internal-loop,splayed-apart",
      "alpha": 161.032,
      "beta": 178.692,
      "gamma": -62.12,
      "delta": 88.23,
      "epsilon": -130.441,
      "zeta": -142.457,
      "epsilon_zeta": 12.016,
      "bb_type": "--",
      "chi": -142.039,
      "glyco_bond": "anti",
      "C5prime_xyz": [
        -1.459,
        8.822,
        -0.462
      ],
      "P_xyz": [
        -0.723,
        11.234,
        0.134
      ],
      "form": ".",
      "ssZp": 3.441,
      "Dp": 4.415,
      "splay_angle": 109.643,
      "splay_distance": 15.949,
      "splay_ratio": 0.817,
      "eta": -77.445,
      "theta": 128.598,
      "eta_prime": -77.185,
      "theta_prime": 124.584,
      "eta_base": -88.526,
      "theta_base": 108.478,
      "v0": -1.479,
      "v1": -18.281,
      "v2": 30.225,
      "v3": -31.825,
      "v4": 20.916,
      "amplitude": 32.403,
      "phase_angle": 21.124,
      "puckering": "C3'-endo",
      "sugar_class": "~C3'-endo",
      "bin": "33m",
      "cluster": "!!",
      "suiteness": 0.0,
      "filter_rmsd": 0.04,
      "frame": {
        "rmsd": 0.022,
        "origin": [
          -10.898,
          -22.407,
          -3.14
        ],
        "x_axis": [
          0.695,
          -0.514,
          -0.502
        ],
        "y_axis": [
          0.562,
          0.825,
          -0.066
        ],
        "z_axis": [
          0.448,
          -0.236,
          0.862
        ],
        "quaternion": [
          0.92,
          0.046,
          0.258,
          -0.293
        ]
      },
      "sse": {
        "sse": null
      },
      "binding_protein": null,
      "binding_ion": null,
      "binding_small-molecule": null,
      "TotalAsa": 172.2634342209208,
      "PolarAsa": 103.72563395515434,
      "ApolarAsa": 68.53780026576644,
      "id": "1fmn.A.11"
    },
    {
      "index": 12,
      "index_chain": 12,
      "chain_name": "A",
      "nt_resnum": 12,
      "nt_name": "U",
      "nt_code": "U",
      "nt_id": "A.U12",
      "nt_type": "RNA",
      "dbn": ".",
      "summary": "turn,anti,~C3'-endo,BI,non-stack,non-canonical,non-pair-contact,helix,multiplet,internal-loop,phosphate,splayed-apart",
      "alpha": 175.891,
      "beta": 166.452,
      "gamma": 45.036,
      "delta": 75.484,
      "epsilon": -162.672,
      "zeta": -99.11,
      "epsilon_zeta": -63.562,
      "bb_type": "BI",
      "chi": 178.432,
      "glyco_bond": "anti",
      "C5prime_xyz": [
        -2.124,
        8.545,
        1.773
      ],
      "P_xyz": [
        0.13,
        9.091,
        2.873
      ],
      "form": ".",
      "ssZp": 4.43,
      "Dp": 4.479,
      "splay_angle": 29.064,
      "splay_distance": 4.782,
      "splay_ratio": 0.263,
      "eta": 59.967,
      "theta": -143.425,
      "eta_prime": 59.655,
      "theta_prime": -140.514,
      "eta_base": 69.184,
      "theta_base": -119.816,
      "v0": 1.621,
      "v1": -26.741,
      "v2": 40.686,
      "v3": -40.837,
      "v4": 24.464,
      "amplitude": 42.419,
      "phase_angle": 16.436,
      "puckering": "C3'-endo",
      "sugar_class": "~C3'-endo",
      "bin": "33p",
      "cluster": "!!",
      "suiteness": 0.0,
      "filter_rmsd": 0.12,
      "frame": {
        "rmsd": 0.034,
        "origin": [
          -12.599,
          -8.302,
          4.108
        ],
        "x_axis": [
          -0.166,
          0.337,
          -0.927
        ],
        "y_axis": [
          0.859,
          -0.412,
          -0.303
        ],
        "z_axis": [
          -0.484,
          -0.847,
          -0.221
        ],
        "quaternion": [
          0.224,
          0.606,
          0.494,
          -0.582
        ]
      },
      "sse": {
        "sse": null
      },
      "binding_protein": null,
      "binding_ion": null,
      "binding_small-molecule": "",
      "TotalAsa": 177.1749739055196,
      "PolarAsa": 100.77698354752926,
      "ApolarAsa": 76.39799035799042,
      "id": "1fmn.A.12"
    },
    {
      "index": 13,
      "index_chain": 13,
      "chain_name": "A",
      "nt_resnum": 13,
      "nt_name": "A",
      "nt_code": "A",
      "nt_id": "A.A13",
      "nt_type": "RNA",
      "dbn": ".",
      "summary": "anti,~C3'-endo,BI,non-canonical,non-pair-contact,helix,internal-loop",
      "alpha": 168.401,
      "beta": -126.971,
      "gamma": 170.392,
      "delta": 81.224,
      "epsilon": -133.914,
      "zeta": -57.018,
      "epsilon_zeta": -76.896,
      "bb_type": "BI",
      "chi": 165.952,
      "glyco_bond": "anti",
      "C5prime_xyz": [
        -2.355,
        8.497,
        2.052
      ],
      "P_xyz": [
        -0.078,
        9.689,
        1.681
      ],
      "form": ".",
      "ssZp": 4.004,
      "Dp": 4.137,
      "splay_angle": 35.648,
      "splay_distance": 5.968,
      "splay_ratio": 0.31,
      "eta": -176.274,
      "theta": -96.753,
      "eta_prime": -163.598,
      "theta_prime": -110.616,
      "eta_base": -132.827,
      "theta_base": -46.998,
      "v0": -14.383,
      "v1": -10.211,
      "v2": 29.529,
      "v3": -38.206,
      "v4": 33.332,
      "amplitude": 38.433,
      "phase_angle": 39.796,
      "puckering": "C4'-exo",
      "sugar_class": "~C3'-endo",
      "bin": "33t",
      "cluster": "1c",
      "suiteness": 0.171,
      "filter_rmsd": 0.046,
      "frame": {
        "rmsd": 0.03,
        "origin": [
          -16.986,
          -10.153,
          3.665
        ],
        "x_axis": [
          0.269,
          0.107,
          -0.957
        ],
        "y_axis": [
          0.881,
          -0.43,
          0.199
        ],
        "z_axis": [
          -0.39,
          -0.896,
          -0.21
        ],
        "quaternion": [
          0.396,
          0.691,
          0.358,
          -0.488
        ]
      },
      "sse": {
        "sse": null
      },
      "binding_protein": null,
      "binding_ion": null,
      "binding_small-molecule": null,
      "TotalAsa": 152.93069659897566,
      "PolarAsa": 106.25258986465445,
      "ApolarAsa": 46.67810673432124,
      "id": "1fmn.A.13"
    },
    {
      "index": 14,
      "index_chain": 14,
      "chain_name": "A",
      "nt_resnum": 14,
      "nt_name": "U",
      "nt_code": "U",
      "nt_id": "A.U14",
      "nt_type": "RNA",
      "dbn": "(",
      "summary": "anti,~C3'-endo,BI,canonical,non-pair-contact,helix,stem-end,coaxial-stack,internal-loop",
      "alpha": 117.513,
      "beta": -165.232,
      "gamma": -177.581,
      "delta": 85.067,
      "epsilon": -145.018,
      "zeta": -74.883,
      "epsilon_zeta": -70.135,
      "bb_type": "BI",
      "chi": -173.543,
      "glyco_bond": "anti",
      "C5prime_xyz": [
        -1.166,
        8.265,
        1.54
      ],
      "P_xyz": [
        0.473,
        10.086,
        0.721
      ],
      "form": "A",
      "ssZp": 4.688,
      "Dp": 4.702,
      "splay_angle": 27.081,
      "splay_distance": 4.149,
      "splay_ratio": 0.238,
      "eta": 125.64,
      "theta": -171.647,
      "eta_prime": 162.488,
      "theta_prime": -165.776,
      "eta_base": -95.982,
      "theta_base": -141.803,
      "v0": 19.398,
      "v1": -39.335,
      "v2": 44.342,
      "v3": -33.968,
      "v4": 8.874,
      "amplitude": 44.642,
      "phase_angle": 353.358,
      "puckering": "C2'-exo",
      "sugar_class": "~C3'-endo",
      "bin": "33t",
      "cluster": "1c",
      "suiteness": 0.107,
      "filter_rmsd": 0.12,
      "frame": {
        "rmsd": 0.034,
        "origin": [
          -14.559,
          -13.699,
          -0.476
        ],
        "x_axis": [
          0.95,
          -0.303,
          -0.073
        ],
        "y_axis": [
          -0.005,
          -0.25,
          0.968
        ],
        "z_axis": [
          -0.311,
          -0.92,
          -0.239
        ],
        "quaternion": [
          0.605,
          0.781,
          -0.099,
          -0.123
        ]
      },
      "sse": {
        "sse": null
      },
      "binding_protein": null,
      "binding_ion": null,
      "binding_small-molecule": null,
      "TotalAsa": 166.15762905730378,
      "PolarAsa": 129.52771928866326,
      "ApolarAsa": 36.6299097686405,
      "id": "1fmn.A.14"
    },
    {
      "index": 15,
      "index_chain": 15,
      "chain_name": "A",
      "nt_resnum": 15,
      "nt_name": "G",
      "nt_code": "G",
      "nt_id": "A.G15",
      "nt_type": "RNA",
      "dbn": "(",
      "summary": "anti,~C3'-endo,BI,canonical,non-pair-contact,helix,stem,coaxial-stack",
      "alpha": -70.435,
      "beta": -179.999,
      "gamma": 59.024,
      "delta": 84.833,
      "epsilon": -146.017,
      "zeta": -78.969,
      "epsilon_zeta": -67.047,
      "bb_type": "BI",
      "chi": -170.86,
      "glyco_bond": "anti",
      "C5prime_xyz": [
        -1.294,
        8.632,
        1.317
      ],
      "P_xyz": [
        1.216,
        8.822,
        1.859
      ],
      "form": "A",
      "ssZp": 4.64,
      "Dp": 4.672,
      "splay_angle": 23.735,
      "splay_distance": 3.782,
      "splay_ratio": 0.208,
      "eta": 176.052,
      "theta": -147.05,
      "eta_prime": -175.006,
      "theta_prime": -144.134,
      "eta_base": -146.121,
      "theta_base": -126.689,
      "v0": 6.482,
      "v1": -26.795,
      "v2": 35.994,
      "v3": -32.614,
      "v4": 16.57,
      "amplitude": 36.363,
      "phase_angle": 8.171,
      "puckering": "C3'-endo",
      "sugar_class": "~C3'-endo",
      "bin": "33p",
      "cluster": "1a",
      "suiteness": 0.885,
      "filter_rmsd": 0.032,
      "frame": {
        "rmsd": 0.032,
        "origin": [
          -15.367,
          -16.469,
          -3.457
        ],
        "x_axis": [
          0.855,
          -0.226,
          0.467
        ],
        "y_axis": [
          -0.481,
          -0.009,
          0.876
        ],
        "z_axis": [
          -0.194,
          -0.974,
          -0.117
        ],
        "quaternion": [
          0.657,
          0.704,
          -0.251,
          0.097
        ]
      },
      "sse": {
        "sse": null
      },
      "binding_protein": null,
      "binding_ion": null,
      "binding_small-molecule": null,
      "TotalAsa": 173.82640102414882,
      "PolarAsa": 126.65521997697057,
      "ApolarAsa": 47.1711810471782,
      "id": "1fmn.A.15"
    },
    {
      "index": 16,
      "index_chain": 16,
      "chain_name": "A",
      "nt_resnum": 16,
      "nt_name": "C",
      "nt_code": "C",
      "nt_id": "A.C16",
      "nt_type": "RNA",
      "dbn": "(",
      "summary": "anti,~C3'-endo,BI,canonical,non-pair-contact,helix,stem-end,coaxial-stack,hairpin-loop",
      "alpha": -73.288,
      "beta": 175.48,
      "gamma": 58.854,
      "delta": 82.143,
      "epsilon": -152.467,
      "zeta": -68.568,
      "epsilon_zeta": -83.899,
      "bb_type": "BI",
      "chi": -162.184,
      "glyco_bond": "anti",
      "C5prime_xyz": [
        -1.575,
        8.823,
        0.812
      ],
      "P_xyz": [
        0.965,
        9.268,
        1.119
      ],
      "form": ".",
      "ssZp": 4.437,
      "Dp": 4.543,
      "splay_angle": 35.568,
      "splay_distance": 5.56,
      "splay_ratio": 0.306,
      "eta": 168.578,
      "theta": -108.345,
      "eta_prime": 179.61,
      "theta_prime": -111.322,
      "eta_base": -151.021,
      "theta_base": -55.217,
      "v0": 7.305,
      "v1": -29.165,
      "v2": 39.097,
      "v3": -35.688,
      "v4": 17.766,
      "amplitude": 39.485,
      "phase_angle": 8.034,
      "puckering": "C3'-endo",
      "sugar_class": "~C3'-endo",
      "bin": "33p",
      "cluster": "1a",
      "suiteness": 0.872,
      "filter_rmsd": 0.08,
      "frame": {
        "rmsd": 0.027,
        "origin": [
          -14.956,
          -19.641,
          -5.476
        ],
        "x_axis": [
          0.546,
          -0.05,
          0.836
        ],
        "y_axis": [
          -0.835,
          0.052,
          0.548
        ],
        "z_axis": [
          -0.071,
          -0.997,
          -0.014
        ],
        "quaternion": [
          0.629,
          0.614,
          -0.36,
          0.312
        ]
      },
      "sse": {
        "sse": "hairpin_1"
      },
      "binding_protein": null,
      "binding_ion": null,
      "binding_small-molecule": null,
      "TotalAsa": 153.96467178076304,
      "PolarAsa": 109.99986331710849,
      "ApolarAsa": 43.96480846365456,
      "id": "1fmn.A.16"
    },
    {
      "index": 17,
      "index_chain": 17,
      "chain_name": "A",
      "nt_resnum": 17,
      "nt_name": "U",
      "nt_code": "U",
      "nt_id": "A.U17",
      "nt_type": "RNA",
      "dbn": ".",
      "summary": "anti,~C3'-endo,BI,non-canonical,non-pair-contact,helix-end,hairpin-loop,splayed-apart",
      "alpha": 155.179,
      "beta": -155.784,
      "gamma": 164.4,
      "delta": 91.489,
      "epsilon": -150.489,
      "zeta": -95.49,
      "epsilon_zeta": -54.999,
      "bb_type": "BI",
      "chi": -165.671,
      "glyco_bond": "anti",
      "C5prime_xyz": [
        -1.018,
        8.289,
        1.205
      ],
      "P_xyz": [
        1.131,
        9.154,
        0.084
      ],
      "form": ".",
      "ssZp": 4.489,
      "Dp": 4.553,
      "splay_angle": 107.15,
      "splay_distance": 14.98,
      "splay_ratio": 0.805,
      "eta": 153.636,
      "theta": 177.288,
      "eta_prime": -172.291,
      "theta_prime": 146.141,
      "eta_base": -88.038,
      "theta_base": 97.838,
      "v0": 21.147,
      "v1": -35.119,
      "v2": 35.843,
      "v3": -24.185,
      "v4": 1.706,
      "amplitude": 37.177,
      "phase_angle": 344.604,
      "puckering": "C2'-exo",
      "sugar_class": "~C3'-endo",
      "bin": "33t",
      "cluster": "1c",
      "suiteness": 0.545,
      "filter_rmsd": 0.12,
      "frame": {
        "rmsd": 0.033,
        "origin": [
          -14.629,
          -22.269,
          -0.587
        ],
        "x_axis": [
          -0.534,
          0.122,
          0.837
        ],
        "y_axis": [
          -0.843,
          -0.145,
          -0.518
        ],
        "z_axis": [
          0.058,
          -0.982,
          0.18
        ],
        "quaternion": [
          0.354,
          0.328,
          -0.55,
          0.682
        ]
      },
      "sse": {
        "sse": "hairpin_1"
      },
      "binding_protein": null,
      "binding_ion": null,
      "binding_small-molecule": null,
      "TotalAsa": 140.46147277555679,
      "PolarAsa": 104.5350144374398,
      "ApolarAsa": 35.92645833811697,
      "id": "1fmn.A.17"
    },
    {
      "index": 18,
      "index_chain": 18,
      "chain_name": "A",
      "nt_resnum": 18,
      "nt_name": "U",
      "nt_code": "U",
      "nt_id": "A.U18",
      "nt_type": "RNA",
      "dbn": ".",
      "summary": "turn,anti,non-pair-contact,hairpin-loop,phosphate,splayed-apart",
      "alpha": -153.671,
      "beta": 148.058,
      "gamma": 64.057,
      "delta": 103.658,
      "epsilon": -98.741,
      "zeta": -58.89,
      "epsilon_zeta": -39.852,
      "bb_type": "--",
      "chi": -122.724,
      "glyco_bond": "anti",
      "C5prime_xyz": [
        -2.296,
        8.722,
        -1.663
      ],
      "P_xyz": [
        -0.006,
        9.255,
        -2.731
      ],
      "form": ".",
      "ssZp": 1.548,
      "Dp": 2.634,
      "splay_angle": 100.806,
      "splay_distance": 15.343,
      "splay_ratio": 0.772,
      "eta": 103.984,
      "theta": -78.385,
      "eta_prime": 99.644,
      "theta_prime": -72.181,
      "eta_base": 74.296,
      "theta_base": -39.842,
      "v0": -29.67,
      "v1": 19.656,
      "v2": -3.522,
      "v3": -13.443,
      "v4": 27.188,
      "amplitude": 29.44,
      "phase_angle": 96.87,
      "puckering": "O4'-endo",
      "sugar_class": "--",
      "bin": "33p",
      "cluster": "1g",
      "suiteness": 0.01,
      "filter_rmsd": 0.119,
      "frame": {
        "rmsd": 0.034,
        "origin": [
          -16.079,
          -25.24,
          -15.198
        ],
        "x_axis": [
          -0.487,
          0.86,
          0.15
        ],
        "y_axis": [
          0.01,
          -0.167,
          0.986
        ],
        "z_axis": [
          0.873,
          0.482,
          0.072
        ],
        "quaternion": [
          0.323,
          0.39,
          0.559,
          0.657
        ]
      },
      "sse": {
        "sse": "hairpin_1"
      },
      "binding_protein": null,
      "binding_ion": null,
      "binding_small-molecule": null,
      "TotalAsa": 263.0089069814673,
      "PolarAsa": 200.82393599487932,
      "ApolarAsa": 62.18497098658798,
      "id": "1fmn.A.18"
    },
    {
      "index": 19,
      "index_chain": 19,
      "chain_name": "A",
      "nt_resnum": 19,
      "nt_name": "C",
      "nt_code": "C",
      "nt_id": "A.C19",
      "nt_type": "RNA",
      "dbn": ".",
      "summary": "turn,anti,~C2'-endo,non-pair-contact,hairpin-loop,splayed-apart",
      "alpha": -57.14,
      "beta": -169.42,
      "gamma": 65.221,
      "delta": 145.422,
      "epsilon": -97.539,
      "zeta": 68.363,
      "epsilon_zeta": 194.098,
      "bb_type": "--",
      "chi": -149.034,
      "glyco_bond": "anti",
      "C5prime_xyz": [
        -1.66,
        8.714,
        0.571
      ],
      "P_xyz": [
        0.307,
        8.792,
        2.245
      ],
      "form": ".",
      "ssZp": 0.889,
      "Dp": 0.917,
      "splay_angle": 49.189,
      "splay_distance": 8.05,
      "splay_ratio": 0.423,
      "eta": -160.664,
      "theta": 109.78,
      "eta_prime": -112.251,
      "theta_prime": 68.765,
      "eta_base": -102.809,
      "theta_base": 73.356,
      "v0": -13.533,
      "v1": 30.564,
      "v2": -35.723,
      "v3": 28.501,
      "v4": -9.551,
      "amplitude": 35.777,
      "phase_angle": 176.852,
      "puckering": "C2'-endo",
      "sugar_class": "~C2'-endo",
      "bin": "32p",
      "cluster": "1b",
      "suiteness": 0.01,
      "filter_rmsd": 0.078,
      "frame": {
        "rmsd": 0.027,
        "origin": [
          -16.585,
          -24.795,
          0.131
        ],
        "x_axis": [
          -0.873,
          -0.371,
          -0.316
        ],
        "y_axis": [
          0.447,
          -0.347,
          -0.824
        ],
        "z_axis": [
          0.196,
          -0.861,
          0.469
        ],
        "quaternion": [
          -0.249,
          -0.037,
          -0.514,
          0.82
        ]
      },
      "sse": {
        "sse": "hairpin_1"
      },
      "binding_protein": null,
      "binding_ion": null,
      "binding_small-molecule": null,
      "TotalAsa": 194.25791136832703,
      "PolarAsa": 166.2015878370279,
      "ApolarAsa": 28.056323531299167,
      "id": "1fmn.A.19"
    },
    {
      "index": 2,
      "index_chain": 2,
      "chain_name": "A",
      "nt_resnum": 2,
      "nt_name": "G",
      "nt_code": "G",
      "nt_id": "A.G2",
      "nt_type": "RNA",
      "dbn": "(",
      "summary": "anti,BI,canonical,non-pair-contact,helix,stem,coaxial-stack",
      "alpha": -80.94,
      "beta": -141.718,
      "gamma": 45.909,
      "delta": 137.049,
      "epsilon": -129.049,
      "zeta": -64.393,
      "epsilon_zeta": -64.656,
      "bb_type": "BI",
      "chi": -159.618,
      "glyco_bond": "anti",
      "C5prime_xyz": [
        -1.222,
        8.336,
        1.144
      ],
      "P_xyz": [
        0.11,
        7.951,
        3.343
      ],
      "form": ".",
      "ssZp": 2.653,
      "Dp": 2.664,
      "splay_angle": 18.243,
      "splay_distance": 3.328,
      "splay_ratio": 0.161,
      "eta": -171.665,
      "theta": -47.152,
      "eta_prime": -170.895,
      "theta_prime": -76.064,
      "eta_base": -160.075,
      "theta_base": -70.267,
      "v0": 1.368,
      "v1": 11.259,
      "v2": -18.895,
      "v3": 20.033,
      "v4": -13.567,
      "amplitude": 20.405,
      "phase_angle": 202.18,
      "puckering": "C3'-exo",
      "sugar_class": "--",
      "bin": "32p",
      "cluster": "1[",
      "suiteness": 0.578,
      "filter_rmsd": 0.032,
      "frame": {
        "rmsd": 0.032,
        "origin": [
          -5.003,
          11.383,
          10.687
        ],
        "x_axis": [
          0.319,
          -0.279,
          -0.906
        ],
        "y_axis": [
          -0.463,
          -0.88,
          0.109
        ],
        "z_axis": [
          -0.827,
          0.385,
          -0.41
        ],
        "quaternion": [
          -0.085,
          0.807,
          -0.23,
          -0.537
        ]
      },
      "sse": {
        "sse": null
      },
      "binding_protein": null,
      "binding_ion": null,
      "binding_small-molecule": null,
      "TotalAsa": 142.0958252521246,
      "PolarAsa": 104.25497589235285,
      "ApolarAsa": 37.84084935977172,
      "id": "1fmn.A.2"
    },
    {
      "index": 20,
      "index_chain": 20,
      "chain_name": "A",
      "nt_resnum": 20,
      "nt_name": "G",
      "nt_code": "G",
      "nt_id": "A.G20",
      "nt_type": "RNA",
      "dbn": ".",
      "summary": "syn,~C3'-endo,BI,non-canonical,non-pair-contact,helix-end,hairpin-loop",
      "alpha": 88.121,
      "beta": -162.084,
      "gamma": 177.655,
      "delta": 69.74,
      "epsilon": -142.761,
      "zeta": -64.351,
      "epsilon_zeta": -78.41,
      "bb_type": "BI",
      "chi": 13.564,
      "glyco_bond": "syn",
      "C5prime_xyz": [
        -5.956,
        5.142,
        -0.331
      ],
      "P_xyz": [
        -7.616,
        4.069,
        1.375
      ],
      "form": ".",
      "ssZp": -4.17,
      "Dp": 4.293,
      "splay_angle": 21.136,
      "splay_distance": 3.599,
      "splay_ratio": 0.191,
      "eta": 136.285,
      "theta": -131.032,
      "eta_prime": 128.922,
      "theta_prime": -125.549,
      "eta_base": 153.487,
      "theta_base": -105.896,
      "v0": -25.387,
      "v1": -6.959,
      "v2": 34.218,
      "v3": -50.196,
      "v4": 47.709,
      "amplitude": 50.987,
      "phase_angle": 47.847,
      "puckering": "C4'-exo",
      "sugar_class": "~C3'-endo",
      "bin": "23t",
      "cluster": "6n",
      "suiteness": 0.216,
      "filter_rmsd": 0.03,
      "frame": {
        "rmsd": 0.03,
        "origin": [
          -14.765,
          -22.539,
          -7.379
        ],
        "x_axis": [
          -0.689,
          0.104,
          -0.717
        ],
        "y_axis": [
          0.635,
          -0.391,
          -0.666
        ],
        "z_axis": [
          -0.35,
          -0.914,
          0.204
        ],
        "quaternion": [
          -0.176,
          -0.353,
          -0.523,
          0.756
        ]
      },
      "sse": {
        "sse": "hairpin_1"
      },
      "binding_protein": null,
      "binding_ion": null,
      "binding_small-molecule": null,
      "TotalAsa": 182.57374212125677,
      "PolarAsa": 136.6961818716748,
      "ApolarAsa": 45.87756024958193,
      "id": "1fmn.A.20"
    },
    {
      "index": 21,
      "index_chain": 21,
      "chain_name": "A",
      "nt_resnum": 21,
      "nt_name": "G",
      "nt_code": "G",
      "nt_id": "A.G21",
      "nt_type": "RNA",
      "dbn": ")",
      "summary": "anti,~C3'-endo,BI,canonical,non-pair-contact,helix,stem-end,coaxial-stack,hairpin-loop",
      "alpha": 141.157,
      "beta": -148.249,
      "gamma": -179.525,
      "delta": 86.116,
      "epsilon": -160.639,
      "zeta": -73.872,
      "epsilon_zeta": -86.766,
      "bb_type": "BI",
      "chi": -166.013,
      "glyco_bond": "anti",
      "C5prime_xyz": [
        -1.091,
        8.565,
        1.067
      ],
      "P_xyz": [
        0.577,
        9.911,
        -0.431
      ],
      "form": "A",
      "ssZp": 4.48,
      "Dp": 4.523,
      "splay_angle": 20.916,
      "splay_distance": 3.566,
      "splay_ratio": 0.191,
      "eta": 156.798,
      "theta": -143.537,
      "eta_prime": -164.123,
      "theta_prime": -150.945,
      "eta_base": -115.846,
      "theta_base": -122.797,
      "v0": 12.194,
      "v1": -31.614,
      "v2": 38.502,
      "v3": -32.279,
      "v4": 12.614,
      "amplitude": 38.504,
      "phase_angle": 0.525,
      "puckering": "C3'-endo",
      "sugar_class": "~C3'-endo",
      "bin": "33t",
      "cluster": "1c",
      "suiteness": 0.504,
      "filter_rmsd": 0.035,
      "frame": {
        "rmsd": 0.035,
        "origin": [
          -15.062,
          -19.425,
          -5.599
        ],
        "x_axis": [
          0.405,
          -0.054,
          0.913
        ],
        "y_axis": [
          0.895,
          -0.184,
          -0.407
        ],
        "z_axis": [
          0.189,
          0.982,
          -0.026
        ],
        "quaternion": [
          0.546,
          -0.635,
          -0.331,
          -0.434
        ]
      },
      "sse": {
        "sse": "hairpin_1"
      },
      "binding_protein": null,
      "binding_ion": null,
      "binding_small-molecule": null,
      "TotalAsa": 164.49623484768455,
      "PolarAsa": 129.60145485941837,
      "ApolarAsa": 34.89477998826619,
      "id": "1fmn.A.21"
    },
    {
      "index": 22,
      "index_chain": 22,
      "chain_name": "A",
      "nt_resnum": 22,
      "nt_name": "C",
      "nt_code": "C",
      "nt_id": "A.C22",
      "nt_type": "RNA",
      "dbn": ")",
      "summary": "anti,~C3'-endo,BI,canonical,non-pair-contact,helix,stem,coaxial-stack",
      "alpha": 154.416,
      "beta": -163.898,
      "gamma": 174.966,
      "delta": 92.109,
      "epsilon": -151.643,
      "zeta": -73.566,
      "epsilon_zeta": -78.077,
      "bb_type": "BI",
      "chi": -168.952,
      "glyco_bond": "anti",
      "C5prime_xyz": [
        -1.346,
        8.401,
        1.363
      ],
      "P_xyz": [
        0.535,
        9.881,
        0.423
      ],
      "form": ".",
      "ssZp": 4.451,
      "Dp": 4.464,
      "splay_angle": 23.384,
      "splay_distance": 4.24,
      "splay_ratio": 0.218,
      "eta": 163.488,
      "theta": -128.629,
      "eta_prime": -174.974,
      "theta_prime": -136.867,
      "eta_base": -126.319,
      "theta_base": -111.972,
      "v0": 16.34,
      "v1": -31.514,
      "v2": 34.458,
      "v3": -25.677,
      "v4": 5.787,
      "amplitude": 34.867,
      "phase_angle": 351.215,
      "puckering": "C2'-exo",
      "sugar_class": "~C3'-endo",
      "bin": "33t",
      "cluster": "1c",
      "suiteness": 0.74,
      "filter_rmsd": 0.077,
      "frame": {
        "rmsd": 0.026,
        "origin": [
          -15.356,
          -16.521,
          -3.551
        ],
        "x_axis": [
          0.827,
          -0.175,
          0.534
        ],
        "y_axis": [
          0.544,
          0.01,
          -0.839
        ],
        "z_axis": [
          0.142,
          0.984,
          0.104
        ],
        "quaternion": [
          0.697,
          -0.654,
          -0.141,
          -0.258
        ]
      },
      "sse": {
        "sse": null
      },
      "binding_protein": null,
      "binding_ion": null,
      "binding_small-molecule": null,
      "TotalAsa": 163.02351429664898,
      "PolarAsa": 123.33943426824072,
      "ApolarAsa": 39.68408002840828,
      "id": "1fmn.A.22"
    },
    {
      "index": 23,
      "index_chain": 23,
      "chain_name": "A",
      "nt_resnum": 23,
      "nt_name": "A",
      "nt_code": "A",
      "nt_id": "A.A23",
      "nt_type": "RNA",
      "dbn": ")",
      "summary": "anti,~C3'-endo,canonical,non-pair-contact,helix,stem-end,coaxial-stack,internal-loop",
      "alpha": 152.69,
      "beta": -148.622,
      "gamma": 176.392,
      "delta": 79.244,
      "epsilon": -126.744,
      "zeta": -85.596,
      "epsilon_zeta": -41.148,
      "bb_type": "--",
      "chi": 171.336,
      "glyco_bond": "anti",
      "C5prime_xyz": [
        -2.388,
        8.565,
        1.851
      ],
      "P_xyz": [
        -0.672,
        10.422,
        1.285
      ],
      "form": ".",
      "ssZp": 4.31,
      "Dp": 4.327,
      "splay_angle": 27.966,
      "splay_distance": 4.663,
      "splay_ratio": 0.245,
      "eta": 166.906,
      "theta": -129.567,
      "eta_prime": -171.913,
      "theta_prime": -136.442,
      "eta_base": -126.687,
      "theta_base": -75.281,
      "v0": -14.279,
      "v1": -11.517,
      "v2": 31.487,
      "v3": -40.354,
      "v4": 34.601,
      "amplitude": 40.362,
      "phase_angle": 38.729,
      "puckering": "C4'-exo",
      "sugar_class": "~C3'-endo",
      "bin": "33t",
      "cluster": "1c",
      "suiteness": 0.548,
      "filter_rmsd": 0.04,
      "frame": {
        "rmsd": 0.023,
        "origin": [
          -14.148,
          -13.794,
          -0.537
        ],
        "x_axis": [
          0.956,
          -0.293,
          -0.019
        ],
        "y_axis": [
          0.01,
          0.095,
          -0.995
        ],
        "z_axis": [
          0.293,
          0.951,
          0.093
        ],
        "quaternion": [
          0.732,
          -0.665,
          0.107,
          -0.103
        ]
      },
      "sse": {
        "sse": null
      },
      "binding_protein": null,
      "binding_ion": null,
      "binding_small-molecule": null,
      "TotalAsa": 158.55033379928858,
      "PolarAsa": 123.87120195365117,
      "ApolarAsa": 34.679131845637436,
      "id": "1fmn.A.23"
    },
    {
      "index": 24,
      "index_chain": 24,
      "chain_name": "A",
      "nt_resnum": 24,
      "nt_name": "G",
      "nt_code": "G",
      "nt_id": "A.G24",
      "nt_type": "RNA",
      "dbn": ".",
      "summary": "anti,~C3'-endo,non-canonical,non-pair-contact,helix,internal-loop",
      "alpha": 124.238,
      "beta": -149.287,
      "gamma": -179.758,
      "delta": 82.873,
      "epsilon": -128.014,
      "zeta": -93.174,
      "epsilon_zeta": -34.839,
      "bb_type": "--",
      "chi": -171.669,
      "glyco_bond": "anti",
      "C5prime_xyz": [
        -0.978,
        8.369,
        1.361
      ],
      "P_xyz": [
        0.624,
        9.885,
        -0.033
      ],
      "form": ".",
      "ssZp": 4.717,
      "Dp": 4.828,
      "splay_angle": 67.184,
      "splay_distance": 10.895,
      "splay_ratio": 0.562,
      "eta": 138.497,
      "theta": 160.234,
      "eta_prime": 166.149,
      "theta_prime": 149.286,
      "eta_base": -107.14,
      "theta_base": 134.767,
      "v0": 16.845,
      "v1": -38.023,
      "v2": 44.429,
      "v3": -35.866,
      "v4": 11.753,
      "amplitude": 44.492,
      "phase_angle": 356.965,
      "puckering": "C2'-exo",
      "sugar_class": "~C3'-endo",
      "bin": "33t",
      "cluster": "1c",
      "suiteness": 0.122,
      "filter_rmsd": 0.033,
      "frame": {
        "rmsd": 0.033,
        "origin": [
          -10.049,
          -11.662,
          -1.164
        ],
        "x_axis": [
          0.539,
          0.002,
          -0.842
        ],
        "y_axis": [
          -0.771,
          0.405,
          -0.492
        ],
        "z_axis": [
          0.34,
          0.914,
          0.22
        ],
        "quaternion": [
          0.736,
          -0.478,
          0.402,
          0.263
        ]
      },
      "sse": {
        "sse": null
      },
      "binding_protein": null,
      "binding_ion": null,
      "binding_small-molecule": null,
      "TotalAsa": 129.43867306708125,
      "PolarAsa": 101.31979166344057,
      "ApolarAsa": 28.11888140364069,
      "id": "1fmn.A.24"
    },
    {
      "index": 25,
      "index_chain": 25,
      "chain_name": "A",
      "nt_resnum": 25,
      "nt_name": "A",
      "nt_code": "A",
      "nt_id": "A.A25",
      "nt_type": "RNA",
      "dbn": ".",
      "summary": "anti,~C3'-endo,BI,non-canonical,non-pair-contact,helix,multiplet,internal-loop,phosphate",
      "alpha": -86.364,
      "beta": 77.816,
      "gamma": 172.165,
      "delta": 88.007,
      "epsilon": -138.563,
      "zeta": -68.076,
      "epsilon_zeta": -70.487,
      "bb_type": "BI",
      "chi": 170.435,
      "glyco_bond": "anti",
      "C5prime_xyz": [
        -2.015,
        8.311,
        2.146
      ],
      "P_xyz": [
        -2.061,
        10.598,
        0.92
      ],
      "form": ".",
      "ssZp": 4.13,
      "Dp": 4.221,
      "splay_angle": 24.575,
      "splay_distance": 4.422,
      "splay_ratio": 0.225,
      "eta": -132.552,
      "theta": -161.92,
      "eta_prime": -157.919,
      "theta_prime": -154.339,
      "eta_base": 172.945,
      "theta_base": -104.614,
      "v0": -5.818,
      "v1": -13.825,
      "v2": 27.27,
      "v3": -31.101,
      "v4": 23.417,
      "amplitude": 31.177,
      "phase_angle": 28.994,
      "puckering": "C3'-endo",
      "sugar_class": "~C3'-endo",
      "bin": "33t",
      "cluster": "1e",
      "suiteness": 0.269,
      "filter_rmsd": 0.042,
      "frame": {
        "rmsd": 0.025,
        "origin": [
          -14.054,
          -8.843,
          8.568
        ],
        "x_axis": [
          0.95,
          -0.312,
          -0.008
        ],
        "y_axis": [
          0.076,
          0.257,
          -0.963
        ],
        "z_axis": [
          0.303,
          0.915,
          0.268
        ],
        "quaternion": [
          0.787,
          -0.597,
          0.099,
          -0.123
        ]
      },
      "sse": {
        "sse": null
      },
      "binding_protein": null,
      "binding_ion": null,
      "binding_small-molecule": "",
      "TotalAsa": 147.11981265214524,
      "PolarAsa": 112.32276348730637,
      "ApolarAsa": 34.79704916483885,
      "id": "1fmn.A.25"
    },
    {
      "index": 26,
      "index_chain": 26,
      "chain_name": "A",
      "nt_resnum": 26,
      "nt_name": "A",
      "nt_code": "A",
      "nt_id": "A.A26",
      "nt_type": "RNA",
      "dbn": ".",
      "summary": "anti,~C3'-endo,BI,non-pair-contact,internal-loop",
      "alpha": 128.931,
      "beta": -165.333,
      "gamma": -175.184,
      "delta": 83.738,
      "epsilon": -141.579,
      "zeta": -69.369,
      "epsilon_zeta": -72.209,
      "bb_type": "BI",
      "chi": -178.802,
      "glyco_bond": "anti",
      "C5prime_xyz": [
        -1.737,
        8.429,
        1.718
      ],
      "P_xyz": [
        -0.344,
        10.498,
        1.05
      ],
      "form": ".",
      "ssZp": 4.601,
      "Dp": 4.598,
      "splay_angle": 47.005,
      "splay_distance": 7.369,
      "splay_ratio": 0.402,
      "eta": 141.039,
      "theta": -119.023,
      "eta_prime": 168.71,
      "theta_prime": -110.106,
      "eta_base": -122.293,
      "theta_base": -54.032,
      "v0": 3.429,
      "v1": -25.545,
      "v2": 37.233,
      "v3": -36.088,
      "v4": 20.403,
      "amplitude": 38.291,
      "phase_angle": 13.503,
      "puckering": "C3'-endo",
      "sugar_class": "~C3'-endo",
      "bin": "33t",
      "cluster": "1c",
      "suiteness": 0.355,
      "filter_rmsd": 0.039,
      "frame": {
        "rmsd": 0.02,
        "origin": [
          -10.556,
          -6.765,
          10.297
        ],
        "x_axis": [
          0.705,
          -0.079,
          -0.704
        ],
        "y_axis": [
          -0.635,
          0.371,
          -0.677
        ],
        "z_axis": [
          0.315,
          0.925,
          0.212
        ],
        "quaternion": [
          0.756,
          -0.53,
          0.337,
          0.184
        ]
      },
      "sse": {
        "sse": null
      },
      "binding_protein": null,
      "binding_ion": null,
      "binding_small-molecule": "",
      "TotalAsa": 227.43137298535999,
      "PolarAsa": 168.0999344296476,
      "ApolarAsa": 59.33143855571238,
      "id": "1fmn.A.26"
    },
    {
      "index": 27,
      "index_chain": 27,
      "chain_name": "A",
      "nt_resnum": 27,
      "nt_name": "G",
      "nt_code": "G",
      "nt_id": "A.G27",
      "nt_type": "RNA",
      "dbn": ".",
      "summary": "anti,~C3'-endo,BI,non-canonical,non-pair-contact,helix,internal-loop",
      "alpha": 144.479,
      "beta": -120.996,
      "gamma": 166.719,
      "delta": 81.304,
      "epsilon": -149.164,
      "zeta": -76.048,
      "epsilon_zeta": -73.116,
      "bb_type": "BI",
      "chi": -177.22,
      "glyco_bond": "anti",
      "C5prime_xyz": [
        -1.929,
        8.79,
        1.475
      ],
      "P_xyz": [
        0.274,
        9.673,
        0.419
      ],
      "form": ".",
      "ssZp": 4.254,
      "Dp": 4.257,
      "splay_angle": 26.161,
      "splay_distance": 4.42,
      "splay_ratio": 0.231,
      "eta": 155.405,
      "theta": -121.085,
      "eta_prime": -156.761,
      "theta_prime": -137.826,
      "eta_base": -70.914,
      "theta_base": -94.349,
      "v0": -8.295,
      "v1": -14.971,
      "v2": 31.653,
      "v3": -37.019,
      "v4": 28.435,
      "amplitude": 36.968,
      "phase_angle": 31.105,
      "puckering": "C3'-endo",
      "sugar_class": "~C3'-endo",
      "bin": "33t",
      "cluster": "1c",
      "suiteness": 0.193,
      "filter_rmsd": 0.035,
      "frame": {
        "rmsd": 0.035,
        "origin": [
          -8.427,
          -3.108,
          4.264
        ],
        "x_axis": [
          -0.444,
          0.419,
          -0.792
        ],
        "y_axis": [
          -0.765,
          0.283,
          0.579
        ],
        "z_axis": [
          0.467,
          0.863,
          0.195
        ],
        "quaternion": [
          0.509,
          -0.14,
          0.619,
          0.582
        ]
      },
      "sse": {
        "sse": null
      },
      "binding_protein": null,
      "binding_ion": null,
      "binding_small-molecule": "",
      "TotalAsa": 186.24293049058022,
      "PolarAsa": 156.35769609931205,
      "ApolarAsa": 29.885234391268177,
      "id": "1fmn.A.27"
    },
    {
      "index": 28,
      "index_chain": 28,
      "chain_name": "A",
      "nt_resnum": 28,
      "nt_name": "G",
      "nt_code": "G",
      "nt_id": "A.G28",
      "nt_type": "RNA",
      "dbn": ".",
      "summary": "anti,~C3'-endo,BI,non-canonical,non-pair-contact,helix,internal-loop,phosphate",
      "alpha": 137.508,
      "beta": -166.672,
      "gamma": -178.611,
      "delta": 85.43,
      "epsilon": -151.305,
      "zeta": -84.682,
      "epsilon_zeta": -66.623,
      "bb_type": "BI",
      "chi": -175.489,
      "glyco_bond": "anti",
      "C5prime_xyz": [
        -1.085,
        8.233,
        1.658
      ],
      "P_xyz": [
        0.704,
        9.946,
        1.01
      ],
      "form": "A",
      "ssZp": 4.649,
      "Dp": 4.648,
      "splay_angle": 27.536,
      "splay_distance": 4.344,
      "splay_ratio": 0.245,
      "eta": 144.922,
      "theta": -153.065,
      "eta_prime": 169.113,
      "theta_prime": -156.555,
      "eta_base": -116.865,
      "theta_base": -133.768,
      "v0": 15.75,
      "v1": -34.708,
      "v2": 40.421,
      "v3": -32.412,
      "v4": 10.154,
      "amplitude": 40.502,
      "phase_angle": 356.37,
      "puckering": "C2'-exo",
      "sugar_class": "~C3'-endo",
      "bin": "33t",
      "cluster": "1c",
      "suiteness": 0.714,
      "filter_rmsd": 0.032,
      "frame": {
        "rmsd": 0.032,
        "origin": [
          -7.676,
          0.94,
          2.656
        ],
        "x_axis": [
          -0.891,
          0.442,
          -0.1
        ],
        "y_axis": [
          -0.183,
          -0.149,
          0.972
        ],
        "z_axis": [
          0.415,
          0.884,
          0.214
        ],
        "quaternion": [
          0.208,
          0.105,
          0.618,
          0.751
        ]
      },
      "sse": {
        "sse": null
      },
      "binding_protein": null,
      "binding_ion": null,
      "binding_small-molecule": null,
      "TotalAsa": 139.78293475933256,
      "PolarAsa": 114.96164700891096,
      "ApolarAsa": 24.821287750421618,
      "id": "1fmn.A.28"
    },
    {
      "index": 29,
      "index_chain": 29,
      "chain_name": "A",
      "nt_resnum": 29,
      "nt_name": "A",
      "nt_code": "A",
      "nt_id": "A.A29",
      "nt_type": "RNA",
      "dbn": ")",
      "summary": "anti,~C3'-endo,BI,canonical,non-pair-contact,helix,stem-end,coaxial-stack,internal-loop,phosphate",
      "alpha": 164.752,
      "beta": -173.61,
      "gamma": 173.265,
      "delta": 93.404,
      "epsilon": -140.477,
      "zeta": -67.629,
      "epsilon_zeta": -72.849,
      "bb_type": "BI",
      "chi": 174.376,
      "glyco_bond": "anti",
      "C5prime_xyz": [
        -1.063,
        7.674,
        2.165
      ],
      "P_xyz": [
        0.996,
        9.141,
        1.932
      ],
      "form": "A",
      "ssZp": 4.638,
      "Dp": 4.677,
      "splay_angle": 23.796,
      "splay_distance": 3.835,
      "splay_ratio": 0.216,
      "eta": 164.929,
      "theta": -150.836,
      "eta_prime": 177.318,
      "theta_prime": -148.857,
      "eta_base": -146.082,
      "theta_base": -131.653,
      "v0": 22.67,
      "v1": -37.493,
      "v2": 37.926,
      "v3": -25.771,
      "v4": 1.831,
      "amplitude": 39.374,
      "phase_angle": 344.413,
      "puckering": "C2'-exo",
      "sugar_class": "~C3'-endo",
      "bin": "33t",
      "cluster": "1c",
      "suiteness": 0.555,
      "filter_rmsd": 0.04,
      "frame": {
        "rmsd": 0.024,
        "origin": [
          -6.323,
          4.736,
          1.035
        ],
        "x_axis": [
          -0.922,
          0.095,
          0.376
        ],
        "y_axis": [
          0.305,
          -0.422,
          0.854
        ],
        "z_axis": [
          0.24,
          0.902,
          0.36
        ],
        "quaternion": [
          -0.064,
          0.187,
          0.534,
          0.822
        ]
      },
      "sse": {
        "sse": null
      },
      "binding_protein": null,
      "binding_ion": null,
      "binding_small-molecule": null,
      "TotalAsa": 119.56251754288527,
      "PolarAsa": 87.58869954444503,
      "ApolarAsa": 31.973817998440254,
      "id": "1fmn.A.29"
    },
    {
      "index": 3,
      "index_chain": 3,
      "chain_name": "A",
      "nt_resnum": 3,
      "nt_name": "C",
      "nt_code": "C",
      "nt_id": "A.C3",
      "nt_type": "RNA",
      "dbn": "(",
      "summary": "anti,~C3'-endo,BI,canonical,non-pair-contact,helix,stem,coaxial-stack",
      "alpha": 103.577,
      "beta": -169.093,
      "gamma": 176.157,
      "delta": 78.396,
      "epsilon": -155.4,
      "zeta": -72.22,
      "epsilon_zeta": -83.18,
      "bb_type": "BI",
      "chi": -132.102,
      "glyco_bond": "anti",
      "C5prime_xyz": [
        -1.991,
        8.933,
        -1.077
      ],
      "P_xyz": [
        -1.43,
        9.971,
        -3.397
      ],
      "form": ".",
      "ssZp": 3.241,
      "Dp": 4.409,
      "splay_angle": 26.124,
      "splay_distance": 4.681,
      "splay_ratio": 0.228,
      "eta": 98.481,
      "theta": -150.043,
      "eta_prime": 137.017,
      "theta_prime": -159.984,
      "eta_base": 171.744,
      "theta_base": -142.331,
      "v0": -8.475,
      "v1": -16.853,
      "v2": 34.464,
      "v3": -40.065,
      "v4": 30.703,
      "amplitude": 39.984,
      "phase_angle": 30.464,
      "puckering": "C3'-endo",
      "sugar_class": "~C3'-endo",
      "bin": "23t",
      "cluster": "!!",
      "suiteness": 0.0,
      "filter_rmsd": 0.08,
      "frame": {
        "rmsd": 0.028,
        "origin": [
          -7.138,
          13.054,
          8.757
        ],
        "x_axis": [
          0.377,
          -0.735,
          -0.564
        ],
        "y_axis": [
          -0.704,
          -0.623,
          0.341
        ],
        "z_axis": [
          -0.602,
          0.269,
          -0.752
        ],
        "quaternion": [
          0.022,
          0.829,
          -0.434,
          -0.352
        ]
      },
      "sse": {
        "sse": null
      },
      "binding_protein": null,
      "binding_ion": null,
      "binding_small-molecule": null,
      "TotalAsa": 176.3745401109406,
      "PolarAsa": 141.922620256662,
      "ApolarAsa": 34.451919854278586,
      "id": "1fmn.A.3"
    },
    {
      "index": 30,
      "index_chain": 30,
      "chain_name": "A",
      "nt_resnum": 30,
      "nt_name": "C",
      "nt_code": "C",
      "nt_id": "A.C30",
      "nt_type": "RNA",
      "dbn": ")",
      "summary": "anti,~C3'-endo,BI,canonical,non-pair-contact,helix,stem,coaxial-stack",
      "alpha": -74.838,
      "beta": -169.197,
      "gamma": 45.297,
      "delta": 71.409,
      "epsilon": -160.435,
      "zeta": -88.201,
      "epsilon_zeta": -72.234,
      "bb_type": "BI",
      "chi": -157.836,
      "glyco_bond": "anti",
      "C5prime_xyz": [
        -1.343,
        8.858,
        0.537
      ],
      "P_xyz": [
        1.152,
        9.32,
        1.156
      ],
      "form": "A",
      "ssZp": 4.403,
      "Dp": 4.647,
      "splay_angle": 25.207,
      "splay_distance": 3.873,
      "splay_ratio": 0.22,
      "eta": 159.487,
      "theta": -151.095,
      "eta_prime": 172.748,
      "theta_prime": -145.106,
      "eta_base": -155.656,
      "theta_base": -114.69,
      "v0": 9.121,
      "v1": -35.129,
      "v2": 47.326,
      "v3": -43.44,
      "v4": 21.031,
      "amplitude": 47.78,
      "phase_angle": 7.904,
      "puckering": "C3'-endo",
      "sugar_class": "~C3'-endo",
      "bin": "33p",
      "cluster": "1a",
      "suiteness": 0.443,
      "filter_rmsd": 0.081,
      "frame": {
        "rmsd": 0.028,
        "origin": [
          -6.642,
          8.365,
          -0.164
        ],
        "x_axis": [
          -0.604,
          -0.13,
          0.787
        ],
        "y_axis": [
          0.773,
          -0.337,
          0.538
        ],
        "z_axis": [
          0.196,
          0.932,
          0.304
        ],
        "quaternion": [
          -0.301,
          0.328,
          0.491,
          0.749
        ]
      },
      "sse": {
        "sse": null
      },
      "binding_protein": null,
      "binding_ion": null,
      "binding_small-molecule": null,
      "TotalAsa": 123.28672502477535,
      "PolarAsa": 78.74912071255292,
      "ApolarAsa": 44.53760431222244,
      "id": "1fmn.A.30"
    },
    {
      "index": 31,
      "index_chain": 31,
      "chain_name": "A",
      "nt_resnum": 31,
      "nt_name": "A",
      "nt_code": "A",
      "nt_id": "A.A31",
      "nt_type": "RNA",
      "dbn": ")",
      "summary": "anti,canonical,non-canonical,non-pair-contact,helix,stem,coaxial-stack",
      "alpha": 166.569,
      "beta": -165.123,
      "gamma": 177.276,
      "delta": 115.867,
      "epsilon": -123.68,
      "zeta": -55.426,
      "epsilon_zeta": -68.254,
      "bb_type": "--",
      "chi": -172.495,
      "glyco_bond": "anti",
      "C5prime_xyz": [
        -1.134,
        7.88,
        1.744
      ],
      "P_xyz": [
        1.196,
        8.871,
        1.274
      ],
      "form": ".",
      "ssZp": 3.875,
      "Dp": 3.901,
      "splay_angle": 19.039,
      "splay_distance": 3.343,
      "splay_ratio": 0.168,
      "eta": -170.034,
      "theta": -115.199,
      "eta_prime": -162.071,
      "theta_prime": -120.642,
      "eta_base": -129.555,
      "theta_base": -91.593,
      "v0": 23.322,
      "v1": -23.228,
      "v2": 15.045,
      "v3": -2.028,
      "v4": -13.34,
      "amplitude": 24.08,
      "phase_angle": 308.668,
      "puckering": "C1'-endo",
      "sugar_class": "--",
      "bin": "trig",
      "cluster": "!!",
      "suiteness": 0.0,
      "filter_rmsd": 0.039,
      "frame": {
        "rmsd": 0.021,
        "origin": [
          -7.756,
          11.718,
          1.423
        ],
        "x_axis": [
          -0.115,
          -0.69,
          0.715
        ],
        "y_axis": [
          0.987,
          -0.159,
          0.005
        ],
        "z_axis": [
          0.11,
          0.706,
          0.699
        ],
        "quaternion": [
          0.597,
          -0.294,
          -0.253,
          -0.702
        ]
      },
      "sse": {
        "sse": null
      },
      "binding_protein": null,
      "binding_ion": null,
      "binding_small-molecule": null,
      "TotalAsa": 121.09651681765021,
      "PolarAsa": 81.97363302458464,
      "ApolarAsa": 39.12288379306558,
      "id": "1fmn.A.31"
    },
    {
      "index": 32,
      "index_chain": 32,
      "chain_name": "A",
      "nt_resnum": 32,
      "nt_name": "C",
      "nt_code": "C",
      "nt_id": "A.C32",
      "nt_type": "RNA",
      "dbn": ")",
      "summary": "anti,~C3'-endo,canonical,non-canonical,non-pair-contact,helix,stem,coaxial-stack,multiplet",
      "alpha": -83.64,
      "beta": 168.478,
      "gamma": 49.102,
      "delta": 79.287,
      "epsilon": -121.066,
      "zeta": -58.825,
      "epsilon_zeta": -62.241,
      "bb_type": "--",
      "chi": -147.346,
      "glyco_bond": "anti",
      "C5prime_xyz": [
        -2.283,
        9.063,
        -0.263
      ],
      "P_xyz": [
        0.019,
        10.244,
        -0.266
      ],
      "form": ".",
      "ssZp": 3.566,
      "Dp": 4.355,
      "splay_angle": 25.193,
      "splay_distance": 4.652,
      "splay_ratio": 0.222,
      "eta": 140.924,
      "theta": -108.952,
      "eta_prime": 170.116,
      "theta_prime": -119.366,
      "eta_base": -140.621,
      "theta_base": -123.037,
      "v0": -11.28,
      "v1": -13.757,
      "v2": 32.151,
      "v3": -39.543,
      "v4": 32.018,
      "amplitude": 39.211,
      "phase_angle": 34.922,
      "puckering": "C3'-endo",
      "sugar_class": "~C3'-endo",
      "bin": "trig",
      "cluster": "!!",
      "suiteness": 0.0,
      "filter_rmsd": 0.077,
      "frame": {
        "rmsd": 0.026,
        "origin": [
          -8.279,
          12.978,
          4.474
        ],
        "x_axis": [
          0.494,
          -0.772,
          0.401
        ],
        "y_axis": [
          0.861,
          0.371,
          -0.347
        ],
        "z_axis": [
          0.119,
          0.517,
          0.848
        ],
        "quaternion": [
          0.824,
          -0.262,
          -0.085,
          -0.496
        ]
      },
      "sse": {
        "sse": null
      },
      "binding_protein": null,
      "binding_ion": null,
      "binding_small-molecule": null,
      "TotalAsa": 168.76698808082764,
      "PolarAsa": 122.38845676293309,
      "ApolarAsa": 46.378531317894556,
      "id": "1fmn.A.32"
    },
    {
      "index": 33,
      "index_chain": 33,
      "chain_name": "A",
      "nt_resnum": 33,
      "nt_name": "G",
      "nt_code": "G",
      "nt_id": "A.G33",
      "nt_type": "RNA",
      "dbn": ")",
      "summary": "anti,~C3'-endo,BI,canonical,non-pair-contact,helix,stem,coaxial-stack",
      "alpha": -106.711,
      "beta": 179.272,
      "gamma": 43.726,
      "delta": 71.128,
      "epsilon": -155.414,
      "zeta": -90.584,
      "epsilon_zeta": -64.831,
      "bb_type": "BI",
      "chi": -146.725,
      "glyco_bond": "anti",
      "C5prime_xyz": [
        -2.504,
        9.149,
        -0.608
      ],
      "P_xyz": [
        -0.628,
        10.896,
        -0.432
      ],
      "form": ".",
      "ssZp": 3.589,
      "Dp": 4.104,
      "splay_angle": 17.506,
      "splay_distance": 3.055,
      "splay_ratio": 0.152,
      "eta": 112.102,
      "theta": -151.044,
      "eta_prime": 132.214,
      "theta_prime": -154.271,
      "eta_base": 144.368,
      "theta_base": -139.257,
      "v0": -23.452,
      "v1": -4.854,
      "v2": 29.456,
      "v3": -44.13,
      "v4": 43.014,
      "amplitude": 45.256,
      "phase_angle": 49.393,
      "puckering": "C4'-exo",
      "sugar_class": "~C3'-endo",
      "bin": "33p",
      "cluster": "1a",
      "suiteness": 0.021,
      "filter_rmsd": 0.041,
      "frame": {
        "rmsd": 0.041,
        "origin": [
          -7.868,
          13.611,
          9.065
        ],
        "x_axis": [
          -0.124,
          -0.634,
          -0.764
        ],
        "y_axis": [
          0.584,
          0.575,
          -0.572
        ],
        "z_axis": [
          0.802,
          -0.517,
          0.299
        ],
        "quaternion": [
          0.662,
          -0.021,
          0.592,
          -0.46
        ]
      },
      "sse": {
        "sse": null
      },
      "binding_protein": null,
      "binding_ion": null,
      "binding_small-molecule": null,
      "TotalAsa": 210.6844728613064,
      "PolarAsa": 148.8095475625602,
      "ApolarAsa": 61.87492529874616,
      "id": "1fmn.A.33"
    },
    {
      "index": 34,
      "index_chain": 34,
      "chain_name": "A",
      "nt_resnum": 34,
      "nt_name": "C",
      "nt_code": "C",
      "nt_id": "A.C34",
      "nt_type": "RNA",
      "dbn": ")",
      "summary": "anti,canonical,non-pair-contact,helix,stem,coaxial-stack",
      "alpha": 148.071,
      "beta": -167.475,
      "gamma": 177.989,
      "delta": 107.069,
      "epsilon": -108.824,
      "zeta": -59.387,
      "epsilon_zeta": -49.437,
      "bb_type": "--",
      "chi": -140.919,
      "glyco_bond": "anti",
      "C5prime_xyz": [
        -1.421,
        8.818,
        -0.386
      ],
      "P_xyz": [
        0.008,
        9.785,
        -2.316
      ],
      "form": ".",
      "ssZp": 2.855,
      "Dp": 3.736,
      "splay_angle": 26.163,
      "splay_distance": 4.75,
      "splay_ratio": 0.226,
      "eta": 173.836,
      "theta": -122.787,
      "eta_prime": 178.699,
      "theta_prime": -125.097,
      "eta_base": -163.326,
      "theta_base": -98.024,
      "v0": -8.693,
      "v1": 2.603,
      "v2": 3.949,
      "v3": -8.97,
      "v4": 11.27,
      "amplitude": 10.981,
      "phase_angle": 68.925,
      "puckering": "C4'-exo",
      "sugar_class": "--",
      "bin": "33t",
      "cluster": "1c",
      "suiteness": 0.034,
      "filter_rmsd": 0.08,
      "frame": {
        "rmsd": 0.026,
        "origin": [
          -5.878,
          11.525,
          10.074
        ],
        "x_axis": [
          -0.183,
          -0.143,
          -0.973
        ],
        "y_axis": [
          0.792,
          0.565,
          -0.232
        ],
        "z_axis": [
          0.583,
          -0.813,
          0.009
        ],
        "quaternion": [
          0.59,
          0.246,
          0.659,
          -0.396
        ]
      },
      "sse": {
        "sse": null
      },
      "binding_protein": null,
      "binding_ion": null,
      "binding_small-molecule": null,
      "TotalAsa": 155.1398592023496,
      "PolarAsa": 116.57815836465791,
      "ApolarAsa": 38.561700837691724,
      "id": "1fmn.A.34"
    },
    {
      "index": 35,
      "index_chain": 35,
      "chain_name": "A",
      "nt_resnum": 35,
      "nt_name": "C",
      "nt_code": "C",
      "nt_id": "A.C35",
      "nt_type": "RNA",
      "dbn": ")",
      "is_broken": true,
      "summary": "break,anti,~C3'-endo,canonical,non-pair-contact,helix-end,stem-end,coaxial-stack,multiplet",
      "alpha": -76.509,
      "beta": 154.047,
      "gamma": 52.023,
      "delta": 64.925,
      "epsilon": null,
      "zeta": null,
      "epsilon_zeta": null,
      "bb_type": "--",
      "chi": -138.49,
      "glyco_bond": "anti",
      "C5prime_xyz": [
        -2.449,
        9.067,
        -0.858
      ],
      "P_xyz": [
        -0.525,
        10.292,
        -1.999
      ],
      "form": "-",
      "ssZp": null,
      "Dp": null,
      "splay_angle": null,
      "splay_distance": null,
      "splay_ratio": null,
      "eta": null,
      "theta": null,
      "eta_prime": null,
      "theta_prime": null,
      "eta_base": null,
      "theta_base": null,
      "v0": -16.97,
      "v1": -13.214,
      "v2": 36.694,
      "v3": -48.368,
      "v4": 41.692,
      "amplitude": 47.704,
      "phase_angle": 39.717,
      "puckering": "C4'-exo",
      "sugar_class": "~C3'-endo",
      "bin": "33p",
      "cluster": "!!",
      "suiteness": 0.0,
      "filter_rmsd": 0.077,
      "frame": {
        "rmsd": 0.024,
        "origin": [
          -3.358,
          9.024,
          6.918
        ],
        "x_axis": [
          -0.17,
          0.672,
          -0.721
        ],
        "y_axis": [
          0.806,
          0.515,
          0.291
        ],
        "z_axis": [
          0.567,
          -0.532,
          -0.629
        ],
        "quaternion": [
          0.423,
          0.486,
          0.761,
          -0.079
        ]
      },
      "sse": {
        "sse": null
      },
      "binding_protein": null,
      "binding_ion": null,
      "binding_small-molecule": null,
      "TotalAsa": 239.64473305094378,
      "PolarAsa": 167.60387991009003,
      "ApolarAsa": 72.04085314085377,
      "id": "1fmn.A.35"
    },
    {
      "index": 36,
      "index_chain": 36,
      "chain_name": "A",
      "nt_resnum": 36,
      "nt_name": "FMN",
      "nt_code": "?",
      "is_modified": true,
      "nt_id": "A.FMN36",
      "nt_type": "RNA",
      "dbn": ".",
      "summary": "modified,non-stack,ss-non-loop",
      "alpha": null,
      "beta": 90.901,
      "gamma": 161.008,
      "delta": 38.969,
      "epsilon": null,
      "zeta": null,
      "epsilon_zeta": null,
      "bb_type": "--",
      "chi": null,
      "glyco_bond": "--",
      "C5prime_xyz": [
        null,
        null,
        null
      ],
      "P_xyz": [
        null,
        null,
        null
      ],
      "form": "-",
      "ssZp": null,
      "Dp": null,
      "splay_angle": null,
      "splay_distance": null,
      "splay_ratio": null,
      "eta": null,
      "theta": null,
      "eta_prime": null,
      "theta_prime": null,
      "eta_base": null,
      "theta_base": null,
      "v0": null,
      "v1": null,
      "v2": -69.445,
      "v3": 151.703,
      "v4": null,
      "amplitude": null,
      "phase_angle": null,
      "puckering": "",
      "sugar_class": "--",
      "bin": "inc",
      "cluster": "__",
      "suiteness": 0.0,
      "filter_rmsd": null,
      "sse": {
        "sse": null
      },
      "binding_protein": null,
      "binding_ion": null,
      "binding_small-molecule": null,
      "TotalAsa": 0,
      "PolarAsa": 0,
      "ApolarAsa": 0,
      "id": "1fmn.A.36"
    },
    {
      "index": 4,
      "index_chain": 4,
      "chain_name": "A",
      "nt_resnum": 4,
      "nt_name": "G",
      "nt_code": "G",
      "nt_id": "A.G4",
      "nt_type": "RNA",
      "dbn": "(",
      "summary": "anti,~C3'-endo,BI,canonical,non-pair-contact,helix,stem,coaxial-stack,multiplet",
      "alpha": 141.483,
      "beta": 179.303,
      "gamma": 178.573,
      "delta": 84.349,
      "epsilon": -160.091,
      "zeta": -87.029,
      "epsilon_zeta": -73.062,
      "bb_type": "BI",
      "chi": -167.232,
      "glyco_bond": "anti",
      "C5prime_xyz": [
        -1.314,
        8.625,
        1.111
      ],
      "P_xyz": [
        0.021,
        10.594,
        0.115
      ],
      "form": "A",
      "ssZp": 4.503,
      "Dp": 4.536,
      "splay_angle": 18.557,
      "splay_distance": 3.045,
      "splay_ratio": 0.166,
      "eta": 144.132,
      "theta": -166.025,
      "eta_prime": 159.611,
      "theta_prime": -167.612,
      "eta_base": -167.056,
      "theta_base": -147.397,
      "v0": 8.836,
      "v1": -29.212,
      "v2": 37.885,
      "v3": -33.81,
      "v4": 15.569,
      "amplitude": 38.063,
      "phase_angle": 5.55,
      "puckering": "C3'-endo",
      "sugar_class": "~C3'-endo",
      "bin": "33t",
      "cluster": "1c",
      "suiteness": 0.802,
      "filter_rmsd": 0.03,
      "frame": {
        "rmsd": 0.03,
        "origin": [
          -8.371,
          12.643,
          4.26
        ],
        "x_axis": [
          0.527,
          -0.782,
          0.332
        ],
        "y_axis": [
          -0.749,
          -0.243,
          0.617
        ],
        "z_axis": [
          -0.402,
          -0.574,
          -0.714
        ],
        "quaternion": [
          0.378,
          0.788,
          -0.486,
          -0.022
        ]
      },
      "sse": {
        "sse": null
      },
      "binding_protein": null,
      "binding_ion": null,
      "binding_small-molecule": null,
      "TotalAsa": 191.39378656129563,
      "PolarAsa": 144.3236397481479,
      "ApolarAsa": 47.07014681314773,
      "id": "1fmn.A.4"
    },
    {
      "index": 5,
      "index_chain": 5,
      "chain_name": "A",
      "nt_resnum": 5,
      "nt_name": "U",
      "nt_code": "U",
      "nt_id": "A.U5",
      "nt_type": "RNA",
      "dbn": "(",
      "summary": "anti,~C3'-endo,BI,canonical,non-pair-contact,helix,stem,coaxial-stack",
      "alpha": 163.543,
      "beta": -162.461,
      "gamma": 158.534,
      "delta": 84.17,
      "epsilon": -158.721,
      "zeta": -81.56,
      "epsilon_zeta": -77.162,
      "bb_type": "BI",
      "chi": -163.526,
      "glyco_bond": "anti",
      "C5prime_xyz": [
        -1.012,
        8.421,
        0.957
      ],
      "P_xyz": [
        0.927,
        9.477,
        -0.354
      ],
      "form": "A",
      "ssZp": 4.55,
      "Dp": 4.623,
      "splay_angle": 24.702,
      "splay_distance": 3.845,
      "splay_ratio": 0.219,
      "eta": 147.564,
      "theta": -138.372,
      "eta_prime": 165.704,
      "theta_prime": -148.433,
      "eta_base": -158.394,
      "theta_base": -115.716,
      "v0": 19.639,
      "v1": -39.018,
      "v2": 43.251,
      "v3": -32.682,
      "v4": 7.982,
      "amplitude": 43.644,
      "phase_angle": 352.302,
      "puckering": "C2'-exo",
      "sugar_class": "~C3'-endo",
      "bin": "33t",
      "cluster": "1c",
      "suiteness": 0.3,
      "filter_rmsd": 0.119,
      "frame": {
        "rmsd": 0.033,
        "origin": [
          -7.829,
          11.567,
          1.464
        ],
        "x_axis": [
          0.109,
          -0.795,
          0.597
        ],
        "y_axis": [
          -0.983,
          0.005,
          0.185
        ],
        "z_axis": [
          -0.15,
          -0.607,
          -0.78
        ],
        "quaternion": [
          0.289,
          0.686,
          -0.647,
          0.163
        ]
      },
      "sse": {
        "sse": null
      },
      "binding_protein": null,
      "binding_ion": null,
      "binding_small-molecule": null,
      "TotalAsa": 169.73722242155915,
      "PolarAsa": 124.17722264710699,
      "ApolarAsa": 45.559999774452166,
      "id": "1fmn.A.5"
    },
    {
      "index": 6,
      "index_chain": 6,
      "chain_name": "A",
      "nt_resnum": 6,
      "nt_name": "G",
      "nt_code": "G",
      "nt_id": "A.G6",
      "nt_type": "RNA",
      "dbn": "(",
      "summary": "anti,~C3'-endo,BI,canonical,non-pair-contact,helix,stem,coaxial-stack",
      "alpha": 154.141,
      "beta": -155.311,
      "gamma": 169.526,
      "delta": 90.601,
      "epsilon": -129.987,
      "zeta": -55.691,
      "epsilon_zeta": -74.296,
      "bb_type": "BI",
      "chi": 172.131,
      "glyco_bond": "anti",
      "C5prime_xyz": [
        -0.988,
        7.711,
        2.2
      ],
      "P_xyz": [
        1.147,
        9.001,
        1.524
      ],
      "form": ".",
      "ssZp": 4.723,
      "Dp": 4.758,
      "splay_angle": 22.048,
      "splay_distance": 4.057,
      "splay_ratio": 0.226,
      "eta": 157.375,
      "theta": -123.652,
      "eta_prime": 178.186,
      "theta_prime": -119.97,
      "eta_base": -120.269,
      "theta_base": -101.957,
      "v0": 24.589,
      "v1": -41.634,
      "v2": 43.024,
      "v3": -29.764,
      "v4": 3.081,
      "amplitude": 44.37,
      "phase_angle": 345.852,
      "puckering": "C2'-exo",
      "sugar_class": "~C3'-endo",
      "bin": "33t",
      "cluster": "1c",
      "suiteness": 0.684,
      "filter_rmsd": 0.037,
      "frame": {
        "rmsd": 0.037,
        "origin": [
          -6.854,
          8.114,
          0.08
        ],
        "x_axis": [
          -0.531,
          -0.569,
          0.627
        ],
        "y_axis": [
          -0.828,
          0.504,
          -0.244
        ],
        "z_axis": [
          -0.178,
          -0.649,
          -0.74
        ],
        "quaternion": [
          -0.242,
          -0.419,
          0.833,
          -0.268
        ]
      },
      "sse": {
        "sse": null
      },
      "binding_protein": null,
      "binding_ion": null,
      "binding_small-molecule": null,
      "TotalAsa": 171.9843612192648,
      "PolarAsa": 136.6695562841717,
      "ApolarAsa": 35.31480493509311,
      "id": "1fmn.A.6"
    },
    {
      "index": 7,
      "index_chain": 7,
      "chain_name": "A",
      "nt_resnum": 7,
      "nt_name": "U",
      "nt_code": "U",
      "nt_id": "A.U7",
      "nt_type": "RNA",
      "dbn": "(",
      "summary": "anti,~C2'-endo,canonical,non-pair-contact,helix,stem-end,coaxial-stack,internal-loop",
      "alpha": -76.61,
      "beta": -155.137,
      "gamma": 65.386,
      "delta": 143.255,
      "epsilon": -146.935,
      "zeta": -151.175,
      "epsilon_zeta": 4.24,
      "bb_type": "--",
      "chi": -111.358,
      "glyco_bond": "anti",
      "C5prime_xyz": [
        -2.754,
        8.579,
        -1.473
      ],
      "P_xyz": [
        -0.662,
        10.023,
        -0.816
      ],
      "form": ".",
      "ssZp": 2.127,
      "Dp": 2.136,
      "splay_angle": 15.454,
      "splay_distance": 2.878,
      "splay_ratio": 0.143,
      "eta": 176.331,
      "theta": -129.218,
      "eta_prime": -147.409,
      "theta_prime": -156.424,
      "eta_base": -114.344,
      "theta_base": -131.303,
      "v0": -31.61,
      "v1": 44.728,
      "v2": -39.88,
      "v3": 22.539,
      "v4": 5.766,
      "amplitude": 44.328,
      "phase_angle": 154.113,
      "puckering": "C2'-endo",
      "sugar_class": "~C2'-endo",
      "bin": "32p",
      "cluster": "1[",
      "suiteness": 0.52,
      "filter_rmsd": 0.116,
      "frame": {
        "rmsd": 0.034,
        "origin": [
          -6.704,
          4.125,
          0.804
        ],
        "x_axis": [
          -0.868,
          -0.024,
          0.495
        ],
        "y_axis": [
          -0.446,
          0.476,
          -0.758
        ],
        "z_axis": [
          -0.217,
          -0.879,
          -0.424
        ],
        "quaternion": [
          -0.214,
          -0.141,
          0.832,
          -0.492
        ]
      },
      "sse": {
        "sse": null
      },
      "binding_protein": null,
      "binding_ion": null,
      "binding_small-molecule": null,
      "TotalAsa": 163.2742523257799,
      "PolarAsa": 96.60531327485961,
      "ApolarAsa": 66.6689390509203,
      "id": "1fmn.A.7"
    },
    {
      "index": 8,
      "index_chain": 8,
      "chain_name": "A",
      "nt_resnum": 8,
      "nt_name": "A",
      "nt_code": "A",
      "nt_id": "A.A8",
      "nt_type": "RNA",
      "dbn": ".",
      "summary": "anti,BI,non-canonical,non-pair-contact,helix,internal-loop,phosphate",
      "alpha": 110.95,
      "beta": -127.183,
      "gamma": -173.071,
      "delta": 78.837,
      "epsilon": -165.826,
      "zeta": -79.849,
      "epsilon_zeta": -85.978,
      "bb_type": "BI",
      "chi": -163.926,
      "glyco_bond": "anti",
      "C5prime_xyz": [
        -2.816,
        9.029,
        0.19
      ],
      "P_xyz": [
        -1.584,
        10.301,
        -1.779
      ],
      "form": ".",
      "ssZp": 3.76,
      "Dp": 3.774,
      "splay_angle": 21.872,
      "splay_distance": 3.978,
      "splay_ratio": 0.199,
      "eta": 164.174,
      "theta": -154.454,
      "eta_prime": 169.423,
      "theta_prime": -160.247,
      "eta_base": -154.875,
      "theta_base": -111.562,
      "v0": -28.658,
      "v1": 2.614,
      "v2": 22.441,
      "v3": -39.352,
      "v4": 43.148,
      "amplitude": 43.245,
      "phase_angle": 58.74,
      "puckering": "C4'-exo",
      "sugar_class": "--",
      "bin": "23t",
      "cluster": "4n",
      "suiteness": 0.132,
      "filter_rmsd": 0.038,
      "frame": {
        "rmsd": 0.022,
        "origin": [
          -6.703,
          1.248,
          0.863
        ],
        "x_axis": [
          -0.987,
          0.128,
          0.098
        ],
        "y_axis": [
          -0.054,
          0.309,
          -0.95
        ],
        "z_axis": [
          -0.152,
          -0.943,
          -0.298
        ],
        "quaternion": [
          -0.078,
          0.023,
          0.805,
          -0.588
        ]
      },
      "sse": {
        "sse": null
      },
      "binding_protein": null,
      "binding_ion": null,
      "binding_small-molecule": null,
      "TotalAsa": 192.24572650178274,
      "PolarAsa": 130.83626596737346,
      "ApolarAsa": 61.409460534409256,
      "id": "1fmn.A.8"
    },
    {
      "index": 9,
      "index_chain": 9,
      "chain_name": "A",
      "nt_resnum": 9,
      "nt_name": "G",
      "nt_code": "G",
      "nt_id": "A.G9",
      "nt_type": "RNA",
      "dbn": ".",
      "summary": "anti,~C3'-endo,BI,non-canonical,non-pair-contact,helix,internal-loop",
      "alpha": 150.484,
      "beta": -149.995,
      "gamma": 175.097,
      "delta": 84.061,
      "epsilon": -134.952,
      "zeta": -91.483,
      "epsilon_zeta": -43.469,
      "bb_type": "BI",
      "chi": -167.831,
      "glyco_bond": "anti",
      "C5prime_xyz": [
        -2.17,
        9.047,
        0.727
      ],
      "P_xyz": [
        -0.516,
        10.588,
        -0.582
      ],
      "form": ".",
      "ssZp": 3.945,
      "Dp": 4.021,
      "splay_angle": 44.083,
      "splay_distance": 7.313,
      "splay_ratio": 0.375,
      "eta": 166.93,
      "theta": -139.328,
      "eta_prime": -176.434,
      "theta_prime": -140.042,
      "eta_base": -115.643,
      "theta_base": -107.827,
      "v0": -20.498,
      "v1": -2.108,
      "v2": 22.365,
      "v3": -34.417,
      "v4": 34.762,
      "amplitude": 36.191,
      "phase_angle": 51.832,
      "puckering": "C4'-exo",
      "sugar_class": "~C3'-endo",
      "bin": "33t",
      "cluster": "1c",
      "suiteness": 0.822,
      "filter_rmsd": 0.031,
      "frame": {
        "rmsd": 0.031,
        "origin": [
          -9.677,
          -1.382,
          0.603
        ],
        "x_axis": [
          -0.754,
          0.378,
          -0.537
        ],
        "y_axis": [
          0.59,
          0.031,
          -0.807
        ],
        "z_axis": [
          -0.288,
          -0.925,
          -0.246
        ],
        "quaternion": [
          0.087,
          0.34,
          0.713,
          -0.608
        ]
      },
      "sse": {
        "sse": null
      },
      "binding_protein": null,
      "binding_ion": null,
      "binding_small-molecule": "",
      "TotalAsa": 259.95554244461005,
      "PolarAsa": 197.79225638945485,
      "ApolarAsa": 62.16328605515511,
      "id": "1fmn.A.9"
    }
  ],
  "links": [
    {
      "LW": "B53",
      "backbone": true,
      "source": "1fmn.A.1",
      "target": "1fmn.A.2"
    },
    {
      "index": 1,
      "nt1": "A.G1",
      "nt2": "A.A31",
      "bp": "G+A",
      "name": "--",
      "Saenger": "--",
      "LW": "tHH",
      "DSSR": "tM+M",
      "source": "1fmn.A.1",
      "target": "1fmn.A.31"
    },
    {
      "index": 3,
      "nt1": "A.G1",
      "nt2": "A.C35",
      "bp": "G-C",
      "name": "WC",
      "Saenger": "19-XIX",
      "LW": "cWW",
      "DSSR": "cW-W",
      "source": "1fmn.A.1",
      "target": "1fmn.A.35"
    },
    {
      "LW": "B53",
      "backbone": true,
      "source": "1fmn.A.10",
      "target": "1fmn.A.11"
    },
    {
      "LW": "B35",
      "backbone": true,
      "source": "1fmn.A.10",
      "target": "1fmn.A.9"
    },
    {
      "index": 12,
      "nt1": "A.G10",
      "nt2": "A.U12",
      "bp": "G+U",
      "name": "--",
      "Saenger": "--",
      "LW": "cSH",
      "DSSR": "cm+M",
      "source": "1fmn.A.10",
      "target": "1fmn.A.12"
    },
    {
      "LW": "B53",
      "backbone": true,
      "source": "1fmn.A.11",
      "target": "1fmn.A.12"
    },
    {
      "LW": "B35",
      "backbone": true,
      "source": "1fmn.A.11",
      "target": "1fmn.A.10"
    },
    {
      "LW": "B53",
      "backbone": true,
      "source": "1fmn.A.12",
      "target": "1fmn.A.13"
    },
    {
      "LW": "B35",
      "backbone": true,
      "source": "1fmn.A.12",
      "target": "1fmn.A.11"
    },
    {
      "index": 13,
      "nt1": "A.U12",
      "nt2": "A.A25",
      "bp": "U-A",
      "name": "rHoogsteen",
      "Saenger": "24-XXIV",
      "LW": "tWH",
      "DSSR": "tW-M",
      "source": "1fmn.A.12",
      "target": "1fmn.A.25"
    },
    {
      "index": 12,
      "nt1": "A.U12",
      "nt2": "A.G10",
      "bp": "U+G",
      "name": "--",
      "Saenger": "--",
      "LW": "cHS",
      "DSSR": "cm+M",
      "source": "1fmn.A.12",
      "target": "1fmn.A.10"
    },
    {
      "LW": "B53",
      "backbone": true,
      "source": "1fmn.A.13",
      "target": "1fmn.A.14"
    },
    {
      "LW": "B35",
      "backbone": true,
      "source": "1fmn.A.13",
      "target": "1fmn.A.12"
    },
    {
      "index": 14,
      "nt1": "A.A13",
      "nt2": "A.G24",
      "bp": "A-G",
      "name": "Sheared",
      "Saenger": "11-XI",
      "LW": "tHS",
      "DSSR": "tM-m",
      "source": "1fmn.A.13",
      "target": "1fmn.A.24"
    },
    {
      "LW": "B53",
      "backbone": true,
      "source": "1fmn.A.14",
      "target": "1fmn.A.15"
    },
    {
      "LW": "B35",
      "backbone": true,
      "source": "1fmn.A.14",
      "target": "1fmn.A.13"
    },
    {
      "index": 15,
      "nt1": "A.U14",
      "nt2": "A.A23",
      "bp": "U-A",
      "name": "WC",
      "Saenger": "20-XX",
      "LW": "cWW",
      "DSSR": "cW-W",
      "source": "1fmn.A.14",
      "target": "1fmn.A.23"
    },
    {
      "LW": "B53",
      "backbone": true,
      "source": "1fmn.A.15",
      "target": "1fmn.A.16"
    },
    {
      "LW": "B35",
      "backbone": true,
      "source": "1fmn.A.15",
      "target": "1fmn.A.14"
    },
    {
      "index": 16,
      "nt1": "A.G15",
      "nt2": "A.C22",
      "bp": "G-C",
      "name": "WC",
      "Saenger": "19-XIX",
      "LW": "cWW",
      "DSSR": "cW-W",
      "source": "1fmn.A.15",
      "target": "1fmn.A.22"
    },
    {
      "LW": "B53",
      "backbone": true,
      "source": "1fmn.A.16",
      "target": "1fmn.A.17"
    },
    {
      "LW": "B35",
      "backbone": true,
      "source": "1fmn.A.16",
      "target": "1fmn.A.15"
    },
    {
      "index": 17,
      "nt1": "A.C16",
      "nt2": "A.G21",
      "bp": "C-G",
      "name": "WC",
      "Saenger": "19-XIX",
      "LW": "cWW",
      "DSSR": "cW-W",
      "source": "1fmn.A.16",
      "target": "1fmn.A.21"
    },
    {
      "LW": "B53",
      "backbone": true,
      "source": "1fmn.A.17",
      "target": "1fmn.A.18"
    },
    {
      "LW": "B35",
      "backbone": true,
      "source": "1fmn.A.17",
      "target": "1fmn.A.16"
    },
    {
      "index": 18,
      "nt1": "A.U17",
      "nt2": "A.G20",
      "bp": "U+G",
      "name": "--",
      "Saenger": "--",
      "LW": "tSW",
      "DSSR": "tm+W",
      "source": "1fmn.A.17",
      "target": "1fmn.A.20"
    },
    {
      "LW": "B53",
      "backbone": true,
      "source": "1fmn.A.18",
      "target": "1fmn.A.19"
    },
    {
      "LW": "B35",
      "backbone": true,
      "source": "1fmn.A.18",
      "target": "1fmn.A.17"
    },
    {
      "LW": "B53",
      "backbone": true,
      "source": "1fmn.A.19",
      "target": "1fmn.A.20"
    },
    {
      "LW": "B35",
      "backbone": true,
      "source": "1fmn.A.19",
      "target": "1fmn.A.18"
    },
    {
      "LW": "B53",
      "backbone": true,
      "source": "1fmn.A.2",
      "target": "1fmn.A.3"
    },
    {
      "LW": "B35",
      "backbone": true,
      "source": "1fmn.A.2",
      "target": "1fmn.A.1"
    },
    {
      "index": 4,
      "nt1": "A.G2",
      "nt2": "A.C34",
      "bp": "G-C",
      "name": "WC",
      "Saenger": "19-XIX",
      "LW": "cWW",
      "DSSR": "cW-W",
      "source": "1fmn.A.2",
      "target": "1fmn.A.34"
    },
    {
      "LW": "B53",
      "backbone": true,
      "source": "1fmn.A.20",
      "target": "1fmn.A.21"
    },
    {
      "LW": "B35",
      "backbone": true,
      "source": "1fmn.A.20",
      "target": "1fmn.A.19"
    },
    {
      "index": 18,
      "nt1": "A.G20",
      "nt2": "A.U17",
      "bp": "G+U",
      "name": "--",
      "Saenger": "--",
      "LW": "tWS",
      "DSSR": "tm+W",
      "source": "1fmn.A.20",
      "target": "1fmn.A.17"
    },
    {
      "LW": "B53",
      "backbone": true,
      "source": "1fmn.A.21",
      "target": "1fmn.A.22"
    },
    {
      "LW": "B35",
      "backbone": true,
      "source": "1fmn.A.21",
      "target": "1fmn.A.20"
    },
    {
      "index": 17,
      "nt1": "A.G21",
      "nt2": "A.C16",
      "bp": "G-C",
      "name": "WC",
      "Saenger": "19-XIX",
      "LW": "cWW",
      "DSSR": "cW-W",
      "source": "1fmn.A.21",
      "target": "1fmn.A.16"
    },
    {
      "LW": "B53",
      "backbone": true,
      "source": "1fmn.A.22",
      "target": "1fmn.A.23"
    },
    {
      "LW": "B35",
      "backbone": true,
      "source": "1fmn.A.22",
      "target": "1fmn.A.21"
    },
    {
      "index": 16,
      "nt1": "A.C22",
      "nt2": "A.G15",
      "bp": "C-G",
      "name": "WC",
      "Saenger": "19-XIX",
      "LW": "cWW",
      "DSSR": "cW-W",
      "source": "1fmn.A.22",
      "target": "1fmn.A.15"
    },
    {
      "LW": "B53",
      "backbone": true,
      "source": "1fmn.A.23",
      "target": "1fmn.A.24"
    },
    {
      "LW": "B35",
      "backbone": true,
      "source": "1fmn.A.23",
      "target": "1fmn.A.22"
    },
    {
      "index": 15,
      "nt1": "A.A23",
      "nt2": "A.U14",
      "bp": "A-U",
      "name": "WC",
      "Saenger": "20-XX",
      "LW": "cWW",
      "DSSR": "cW-W",
      "source": "1fmn.A.23",
      "target": "1fmn.A.14"
    },
    {
      "LW": "B53",
      "backbone": true,
      "source": "1fmn.A.24",
      "target": "1fmn.A.25"
    },
    {
      "LW": "B35",
      "backbone": true,
      "source": "1fmn.A.24",
      "target": "1fmn.A.23"
    },
    {
      "index": 14,
      "nt1": "A.G24",
      "nt2": "A.A13",
      "bp": "G-A",
      "name": "Sheared",
      "Saenger": "11-XI",
      "LW": "tSH",
      "DSSR": "tM-m",
      "source": "1fmn.A.24",
      "target": "1fmn.A.13"
    },
    {
      "LW": "B53",
      "backbone": true,
      "source": "1fmn.A.25",
      "target": "1fmn.A.26"
    },
    {
      "LW": "B35",
      "backbone": true,
      "source": "1fmn.A.25",
      "target": "1fmn.A.24"
    },
    {
      "index": 13,
      "nt1": "A.A25",
      "nt2": "A.U12",
      "bp": "A-U",
      "name": "rHoogsteen",
      "Saenger": "24-XXIV",
      "LW": "tHW",
      "DSSR": "tW-M",
      "source": "1fmn.A.25",
      "target": "1fmn.A.12"
    },
    {
      "LW": "B53",
      "backbone": true,
      "source": "1fmn.A.26",
      "target": "1fmn.A.27"
    },
    {
      "LW": "B35",
      "backbone": true,
      "source": "1fmn.A.26",
      "target": "1fmn.A.25"
    },
    {
      "LW": "B53",
      "backbone": true,
      "source": "1fmn.A.27",
      "target": "1fmn.A.28"
    },
    {
      "LW": "B35",
      "backbone": true,
      "source": "1fmn.A.27",
      "target": "1fmn.A.26"
    },
    {
      "index": 11,
      "nt1": "A.G27",
      "nt2": "A.G9",
      "bp": "G-G",
      "name": "--",
      "Saenger": "--",
      "LW": "cWW",
      "DSSR": "cW-W",
      "source": "1fmn.A.27",
      "target": "1fmn.A.9"
    },
    {
      "LW": "B53",
      "backbone": true,
      "source": "1fmn.A.28",
      "target": "1fmn.A.29"
    },
    {
      "LW": "B35",
      "backbone": true,
      "source": "1fmn.A.28",
      "target": "1fmn.A.27"
    },
    {
      "index": 10,
      "nt1": "A.G28",
      "nt2": "A.A8",
      "bp": "G-A",
      "name": "Imino",
      "Saenger": "08-VIII",
      "LW": "cWW",
      "DSSR": "cW-W",
      "source": "1fmn.A.28",
      "target": "1fmn.A.8"
    },
    {
      "LW": "B53",
      "backbone": true,
      "source": "1fmn.A.29",
      "target": "1fmn.A.30"
    },
    {
      "LW": "B35",
      "backbone": true,
      "source": "1fmn.A.29",
      "target": "1fmn.A.28"
    },
    {
      "index": 9,
      "nt1": "A.A29",
      "nt2": "A.U7",
      "bp": "A-U",
      "name": "WC",
      "Saenger": "20-XX",
      "LW": "cWW",
      "DSSR": "cW-W",
      "source": "1fmn.A.29",
      "target": "1fmn.A.7"
    },
    {
      "LW": "B53",
      "backbone": true,
      "source": "1fmn.A.3",
      "target": "1fmn.A.4"
    },
    {
      "LW": "B35",
      "backbone": true,
      "source": "1fmn.A.3",
      "target": "1fmn.A.2"
    },
    {
      "index": 5,
      "nt1": "A.C3",
      "nt2": "A.G33",
      "bp": "C-G",
      "name": "WC",
      "Saenger": "19-XIX",
      "LW": "cWW",
      "DSSR": "cW-W",
      "source": "1fmn.A.3",
      "target": "1fmn.A.33"
    },
    {
      "LW": "B53",
      "backbone": true,
      "source": "1fmn.A.30",
      "target": "1fmn.A.31"
    },
    {
      "LW": "B35",
      "backbone": true,
      "source": "1fmn.A.30",
      "target": "1fmn.A.29"
    },
    {
      "index": 8,
      "nt1": "A.C30",
      "nt2": "A.G6",
      "bp": "C-G",
      "name": "WC",
      "Saenger": "19-XIX",
      "LW": "cWW",
      "DSSR": "cW-W",
      "source": "1fmn.A.30",
      "target": "1fmn.A.6"
    },
    {
      "LW": "B53",
      "backbone": true,
      "source": "1fmn.A.31",
      "target": "1fmn.A.32"
    },
    {
      "LW": "B35",
      "backbone": true,
      "source": "1fmn.A.31",
      "target": "1fmn.A.30"
    },
    {
      "index": 1,
      "nt1": "A.A31",
      "nt2": "A.G1",
      "bp": "A+G",
      "name": "--",
      "Saenger": "--",
      "LW": "tHH",
      "DSSR": "tM+M",
      "source": "1fmn.A.31",
      "target": "1fmn.A.1"
    },
    {
      "index": 7,
      "nt1": "A.A31",
      "nt2": "A.U5",
      "bp": "A-U",
      "name": "WC",
      "Saenger": "20-XX",
      "LW": "cWW",
      "DSSR": "cW-W",
      "source": "1fmn.A.31",
      "target": "1fmn.A.5"
    },
    {
      "LW": "B53",
      "backbone": true,
      "source": "1fmn.A.32",
      "target": "1fmn.A.33"
    },
    {
      "LW": "B35",
      "backbone": true,
      "source": "1fmn.A.32",
      "target": "1fmn.A.31"
    },
    {
      "index": 6,
      "nt1": "A.C32",
      "nt2": "A.G4",
      "bp": "C-G",
      "name": "WC",
      "Saenger": "19-XIX",
      "LW": "cWW",
      "DSSR": "cW-W",
      "source": "1fmn.A.32",
      "target": "1fmn.A.4"
    },
    {
      "LW": "B53",
      "backbone": true,
      "source": "1fmn.A.33",
      "target": "1fmn.A.34"
    },
    {
      "LW": "B35",
      "backbone": true,
      "source": "1fmn.A.33",
      "target": "1fmn.A.32"
    },
    {
      "index": 5,
      "nt1": "A.G33",
      "nt2": "A.C3",
      "bp": "G-C",
      "name": "WC",
      "Saenger": "19-XIX",
      "LW": "cWW",
      "DSSR": "cW-W",
      "source": "1fmn.A.33",
      "target": "1fmn.A.3"
    },
    {
      "LW": "B35",
      "backbone": true,
      "source": "1fmn.A.34",
      "target": "1fmn.A.33"
    },
    {
      "index": 4,
      "nt1": "A.C34",
      "nt2": "A.G2",
      "bp": "C-G",
      "name": "WC",
      "Saenger": "19-XIX",
      "LW": "cWW",
      "DSSR": "cW-W",
      "source": "1fmn.A.34",
      "target": "1fmn.A.2"
    },
    {
      "LW": "B53",
      "backbone": true,
      "source": "1fmn.A.35",
      "target": "1fmn.A.36"
    },
    {
      "index": 3,
      "nt1": "A.C35",
      "nt2": "A.G1",
      "bp": "C-G",
      "name": "WC",
      "Saenger": "19-XIX",
      "LW": "cWW",
      "DSSR": "cW-W",
      "source": "1fmn.A.35",
      "target": "1fmn.A.1"
    },
    {
      "LW": "B35",
      "backbone": true,
      "source": "1fmn.A.36",
      "target": "1fmn.A.35"
    },
    {
      "LW": "B53",
      "backbone": true,
      "source": "1fmn.A.4",
      "target": "1fmn.A.5"
    },
    {
      "LW": "B35",
      "backbone": true,
      "source": "1fmn.A.4",
      "target": "1fmn.A.3"
    },
    {
      "index": 6,
      "nt1": "A.G4",
      "nt2": "A.C32",
      "bp": "G-C",
      "name": "WC",
      "Saenger": "19-XIX",
      "LW": "cWW",
      "DSSR": "cW-W",
      "source": "1fmn.A.4",
      "target": "1fmn.A.32"
    },
    {
      "LW": "B53",
      "backbone": true,
      "source": "1fmn.A.5",
      "target": "1fmn.A.6"
    },
    {
      "LW": "B35",
      "backbone": true,
      "source": "1fmn.A.5",
      "target": "1fmn.A.4"
    },
    {
      "index": 7,
      "nt1": "A.U5",
      "nt2": "A.A31",
      "bp": "U-A",
      "name": "WC",
      "Saenger": "20-XX",
      "LW": "cWW",
      "DSSR": "cW-W",
      "source": "1fmn.A.5",
      "target": "1fmn.A.31"
    },
    {
      "LW": "B53",
      "backbone": true,
      "source": "1fmn.A.6",
      "target": "1fmn.A.7"
    },
    {
      "LW": "B35",
      "backbone": true,
      "source": "1fmn.A.6",
      "target": "1fmn.A.5"
    },
    {
      "index": 8,
      "nt1": "A.G6",
      "nt2": "A.C30",
      "bp": "G-C",
      "name": "WC",
      "Saenger": "19-XIX",
      "LW": "cWW",
      "DSSR": "cW-W",
      "source": "1fmn.A.6",
      "target": "1fmn.A.30"
    },
    {
      "LW": "B53",
      "backbone": true,
      "source": "1fmn.A.7",
      "target": "1fmn.A.8"
    },
    {
      "LW": "B35",
      "backbone": true,
      "source": "1fmn.A.7",
      "target": "1fmn.A.6"
    },
    {
      "index": 9,
      "nt1": "A.U7",
      "nt2": "A.A29",
      "bp": "U-A",
      "name": "WC",
      "Saenger": "20-XX",
      "LW": "cWW",
      "DSSR": "cW-W",
      "source": "1fmn.A.7",
      "target": "1fmn.A.29"
    },
    {
      "LW": "B53",
      "backbone": true,
      "source": "1fmn.A.8",
      "target": "1fmn.A.9"
    },
    {
      "LW": "B35",
      "backbone": true,
      "source": "1fmn.A.8",
      "target": "1fmn.A.7"
    },
    {
      "index": 10,
      "nt1": "A.A8",
      "nt2": "A.G28",
      "bp": "A-G",
      "name": "Imino",
      "Saenger": "08-VIII",
      "LW": "cWW",
      "DSSR": "cW-W",
      "source": "1fmn.A.8",
      "target": "1fmn.A.28"
    },
    {
      "LW": "B53",
      "backbone": true,
      "source": "1fmn.A.9",
      "target": "1fmn.A.10"
    },
    {
      "LW": "B35",
      "backbone": true,
      "source": "1fmn.A.9",
      "target": "1fmn.A.8"
    },
    {
      "index": 11,
      "nt1": "A.G9",
      "nt2": "A.G27",
      "bp": "G-G",
      "name": "--",
      "Saenger": "--",
      "LW": "cWW",
      "DSSR": "cW-W",
      "source": "1fmn.A.9",
      "target": "1fmn.A.27"
    }
  ]
}