{
  "directed": true,
  "multigraph": false,
  "graph": {
    "dbn": {
      "all_chains": {
        "num_nts": 27,
        "num_chars": 27,
        "bseq": "GGCGUCACACCUUCGGGUGAAGUCGCC",
        "sstr": "((((.(.((((....))))..).))))",
        "form": "AA..A..AAA.....AAA........-"
      },
      "single_chains": {
        "m1_chain_A": {
          "num_nts": 27,
          "num_chars": 27,
          "bseq": "GGCGUCACACCUUCGGGUGAAGUCGCC",
          "sstr": "((((.(.((((....))))..).))))",
          "form": "AA..A..AAA.....AAA........-"
        }
      }
    },
    "resolution_low": null,
    "resolution_high": null
  },
  "nodes": [
    {
      "index": 1,
      "index_chain": 1,
      "chain_name": "A",
      "nt_resnum": 1,
      "nt_name": "G",
      "nt_code": "G",
      "nt_id": "A.G1",
      "nt_type": "RNA",
      "dbn": "(",
      "summary": "anti,~C3'-endo,BI,canonical,non-pair-contact,helix-end,stem-end,coaxial-stack",
      "alpha": null,
      "beta": -179.736,
      "gamma": 179.244,
      "delta": 80.619,
      "epsilon": -162.781,
      "zeta": -68.445,
      "epsilon_zeta": -94.336,
      "bb_type": "BI",
      "chi": -152.511,
      "glyco_bond": "anti",
      "C5prime_xyz": [
        -1.188,
        9.042,
        0.016
      ],
      "P_xyz": [
        -0.141,
        10.705,
        -1.776
      ],
      "form": "A",
      "ssZp": 4.123,
      "Dp": 4.63,
      "splay_angle": 21.685,
      "splay_distance": 3.616,
      "splay_ratio": 0.189,
      "eta": null,
      "theta": 175.793,
      "eta_prime": null,
      "theta_prime": -177.657,
      "eta_base": null,
      "theta_base": -156.817,
      "v0": 4.603,
      "v1": -26.891,
      "v2": 37.445,
      "v3": -35.65,
      "v4": 19.756,
      "amplitude": 38.242,
      "phase_angle": 11.722,
      "puckering": "C3'-endo",
      "sugar_class": "~C3'-endo",
      "bin": "inc",
      "cluster": "__",
      "suiteness": 0.0,
      "filter_rmsd": 0.103,
      "frame": {
        "rmsd": 0.103,
        "origin": [
          7.285,
          -17.195,
          35.673
        ],
        "x_axis": [
          -0.934,
          -0.284,
          0.218
        ],
        "y_axis": [
          0.229,
          -0.006,
          0.973
        ],
        "z_axis": [
          -0.275,
          0.959,
          0.071
        ],
        "quaternion": [
          -0.181,
          -0.02,
          0.681,
          0.709
        ]
      },
      "sse": {
        "sse": null
      },
      "binding_protein": null,
      "binding_ion": null,
      "binding_small-molecule": null,
      "TotalAsa": 352.1048281741347,
      "PolarAsa": 270.87268693840815,
      "ApolarAsa": 81.2321412357266,
      "id": "1pbr.A.1"
    },
    {
      "index": 10,
      "index_chain": 10,
      "chain_name": "A",
      "nt_resnum": 10,
      "nt_name": "C",
      "nt_code": "C",
      "nt_id": "A.C10",
      "nt_type": "RNA",
      "dbn": "(",
      "summary": "anti,~C3'-endo,BI,canonical,non-pair-contact,helix,stem,coaxial-stack",
      "alpha": -69.423,
      "beta": 167.261,
      "gamma": 66.513,
      "delta": 80.869,
      "epsilon": -158.999,
      "zeta": -64.629,
      "epsilon_zeta": -94.371,
      "bb_type": "BI",
      "chi": -159.05,
      "glyco_bond": "anti",
      "C5prime_xyz": [
        -1.85,
        9.014,
        0.484
      ],
      "P_xyz": [
        0.731,
        9.735,
        0.344
      ],
      "form": "A",
      "ssZp": 4.387,
      "Dp": 4.469,
      "splay_angle": 19.796,
      "splay_distance": 3.485,
      "splay_ratio": 0.178,
      "eta": 174.208,
      "theta": -140.68,
      "eta_prime": -168.276,
      "theta_prime": -143.472,
      "eta_base": -128.786,
      "theta_base": -123.985,
      "v0": -2.517,
      "v1": -19.705,
      "v2": 32.746,
      "v3": -35.109,
      "v4": 23.889,
      "amplitude": 35.452,
      "phase_angle": 22.531,
      "puckering": "C3'-endo",
      "sugar_class": "~C3'-endo",
      "bin": "33p",
      "cluster": "1a",
      "suiteness": 0.644,
      "filter_rmsd": 0.104,
      "frame": {
        "rmsd": 0.065,
        "origin": [
          1.977,
          10.143,
          40.189
        ],
        "x_axis": [
          -0.702,
          0.067,
          -0.709
        ],
        "y_axis": [
          -0.68,
          0.233,
          0.696
        ],
        "z_axis": [
          0.212,
          0.97,
          -0.118
        ],
        "quaternion": [
          0.321,
          -0.214,
          0.717,
          0.581
        ]
      },
      "sse": {
        "sse": null
      },
      "binding_protein": null,
      "binding_ion": null,
      "binding_small-molecule": null,
      "TotalAsa": 188.5146394421516,
      "PolarAsa": 131.69183271440056,
      "ApolarAsa": 56.82280672775106,
      "id": "1pbr.A.10"
    },
    {
      "index": 11,
      "index_chain": 11,
      "chain_name": "A",
      "nt_resnum": 11,
      "nt_name": "C",
      "nt_code": "C",
      "nt_id": "A.C11",
      "nt_type": "RNA",
      "dbn": "(",
      "summary": "anti,~C3'-endo,BI,canonical,non-pair-contact,helix,stem-end,coaxial-stack,hairpin-loop",
      "alpha": -72.858,
      "beta": 164.018,
      "gamma": 61.94,
      "delta": 83.043,
      "epsilon": -168.922,
      "zeta": -51.303,
      "epsilon_zeta": -117.619,
      "bb_type": "BI",
      "chi": -156.335,
      "glyco_bond": "anti",
      "C5prime_xyz": [
        -2.442,
        9.108,
        0.364
      ],
      "P_xyz": [
        -0.054,
        10.246,
        -0.124
      ],
      "form": ".",
      "ssZp": 4.628,
      "Dp": 4.282,
      "splay_angle": 34.706,
      "splay_distance": 5.61,
      "splay_ratio": 0.299,
      "eta": 159.31,
      "theta": -130.996,
      "eta_prime": 179.338,
      "theta_prime": -132.062,
      "eta_base": -143.105,
      "theta_base": -80.481,
      "v0": -15.639,
      "v1": -8.649,
      "v2": 27.561,
      "v3": -37.009,
      "v4": 33.598,
      "amplitude": 37.354,
      "phase_angle": 42.452,
      "puckering": "C4'-exo",
      "sugar_class": "~C3'-endo",
      "bin": "33p",
      "cluster": "1a",
      "suiteness": 0.784,
      "filter_rmsd": 0.101,
      "frame": {
        "rmsd": 0.063,
        "origin": [
          3.016,
          12.647,
          37.998
        ],
        "x_axis": [
          -0.932,
          0.164,
          -0.324
        ],
        "y_axis": [
          -0.259,
          0.328,
          0.908
        ],
        "z_axis": [
          0.255,
          0.93,
          -0.263
        ],
        "quaternion": [
          0.183,
          -0.03,
          0.794,
          0.579
        ]
      },
      "sse": {
        "sse": "hairpin_1"
      },
      "binding_protein": null,
      "binding_ion": null,
      "binding_small-molecule": null,
      "TotalAsa": 181.69391763092116,
      "PolarAsa": 129.74764443101506,
      "ApolarAsa": 51.94627319990609,
      "id": "1pbr.A.11"
    },
    {
      "index": 12,
      "index_chain": 12,
      "chain_name": "A",
      "nt_resnum": 12,
      "nt_name": "U",
      "nt_code": "U",
      "nt_id": "A.U12",
      "nt_type": "RNA",
      "dbn": ".",
      "summary": "anti,~C3'-endo,BI,non-canonical,non-pair-contact,helix-end,hairpin-loop,splayed-apart",
      "alpha": -82.487,
      "beta": 162.671,
      "gamma": 77.651,
      "delta": 81.043,
      "epsilon": -171.969,
      "zeta": -84.468,
      "epsilon_zeta": -87.501,
      "bb_type": "BI",
      "chi": -160.936,
      "glyco_bond": "anti",
      "C5prime_xyz": [
        -1.69,
        8.898,
        0.568
      ],
      "P_xyz": [
        0.895,
        9.581,
        0.017
      ],
      "form": ".",
      "ssZp": 4.315,
      "Dp": 4.456,
      "splay_angle": 92.677,
      "splay_distance": 13.667,
      "splay_ratio": 0.724,
      "eta": 170.407,
      "theta": -170.509,
      "eta_prime": -160.258,
      "theta_prime": 154.347,
      "eta_base": -84.969,
      "theta_base": 106.64,
      "v0": 7.359,
      "v1": -28.188,
      "v2": 37.089,
      "v3": -33.408,
      "v4": 16.746,
      "amplitude": 37.392,
      "phase_angle": 7.292,
      "puckering": "C3'-endo",
      "sugar_class": "~C3'-endo",
      "bin": "33p",
      "cluster": "1a",
      "suiteness": 0.12,
      "filter_rmsd": 0.095,
      "frame": {
        "rmsd": 0.06,
        "origin": [
          -0.736,
          16.735,
          37.178
        ],
        "x_axis": [
          -0.693,
          0.388,
          0.607
        ],
        "y_axis": [
          0.702,
          0.174,
          0.69
        ],
        "z_axis": [
          0.162,
          0.905,
          -0.393
        ],
        "quaternion": [
          -0.148,
          0.362,
          0.752,
          0.531
        ]
      },
      "sse": {
        "sse": "hairpin_1"
      },
      "binding_protein": null,
      "binding_ion": null,
      "binding_small-molecule": null,
      "TotalAsa": 177.9778469107927,
      "PolarAsa": 127.20607349205673,
      "ApolarAsa": 50.771773418735975,
      "id": "1pbr.A.12"
    },
    {
      "index": 13,
      "index_chain": 13,
      "chain_name": "A",
      "nt_resnum": 13,
      "nt_name": "U",
      "nt_code": "U",
      "nt_id": "A.U13",
      "nt_type": "RNA",
      "dbn": ".",
      "summary": "turn,anti,~C2'-endo,non-stack,non-pair-contact,hairpin-loop,cap-donor,phosphate,splayed-apart",
      "alpha": -167.589,
      "beta": 156.238,
      "gamma": 68.712,
      "delta": 118.453,
      "epsilon": -118.032,
      "zeta": -50.465,
      "epsilon_zeta": -67.567,
      "bb_type": "--",
      "chi": -142.883,
      "glyco_bond": "anti",
      "C5prime_xyz": [
        -2.266,
        8.946,
        -0.37
      ],
      "P_xyz": [
        0.298,
        9.727,
        -0.458
      ],
      "form": ".",
      "ssZp": 2.533,
      "Dp": 2.354,
      "splay_angle": 103.573,
      "splay_distance": 15.234,
      "splay_ratio": 0.787,
      "eta": 90.012,
      "theta": -65.615,
      "eta_prime": 94.684,
      "theta_prime": -67.116,
      "eta_base": 66.736,
      "theta_base": -38.869,
      "v0": -24.982,
      "v1": 23.316,
      "v2": -13.368,
      "v3": -0.954,
      "v4": 16.36,
      "amplitude": 25.163,
      "phase_angle": 122.089,
      "puckering": "C1'-exo",
      "sugar_class": "~C2'-endo",
      "bin": "trig",
      "cluster": "!!",
      "suiteness": 0.0,
      "filter_rmsd": 0.094,
      "frame": {
        "rmsd": 0.062,
        "origin": [
          11.944,
          12.414,
          34.475
        ],
        "x_axis": [
          0.004,
          -0.374,
          0.927
        ],
        "y_axis": [
          -0.488,
          0.809,
          0.328
        ],
        "z_axis": [
          -0.873,
          -0.453,
          -0.179
        ],
        "quaternion": [
          0.639,
          0.306,
          -0.704,
          0.044
        ]
      },
      "sse": {
        "sse": "hairpin_1"
      },
      "binding_protein": null,
      "binding_ion": null,
      "binding_small-molecule": null,
      "TotalAsa": 261.35513311885825,
      "PolarAsa": 182.84665984695727,
      "ApolarAsa": 78.50847327190098,
      "id": "1pbr.A.13"
    },
    {
      "index": 14,
      "index_chain": 14,
      "chain_name": "A",
      "nt_resnum": 14,
      "nt_name": "C",
      "nt_code": "C",
      "nt_id": "A.C14",
      "nt_type": "RNA",
      "dbn": ".",
      "summary": "turn,anti,~C2'-endo,non-pair-contact,hairpin-loop,splayed-apart",
      "alpha": -65.913,
      "beta": 179.7,
      "gamma": 66.256,
      "delta": 141.226,
      "epsilon": -98.591,
      "zeta": 74.624,
      "epsilon_zeta": 186.785,
      "bb_type": "--",
      "chi": -164.206,
      "glyco_bond": "anti",
      "C5prime_xyz": [
        -1.926,
        8.722,
        1.226
      ],
      "P_xyz": [
        0.261,
        8.601,
        2.786
      ],
      "form": ".",
      "ssZp": 1.426,
      "Dp": 1.478,
      "splay_angle": 52.305,
      "splay_distance": 8.321,
      "splay_ratio": 0.451,
      "eta": -172.704,
      "theta": 109.464,
      "eta_prime": -120.567,
      "theta_prime": 66.891,
      "eta_base": -95.896,
      "theta_base": 68.189,
      "v0": -17.162,
      "v1": 29.294,
      "v2": -29.834,
      "v3": 20.111,
      "v4": -1.871,
      "amplitude": 30.876,
      "phase_angle": 165.075,
      "puckering": "C2'-endo",
      "sugar_class": "~C2'-endo",
      "bin": "trig",
      "cluster": "!!",
      "suiteness": 0.0,
      "filter_rmsd": 0.102,
      "frame": {
        "rmsd": 0.062,
        "origin": [
          0.283,
          21.239,
          38.74
        ],
        "x_axis": [
          0.762,
          0.453,
          0.462
        ],
        "y_axis": [
          0.638,
          -0.407,
          -0.654
        ],
        "z_axis": [
          -0.108,
          0.793,
          -0.599
        ],
        "quaternion": [
          -0.435,
          0.832,
          0.328,
          0.106
        ]
      },
      "sse": {
        "sse": "hairpin_1"
      },
      "binding_protein": null,
      "binding_ion": null,
      "binding_small-molecule": null,
      "TotalAsa": 217.83889003411093,
      "PolarAsa": 183.25679664981462,
      "ApolarAsa": 34.582093384296336,
      "id": "1pbr.A.14"
    },
    {
      "index": 15,
      "index_chain": 15,
      "chain_name": "A",
      "nt_resnum": 15,
      "nt_name": "G",
      "nt_code": "G",
      "nt_id": "A.G15",
      "nt_type": "RNA",
      "dbn": ".",
      "summary": "syn,~C3'-endo,BI,non-canonical,non-pair-contact,helix-end,hairpin-loop,cap-acceptor",
      "alpha": 74.578,
      "beta": -158.459,
      "gamma": -179.989,
      "delta": 75.21,
      "epsilon": -172.051,
      "zeta": -53.969,
      "epsilon_zeta": -118.082,
      "bb_type": "BI",
      "chi": 33.518,
      "glyco_bond": "syn",
      "C5prime_xyz": [
        -5.856,
        4.599,
        0.804
      ],
      "P_xyz": [
        -6.838,
        3.454,
        3.002
      ],
      "form": ".",
      "ssZp": -3.524,
      "Dp": 4.275,
      "splay_angle": 24.973,
      "splay_distance": 3.835,
      "splay_ratio": 0.216,
      "eta": 132.098,
      "theta": -142.195,
      "eta_prime": 126.453,
      "theta_prime": -137.722,
      "eta_base": 157.188,
      "theta_base": -119.011,
      "v0": -15.149,
      "v1": -11.354,
      "v2": 31.008,
      "v3": -41.937,
      "v4": 35.509,
      "amplitude": 40.722,
      "phase_angle": 40.408,
      "puckering": "C4'-exo",
      "sugar_class": "~C3'-endo",
      "bin": "23t",
      "cluster": "6n",
      "suiteness": 0.539,
      "filter_rmsd": 0.11,
      "frame": {
        "rmsd": 0.11,
        "origin": [
          4.97,
          14.782,
          36.382
        ],
        "x_axis": [
          0.911,
          0.078,
          0.404
        ],
        "y_axis": [
          0.41,
          -0.25,
          -0.877
        ],
        "z_axis": [
          0.032,
          0.965,
          -0.259
        ],
        "quaternion": [
          0.592,
          -0.778,
          -0.157,
          -0.14
        ]
      },
      "sse": {
        "sse": "hairpin_1"
      },
      "binding_protein": null,
      "binding_ion": null,
      "binding_small-molecule": null,
      "TotalAsa": 205.4910391807347,
      "PolarAsa": 148.32464645001735,
      "ApolarAsa": 57.16639273071739,
      "id": "1pbr.A.15"
    },
    {
      "index": 16,
      "index_chain": 16,
      "chain_name": "A",
      "nt_resnum": 16,
      "nt_name": "G",
      "nt_code": "G",
      "nt_id": "A.G16",
      "nt_type": "RNA",
      "dbn": ")",
      "summary": "anti,~C3'-endo,BI,canonical,non-pair-contact,helix,stem-end,coaxial-stack,hairpin-loop",
      "alpha": 155.465,
      "beta": -152.079,
      "gamma": 154.759,
      "delta": 92.165,
      "epsilon": -144.917,
      "zeta": -76.893,
      "epsilon_zeta": -68.024,
      "bb_type": "BI",
      "chi": -172.954,
      "glyco_bond": "anti",
      "C5prime_xyz": [
        -0.209,
        8.285,
        1.207
      ],
      "P_xyz": [
        1.825,
        8.63,
        -0.55
      ],
      "form": "A",
      "ssZp": 4.969,
      "Dp": 4.788,
      "splay_angle": 22.118,
      "splay_distance": 3.425,
      "splay_ratio": 0.192,
      "eta": 151.721,
      "theta": -145.75,
      "eta_prime": -168.684,
      "theta_prime": -150.104,
      "eta_base": -118.846,
      "theta_base": -133.641,
      "v0": 21.889,
      "v1": -34.328,
      "v2": 34.023,
      "v3": -21.474,
      "v4": -0.275,
      "amplitude": 35.875,
      "phase_angle": 341.509,
      "puckering": "C2'-exo",
      "sugar_class": "~C3'-endo",
      "bin": "33t",
      "cluster": "1c",
      "suiteness": 0.163,
      "filter_rmsd": 0.113,
      "frame": {
        "rmsd": 0.113,
        "origin": [
          3.057,
          11.961,
          38.138
        ],
        "x_axis": [
          -0.985,
          0.016,
          -0.171
        ],
        "y_axis": [
          0.154,
          -0.358,
          -0.921
        ],
        "z_axis": [
          -0.076,
          -0.933,
          0.351
        ],
        "quaternion": [
          -0.042,
          -0.075,
          -0.565,
          0.821
        ]
      },
      "sse": {
        "sse": "hairpin_1"
      },
      "binding_protein": null,
      "binding_ion": "IDG",
      "binding_small-molecule": null,
      "TotalAsa": 189.927589257519,
      "PolarAsa": 147.77900987291076,
      "ApolarAsa": 42.14857938460826,
      "id": "1pbr.A.16"
    },
    {
      "index": 17,
      "index_chain": 17,
      "chain_name": "A",
      "nt_resnum": 17,
      "nt_name": "G",
      "nt_code": "G",
      "nt_id": "A.G17",
      "nt_type": "RNA",
      "dbn": ")",
      "summary": "anti,~C3'-endo,BI,canonical,non-pair-contact,helix,stem,coaxial-stack,phosphate",
      "alpha": -59.55,
      "beta": 150.617,
      "gamma": 66.435,
      "delta": 84.864,
      "epsilon": -152.413,
      "zeta": -69.764,
      "epsilon_zeta": -82.648,
      "bb_type": "BI",
      "chi": -163.286,
      "glyco_bond": "anti",
      "C5prime_xyz": [
        -1.166,
        8.889,
        0.788
      ],
      "P_xyz": [
        1.473,
        8.83,
        0.382
      ],
      "form": "A",
      "ssZp": 4.441,
      "Dp": 4.71,
      "splay_angle": 21.98,
      "splay_distance": 3.572,
      "splay_ratio": 0.191,
      "eta": 171.207,
      "theta": -135.33,
      "eta_prime": -166.537,
      "theta_prime": -140.459,
      "eta_base": -128.109,
      "theta_base": -119.991,
      "v0": 10.204,
      "v1": -29.994,
      "v2": 36.872,
      "v3": -31.496,
      "v4": 13.768,
      "amplitude": 36.908,
      "phase_angle": 2.556,
      "puckering": "C3'-endo",
      "sugar_class": "~C3'-endo",
      "bin": "33p",
      "cluster": "1a",
      "suiteness": 0.455,
      "filter_rmsd": 0.103,
      "frame": {
        "rmsd": 0.103,
        "origin": [
          2.009,
          9.507,
          40.286
        ],
        "x_axis": [
          -0.796,
          -0.195,
          -0.574
        ],
        "y_axis": [
          0.59,
          -0.466,
          -0.659
        ],
        "z_axis": [
          -0.139,
          -0.863,
          0.486
        ],
        "quaternion": [
          -0.237,
          -0.215,
          -0.459,
          0.829
        ]
      },
      "sse": {
        "sse": null
      },
      "binding_protein": null,
      "binding_ion": "IDG",
      "binding_small-molecule": null,
      "TotalAsa": 143.0451144911005,
      "PolarAsa": 98.70426687059444,
      "ApolarAsa": 44.340847620506054,
      "id": "1pbr.A.17"
    },
    {
      "index": 18,
      "index_chain": 18,
      "chain_name": "A",
      "nt_resnum": 18,
      "nt_name": "U",
      "nt_code": "U",
      "nt_id": "A.U18",
      "nt_type": "RNA",
      "dbn": ")",
      "summary": "anti,~C3'-endo,BI,canonical,non-pair-contact,helix,stem,coaxial-stack,phosphate",
      "alpha": -66.67,
      "beta": 153.768,
      "gamma": 63.221,
      "delta": 78.892,
      "epsilon": -156.042,
      "zeta": -76.043,
      "epsilon_zeta": -79.999,
      "bb_type": "BI",
      "chi": -165.627,
      "glyco_bond": "anti",
      "C5prime_xyz": [
        -1.985,
        8.804,
        0.806
      ],
      "P_xyz": [
        0.608,
        9.382,
        0.49
      ],
      "form": "A",
      "ssZp": 4.544,
      "Dp": 4.683,
      "splay_angle": 25.745,
      "splay_distance": 3.991,
      "splay_ratio": 0.223,
      "eta": 162.669,
      "theta": -148.877,
      "eta_prime": -175.654,
      "theta_prime": -150.16,
      "eta_base": -130.874,
      "theta_base": -115.198,
      "v0": 4.554,
      "v1": -28.018,
      "v2": 39.312,
      "v3": -37.555,
      "v4": 20.938,
      "amplitude": 40.204,
      "phase_angle": 12.092,
      "puckering": "C3'-endo",
      "sugar_class": "~C3'-endo",
      "bin": "33p",
      "cluster": "1a",
      "suiteness": 0.708,
      "filter_rmsd": 0.098,
      "frame": {
        "rmsd": 0.065,
        "origin": [
          0.462,
          6.938,
          42.227
        ],
        "x_axis": [
          -0.419,
          -0.455,
          -0.786
        ],
        "y_axis": [
          0.893,
          -0.361,
          -0.268
        ],
        "z_axis": [
          -0.162,
          -0.814,
          0.557
        ],
        "quaternion": [
          -0.441,
          -0.31,
          -0.354,
          0.765
        ]
      },
      "sse": {
        "sse": null
      },
      "binding_protein": null,
      "binding_ion": "IDG",
      "binding_small-molecule": null,
      "TotalAsa": 187.59295789616692,
      "PolarAsa": 127.59800693156325,
      "ApolarAsa": 59.994950964603625,
      "id": "1pbr.A.18"
    },
    {
      "index": 19,
      "index_chain": 19,
      "chain_name": "A",
      "nt_resnum": 19,
      "nt_name": "G",
      "nt_code": "G",
      "nt_id": "A.G19",
      "nt_type": "RNA",
      "dbn": ")",
      "summary": "anti,~C3'-endo,canonical,non-pair-contact,helix,stem-end,coaxial-stack,multiplet,internal-loop,phosphate",
      "alpha": -69.778,
      "beta": 171.594,
      "gamma": 61.446,
      "delta": 87.452,
      "epsilon": -125.452,
      "zeta": -79.732,
      "epsilon_zeta": -45.721,
      "bb_type": "--",
      "chi": -162.639,
      "glyco_bond": "anti",
      "C5prime_xyz": [
        -1.229,
        8.856,
        0.796
      ],
      "P_xyz": [
        1.384,
        8.831,
        1.368
      ],
      "form": ".",
      "ssZp": 4.108,
      "Dp": 4.731,
      "splay_angle": 41.413,
      "splay_distance": 6.817,
      "splay_ratio": 0.354,
      "eta": -179.921,
      "theta": -106.581,
      "eta_prime": -171.844,
      "theta_prime": -138.216,
      "eta_base": -127.933,
      "theta_base": 165.907,
      "v0": 9.139,
      "v1": -27.461,
      "v2": 34.055,
      "v3": -29.664,
      "v4": 12.964,
      "amplitude": 34.112,
      "phase_angle": 3.292,
      "puckering": "C3'-endo",
      "sugar_class": "~C3'-endo",
      "bin": "33p",
      "cluster": "1a",
      "suiteness": 0.787,
      "filter_rmsd": 0.102,
      "frame": {
        "rmsd": 0.102,
        "origin": [
          -1.443,
          3.644,
          43.432
        ],
        "x_axis": [
          0.35,
          -0.313,
          -0.883
        ],
        "y_axis": [
          0.935,
          0.057,
          0.351
        ],
        "z_axis": [
          -0.06,
          -0.948,
          0.313
        ],
        "quaternion": [
          0.656,
          0.495,
          0.314,
          -0.476
        ]
      },
      "sse": {
        "sse": null
      },
      "binding_protein": null,
      "binding_ion": "BDR",
      "binding_small-molecule": "",
      "TotalAsa": 196.9885382267418,
      "PolarAsa": 136.09701670108086,
      "ApolarAsa": 60.89152152566101,
      "id": "1pbr.A.19"
    },
    {
      "index": 2,
      "index_chain": 2,
      "chain_name": "A",
      "nt_resnum": 2,
      "nt_name": "G",
      "nt_code": "G",
      "nt_id": "A.G2",
      "nt_type": "RNA",
      "dbn": "(",
      "summary": "anti,~C3'-endo,BI,canonical,non-pair-contact,helix,stem,coaxial-stack",
      "alpha": -68.435,
      "beta": 163.332,
      "gamma": 64.585,
      "delta": 78.487,
      "epsilon": -162.013,
      "zeta": -63.646,
      "epsilon_zeta": -98.367,
      "bb_type": "BI",
      "chi": -156.108,
      "glyco_bond": "anti",
      "C5prime_xyz": [
        -1.558,
        9.15,
        0.114
      ],
      "P_xyz": [
        1.04,
        9.69,
        -0.17
      ],
      "form": "A",
      "ssZp": 4.15,
      "Dp": 4.582,
      "splay_angle": 22.89,
      "splay_distance": 3.836,
      "splay_ratio": 0.2,
      "eta": 169.492,
      "theta": -144.134,
      "eta_prime": -175.923,
      "theta_prime": -146.522,
      "eta_base": -146.484,
      "theta_base": -121.792,
      "v0": -0.813,
      "v1": -22.719,
      "v2": 35.859,
      "v3": -37.385,
      "v4": 24.236,
      "amplitude": 38.11,
      "phase_angle": 19.792,
      "puckering": "C3'-endo",
      "sugar_class": "~C3'-endo",
      "bin": "33p",
      "cluster": "1a",
      "suiteness": 0.695,
      "filter_rmsd": 0.102,
      "frame": {
        "rmsd": 0.102,
        "origin": [
          6.037,
          -13.98,
          34.588
        ],
        "x_axis": [
          -0.748,
          -0.306,
          0.588
        ],
        "y_axis": [
          0.552,
          0.205,
          0.808
        ],
        "z_axis": [
          -0.368,
          0.93,
          0.015
        ],
        "quaternion": [
          -0.343,
          0.088,
          0.696,
          0.624
        ]
      },
      "sse": {
        "sse": null
      },
      "binding_protein": null,
      "binding_ion": null,
      "binding_small-molecule": null,
      "TotalAsa": 204.19718771581952,
      "PolarAsa": 156.4809655440414,
      "ApolarAsa": 47.71622217177814,
      "id": "1pbr.A.2"
    },
    {
      "index": 20,
      "index_chain": 20,
      "chain_name": "A",
      "nt_resnum": 20,
      "nt_name": "A",
      "nt_code": "A",
      "nt_id": "A.A20",
      "nt_type": "RNA",
      "dbn": ".",
      "summary": "anti,~C3'-endo,BI,non-pair-contact,internal-loop,cap-acceptor,phosphate",
      "alpha": -164.482,
      "beta": 174.187,
      "gamma": 72.637,
      "delta": 84.657,
      "epsilon": -166.74,
      "zeta": -72.694,
      "epsilon_zeta": -94.046,
      "bb_type": "BI",
      "chi": -159.836,
      "glyco_bond": "anti",
      "C5prime_xyz": [
        -1.504,
        8.966,
        0.33
      ],
      "P_xyz": [
        1.093,
        9.492,
        0.637
      ],
      "form": ".",
      "ssZp": 3.735,
      "Dp": 4.439,
      "splay_angle": 24.047,
      "splay_distance": 4.15,
      "splay_ratio": 0.211,
      "eta": 76.09,
      "theta": -155.694,
      "eta_prime": 105.377,
      "theta_prime": -156.793,
      "eta_base": 79.547,
      "theta_base": -162.281,
      "v0": 1.65,
      "v1": -20.827,
      "v2": 30.617,
      "v3": -30.662,
      "v4": 18.458,
      "amplitude": 31.818,
      "phase_angle": 15.788,
      "puckering": "C3'-endo",
      "sugar_class": "~C3'-endo",
      "bin": "33p",
      "cluster": "1g",
      "suiteness": 0.129,
      "filter_rmsd": 0.1,
      "frame": {
        "rmsd": 0.084,
        "origin": [
          -4.642,
          3.973,
          49.443
        ],
        "x_axis": [
          0.408,
          0.876,
          -0.256
        ],
        "y_axis": [
          0.906,
          -0.354,
          0.232
        ],
        "z_axis": [
          0.113,
          -0.327,
          -0.938
        ],
        "quaternion": [
          0.17,
          0.822,
          0.542,
          -0.043
        ]
      },
      "sse": {
        "sse": null
      },
      "binding_protein": null,
      "binding_ion": null,
      "binding_small-molecule": "",
      "TotalAsa": 257.34422844970675,
      "PolarAsa": 163.81579602515959,
      "ApolarAsa": 93.52843242454716,
      "id": "1pbr.A.20"
    },
    {
      "index": 21,
      "index_chain": 21,
      "chain_name": "A",
      "nt_resnum": 21,
      "nt_name": "A",
      "nt_code": "A",
      "nt_id": "A.A21",
      "nt_type": "RNA",
      "dbn": ".",
      "summary": "anti,~C2'-endo,non-canonical,non-pair-contact,multiplet,internal-loop,phosphate",
      "alpha": -68.95,
      "beta": 165.131,
      "gamma": 78.916,
      "delta": 116.19,
      "epsilon": -125.263,
      "zeta": -83.735,
      "epsilon_zeta": -41.528,
      "bb_type": "--",
      "chi": -132.513,
      "glyco_bond": "anti",
      "C5prime_xyz": [
        -2.34,
        9.06,
        -0.997
      ],
      "P_xyz": [
        0.032,
        10.025,
        -1.723
      ],
      "form": ".",
      "ssZp": 2.57,
      "Dp": 2.55,
      "splay_angle": 53.926,
      "splay_distance": 9.196,
      "splay_ratio": 0.454,
      "eta": -161.101,
      "theta": -115.36,
      "eta_prime": -148.716,
      "theta_prime": -125.521,
      "eta_base": -151.51,
      "theta_base": -83.479,
      "v0": -30.747,
      "v1": 27.789,
      "v2": -15.005,
      "v3": -2.54,
      "v4": 20.735,
      "amplitude": 30.525,
      "phase_angle": 119.444,
      "puckering": "C1'-exo",
      "sugar_class": "~C2'-endo",
      "bin": "trig",
      "cluster": "!!",
      "suiteness": 0.0,
      "filter_rmsd": 0.108,
      "frame": {
        "rmsd": 0.091,
        "origin": [
          -7.412,
          1.988,
          47.076
        ],
        "x_axis": [
          0.561,
          0.633,
          -0.534
        ],
        "y_axis": [
          0.761,
          -0.648,
          0.029
        ],
        "z_axis": [
          -0.327,
          -0.422,
          -0.845
        ],
        "quaternion": [
          0.129,
          0.874,
          0.399,
          -0.246
        ]
      },
      "sse": {
        "sse": null
      },
      "binding_protein": null,
      "binding_ion": null,
      "binding_small-molecule": "",
      "TotalAsa": 225.7001167618219,
      "PolarAsa": 140.86037203344068,
      "ApolarAsa": 84.83974472838125,
      "id": "1pbr.A.21"
    },
    {
      "index": 22,
      "index_chain": 22,
      "chain_name": "A",
      "nt_resnum": 22,
      "nt_name": "G",
      "nt_code": "G",
      "nt_id": "A.G22",
      "nt_type": "RNA",
      "dbn": ")",
      "summary": "anti,~C3'-endo,BI,isolated-canonical,non-pair-contact,helix,internal-loop",
      "alpha": -77.177,
      "beta": 154.34,
      "gamma": 47.742,
      "delta": 74.053,
      "epsilon": -164.066,
      "zeta": -75.993,
      "epsilon_zeta": -88.073,
      "bb_type": "BI",
      "chi": 179.008,
      "glyco_bond": "anti",
      "C5prime_xyz": [
        -1.66,
        8.831,
        2.002
      ],
      "P_xyz": [
        0.89,
        9.506,
        2.407
      ],
      "form": ".",
      "ssZp": 5.123,
      "Dp": 4.545,
      "splay_angle": 26.989,
      "splay_distance": 4.307,
      "splay_ratio": 0.238,
      "eta": 137.483,
      "theta": -161.418,
      "eta_prime": 166.144,
      "theta_prime": -156.474,
      "eta_base": -133.324,
      "theta_base": -143.152,
      "v0": -5.567,
      "v1": -20.079,
      "v2": 36.017,
      "v3": -40.368,
      "v4": 29.239,
      "amplitude": 40.221,
      "phase_angle": 26.428,
      "puckering": "C3'-endo",
      "sugar_class": "~C3'-endo",
      "bin": "trig",
      "cluster": "!!",
      "suiteness": 0.0,
      "filter_rmsd": 0.108,
      "frame": {
        "rmsd": 0.108,
        "origin": [
          -3.766,
          -2.348,
          39.832
        ],
        "x_axis": [
          0.884,
          0.272,
          0.381
        ],
        "y_axis": [
          -0.259,
          -0.395,
          0.882
        ],
        "z_axis": [
          0.39,
          -0.878,
          -0.278
        ],
        "quaternion": [
          0.55,
          0.799,
          0.004,
          0.241
        ]
      },
      "sse": {
        "sse": null
      },
      "binding_protein": null,
      "binding_ion": "IDG",
      "binding_small-molecule": "",
      "TotalAsa": 213.99532013919563,
      "PolarAsa": 153.36830216390487,
      "ApolarAsa": 60.62701797529078,
      "id": "1pbr.A.22"
    },
    {
      "index": 23,
      "index_chain": 23,
      "chain_name": "A",
      "nt_resnum": 23,
      "nt_name": "U",
      "nt_code": "U",
      "nt_id": "A.U23",
      "nt_type": "RNA",
      "dbn": ".",
      "summary": "anti,~C3'-endo,BI,non-canonical,non-pair-contact,helix,internal-loop",
      "alpha": -61.48,
      "beta": 167.975,
      "gamma": 66.451,
      "delta": 82.911,
      "epsilon": -155.513,
      "zeta": -67.238,
      "epsilon_zeta": -88.275,
      "bb_type": "BI",
      "chi": -162.765,
      "glyco_bond": "anti",
      "C5prime_xyz": [
        -1.968,
        8.832,
        0.601
      ],
      "P_xyz": [
        0.608,
        9.41,
        1.019
      ],
      "form": ".",
      "ssZp": 3.974,
      "Dp": 4.496,
      "splay_angle": 20.179,
      "splay_distance": 3.296,
      "splay_ratio": 0.175,
      "eta": -174.06,
      "theta": -138.264,
      "eta_prime": -162.5,
      "theta_prime": -141.057,
      "eta_base": -144.228,
      "theta_base": -98.432,
      "v0": 4.326,
      "v1": -24.924,
      "v2": 34.638,
      "v3": -32.919,
      "v4": 18.184,
      "amplitude": 35.358,
      "phase_angle": 11.584,
      "puckering": "C3'-endo",
      "sugar_class": "~C3'-endo",
      "bin": "33p",
      "cluster": "1a",
      "suiteness": 0.579,
      "filter_rmsd": 0.096,
      "frame": {
        "rmsd": 0.065,
        "origin": [
          -2.333,
          -4.183,
          36.209
        ],
        "x_axis": [
          0.739,
          0.091,
          0.667
        ],
        "y_axis": [
          -0.521,
          -0.55,
          0.653
        ],
        "z_axis": [
          0.426,
          -0.83,
          -0.359
        ],
        "quaternion": [
          0.456,
          0.814,
          -0.132,
          0.336
        ]
      },
      "sse": {
        "sse": null
      },
      "binding_protein": null,
      "binding_ion": null,
      "binding_small-molecule": "",
      "TotalAsa": 177.83811084760237,
      "PolarAsa": 125.28294929264865,
      "ApolarAsa": 52.55516155495374,
      "id": "1pbr.A.23"
    },
    {
      "index": 24,
      "index_chain": 24,
      "chain_name": "A",
      "nt_resnum": 24,
      "nt_name": "C",
      "nt_code": "C",
      "nt_id": "A.C24",
      "nt_type": "RNA",
      "dbn": ")",
      "summary": "anti,~C3'-endo,BI,canonical,non-pair-contact,helix,stem-end,coaxial-stack,internal-loop",
      "alpha": -68.402,
      "beta": 161.776,
      "gamma": 57.275,
      "delta": 79.014,
      "epsilon": -148.665,
      "zeta": -81.659,
      "epsilon_zeta": -67.006,
      "bb_type": "BI",
      "chi": -147.8,
      "glyco_bond": "anti",
      "C5prime_xyz": [
        -1.599,
        8.988,
        -0.139
      ],
      "P_xyz": [
        0.979,
        9.408,
        -0.727
      ],
      "form": ".",
      "ssZp": 4.162,
      "Dp": 4.636,
      "splay_angle": 29.173,
      "splay_distance": 4.768,
      "splay_ratio": 0.252,
      "eta": 164.2,
      "theta": -150.746,
      "eta_prime": -178.904,
      "theta_prime": -149.564,
      "eta_base": -119.724,
      "theta_base": -123.893,
      "v0": 0.661,
      "v1": -23.263,
      "v2": 35.4,
      "v3": -36.084,
      "v4": 22.445,
      "amplitude": 37.142,
      "phase_angle": 17.621,
      "puckering": "C3'-endo",
      "sugar_class": "~C3'-endo",
      "bin": "33p",
      "cluster": "1a",
      "suiteness": 0.891,
      "filter_rmsd": 0.106,
      "frame": {
        "rmsd": 0.067,
        "origin": [
          0.087,
          -6.359,
          35.688
        ],
        "x_axis": [
          0.3,
          -0.483,
          0.823
        ],
        "y_axis": [
          -0.813,
          -0.58,
          -0.044
        ],
        "z_axis": [
          0.498,
          -0.656,
          -0.567
        ],
        "quaternion": [
          0.196,
          0.782,
          -0.414,
          0.422
        ]
      },
      "sse": {
        "sse": null
      },
      "binding_protein": null,
      "binding_ion": null,
      "binding_small-molecule": "",
      "TotalAsa": 190.80125043308837,
      "PolarAsa": 132.27609217520606,
      "ApolarAsa": 58.52515825788233,
      "id": "1pbr.A.24"
    },
    {
      "index": 25,
      "index_chain": 25,
      "chain_name": "A",
      "nt_resnum": 25,
      "nt_name": "G",
      "nt_code": "G",
      "nt_id": "A.G25",
      "nt_type": "RNA",
      "dbn": ")",
      "summary": "anti,~C3'-endo,BI,canonical,non-pair-contact,helix,stem,coaxial-stack",
      "alpha": -66.271,
      "beta": 154.374,
      "gamma": 66.525,
      "delta": 85.187,
      "epsilon": -155.331,
      "zeta": -68.397,
      "epsilon_zeta": -86.934,
      "bb_type": "BI",
      "chi": -168.598,
      "glyco_bond": "anti",
      "C5prime_xyz": [
        -1.657,
        8.926,
        0.987
      ],
      "P_xyz": [
        0.994,
        9.227,
        0.997
      ],
      "form": ".",
      "ssZp": 4.288,
      "Dp": 4.594,
      "splay_angle": 22.458,
      "splay_distance": 3.945,
      "splay_ratio": 0.202,
      "eta": 169.241,
      "theta": -134.241,
      "eta_prime": -175.187,
      "theta_prime": -135.169,
      "eta_base": -136.885,
      "theta_base": -124.692,
      "v0": 1.954,
      "v1": -22.701,
      "v2": 32.963,
      "v3": -32.767,
      "v4": 19.666,
      "amplitude": 34.176,
      "phase_angle": 15.313,
      "puckering": "C3'-endo",
      "sugar_class": "~C3'-endo",
      "bin": "33p",
      "cluster": "1a",
      "suiteness": 0.597,
      "filter_rmsd": 0.1,
      "frame": {
        "rmsd": 0.1,
        "origin": [
          2.947,
          -9.936,
          34.362
        ],
        "x_axis": [
          -0.365,
          -0.325,
          0.873
        ],
        "y_axis": [
          -0.885,
          -0.169,
          -0.433
        ],
        "z_axis": [
          0.288,
          -0.931,
          -0.226
        ],
        "quaternion": [
          -0.245,
          -0.507,
          0.596,
          -0.572
        ]
      },
      "sse": {
        "sse": null
      },
      "binding_protein": null,
      "binding_ion": null,
      "binding_small-molecule": null,
      "TotalAsa": 184.4886707465168,
      "PolarAsa": 136.76500569501306,
      "ApolarAsa": 47.72366505150374,
      "id": "1pbr.A.25"
    },
    {
      "index": 26,
      "index_chain": 26,
      "chain_name": "A",
      "nt_resnum": 26,
      "nt_name": "C",
      "nt_code": "C",
      "nt_id": "A.C26",
      "nt_type": "RNA",
      "dbn": ")",
      "summary": "anti,~C2'-endo,BI,canonical,non-pair-contact,helix,stem,coaxial-stack",
      "alpha": -59.627,
      "beta": 152.861,
      "gamma": 85.833,
      "delta": 120.789,
      "epsilon": -170.283,
      "zeta": -45.608,
      "epsilon_zeta": -124.675,
      "bb_type": "BI",
      "chi": -153.883,
      "glyco_bond": "anti",
      "C5prime_xyz": [
        -2.894,
        9.069,
        0.042
      ],
      "P_xyz": [
        -0.528,
        10.275,
        0.476
      ],
      "form": ".",
      "ssZp": 1.367,
      "Dp": 2.579,
      "splay_angle": 26.799,
      "splay_distance": 4.973,
      "splay_ratio": 0.247,
      "eta": -171.53,
      "theta": -64.597,
      "eta_prime": -134.285,
      "theta_prime": -111.505,
      "eta_base": -110.401,
      "theta_base": -96.466,
      "v0": -35.32,
      "v1": 39.215,
      "v2": -27.665,
      "v3": 7.391,
      "v4": 17.428,
      "amplitude": 38.993,
      "phase_angle": 135.193,
      "puckering": "C1'-exo",
      "sugar_class": "~C2'-endo",
      "bin": "32p",
      "cluster": "!!",
      "suiteness": 0.0,
      "filter_rmsd": 0.099,
      "frame": {
        "rmsd": 0.06,
        "origin": [
          5.605,
          -12.793,
          34.943
        ],
        "x_axis": [
          -0.707,
          -0.332,
          0.624
        ],
        "y_axis": [
          -0.643,
          -0.066,
          -0.763
        ],
        "z_axis": [
          0.295,
          -0.941,
          -0.166
        ],
        "quaternion": [
          -0.123,
          -0.362,
          0.672,
          -0.634
        ]
      },
      "sse": {
        "sse": null
      },
      "binding_protein": null,
      "binding_ion": null,
      "binding_small-molecule": null,
      "TotalAsa": 178.84903407720674,
      "PolarAsa": 113.99145445239003,
      "ApolarAsa": 64.85757962481676,
      "id": "1pbr.A.26"
    },
    {
      "index": 27,
      "index_chain": 27,
      "chain_name": "A",
      "nt_resnum": 27,
      "nt_name": "C",
      "nt_code": "C",
      "nt_id": "A.C27",
      "nt_type": "RNA",
      "dbn": ")",
      "summary": "anti,~C3'-endo,non-stack,canonical,non-pair-contact,helix-end,stem-end,coaxial-stack",
      "alpha": 127.696,
      "beta": -147.061,
      "gamma": 88.827,
      "delta": 71.013,
      "epsilon": null,
      "zeta": null,
      "epsilon_zeta": null,
      "bb_type": "--",
      "chi": -122.539,
      "glyco_bond": "anti",
      "C5prime_xyz": [
        -3.781,
        8.83,
        -0.452
      ],
      "P_xyz": [
        -2.42,
        10.457,
        -2.156
      ],
      "form": "-",
      "ssZp": null,
      "Dp": null,
      "splay_angle": null,
      "splay_distance": null,
      "splay_ratio": null,
      "eta": null,
      "theta": null,
      "eta_prime": null,
      "theta_prime": null,
      "eta_base": null,
      "theta_base": null,
      "v0": -25.979,
      "v1": -2.308,
      "v2": 27.765,
      "v3": -43.927,
      "v4": 43.946,
      "amplitude": 45.655,
      "phase_angle": 52.545,
      "puckering": "C4'-exo",
      "sugar_class": "~C3'-endo",
      "bin": "23p",
      "cluster": "!!",
      "suiteness": 0.0,
      "filter_rmsd": 0.106,
      "frame": {
        "rmsd": 0.068,
        "origin": [
          7.025,
          -17.53,
          35.466
        ],
        "x_axis": [
          -0.946,
          0.083,
          0.312
        ],
        "y_axis": [
          -0.27,
          0.331,
          -0.904
        ],
        "z_axis": [
          -0.178,
          -0.94,
          -0.291
        ],
        "quaternion": [
          -0.153,
          -0.058,
          0.801,
          -0.575
        ]
      },
      "sse": {
        "sse": null
      },
      "binding_protein": null,
      "binding_ion": null,
      "binding_small-molecule": null,
      "TotalAsa": 307.11203592535014,
      "PolarAsa": 220.28394266378393,
      "ApolarAsa": 86.82809326156612,
      "id": "1pbr.A.27"
    },
    {
      "index": 3,
      "index_chain": 3,
      "chain_name": "A",
      "nt_resnum": 3,
      "nt_name": "C",
      "nt_code": "C",
      "nt_id": "A.C3",
      "nt_type": "RNA",
      "dbn": "(",
      "summary": "anti,~C3'-endo,BI,canonical,non-pair-contact,helix,stem,coaxial-stack",
      "alpha": -69.3,
      "beta": 166.884,
      "gamma": 62.158,
      "delta": 76.319,
      "epsilon": -152.47,
      "zeta": -83.916,
      "epsilon_zeta": -68.554,
      "bb_type": "BI",
      "chi": -155.751,
      "glyco_bond": "anti",
      "C5prime_xyz": [
        -1.816,
        9.045,
        0.261
      ],
      "P_xyz": [
        0.729,
        9.805,
        -0.036
      ],
      "form": ".",
      "ssZp": 4.366,
      "Dp": 4.591,
      "splay_angle": 30.743,
      "splay_distance": 4.94,
      "splay_ratio": 0.265,
      "eta": 171.579,
      "theta": -159.083,
      "eta_prime": -173.696,
      "theta_prime": -155.847,
      "eta_base": -134.359,
      "theta_base": -127.277,
      "v0": -2.48,
      "v1": -21.272,
      "v2": 35.277,
      "v3": -37.902,
      "v4": 25.518,
      "amplitude": 38.141,
      "phase_angle": 22.345,
      "puckering": "C3'-endo",
      "sugar_class": "~C3'-endo",
      "bin": "33p",
      "cluster": "1a",
      "suiteness": 0.744,
      "filter_rmsd": 0.103,
      "frame": {
        "rmsd": 0.065,
        "origin": [
          3.355,
          -11.245,
          34.382
        ],
        "x_axis": [
          -0.371,
          -0.164,
          0.914
        ],
        "y_axis": [
          0.826,
          0.393,
          0.405
        ],
        "z_axis": [
          -0.425,
          0.905,
          -0.01
        ],
        "quaternion": [
          0.503,
          -0.248,
          -0.666,
          -0.492
        ]
      },
      "sse": {
        "sse": null
      },
      "binding_protein": null,
      "binding_ion": null,
      "binding_small-molecule": null,
      "TotalAsa": 192.50654361362766,
      "PolarAsa": 136.09858264957018,
      "ApolarAsa": 56.40796096405752,
      "id": "1pbr.A.3"
    },
    {
      "index": 4,
      "index_chain": 4,
      "chain_name": "A",
      "nt_resnum": 4,
      "nt_name": "G",
      "nt_code": "G",
      "nt_id": "A.G4",
      "nt_type": "RNA",
      "dbn": "(",
      "summary": "anti,~C3'-endo,BI,canonical,non-pair-contact,helix,stem-end,coaxial-stack,internal-loop",
      "alpha": -65.754,
      "beta": 161.41,
      "gamma": 61.177,
      "delta": 83.874,
      "epsilon": -153.742,
      "zeta": -63.511,
      "epsilon_zeta": -90.231,
      "bb_type": "BI",
      "chi": -166.722,
      "glyco_bond": "anti",
      "C5prime_xyz": [
        -1.381,
        8.88,
        0.923
      ],
      "P_xyz": [
        1.28,
        9.042,
        0.89
      ],
      "form": ".",
      "ssZp": 4.548,
      "Dp": 4.66,
      "splay_angle": 24.124,
      "splay_distance": 4.323,
      "splay_ratio": 0.221,
      "eta": 170.711,
      "theta": -133.195,
      "eta_prime": -178.054,
      "theta_prime": -139.089,
      "eta_base": -140.496,
      "theta_base": -141.046,
      "v0": 5.365,
      "v1": -25.903,
      "v2": 35.068,
      "v3": -33.108,
      "v4": 17.576,
      "amplitude": 35.631,
      "phase_angle": 10.198,
      "puckering": "C3'-endo",
      "sugar_class": "~C3'-endo",
      "bin": "33p",
      "cluster": "1a",
      "suiteness": 0.752,
      "filter_rmsd": 0.098,
      "frame": {
        "rmsd": 0.098,
        "origin": [
          0.562,
          -7.208,
          34.941
        ],
        "x_axis": [
          0.244,
          -0.197,
          0.95
        ],
        "y_axis": [
          0.931,
          0.321,
          -0.172
        ],
        "z_axis": [
          -0.271,
          0.926,
          0.262
        ],
        "quaternion": [
          0.676,
          -0.407,
          -0.451,
          -0.418
        ]
      },
      "sse": {
        "sse": null
      },
      "binding_protein": null,
      "binding_ion": "BDR",
      "binding_small-molecule": null,
      "TotalAsa": 195.7536582164316,
      "PolarAsa": 147.07261829839027,
      "ApolarAsa": 48.68103991804132,
      "id": "1pbr.A.4"
    },
    {
      "index": 5,
      "index_chain": 5,
      "chain_name": "A",
      "nt_resnum": 5,
      "nt_name": "U",
      "nt_code": "U",
      "nt_id": "A.U5",
      "nt_type": "RNA",
      "dbn": ".",
      "summary": "anti,~C3'-endo,BI,non-canonical,non-pair-contact,helix,internal-loop",
      "alpha": -71.973,
      "beta": 173.066,
      "gamma": 59.167,
      "delta": 76.544,
      "epsilon": -162.615,
      "zeta": -64.682,
      "epsilon_zeta": -97.933,
      "bb_type": "BI",
      "chi": -161.4,
      "glyco_bond": "anti",
      "C5prime_xyz": [
        -2.532,
        9.016,
        0.584
      ],
      "P_xyz": [
        -0.304,
        10.478,
        0.662
      ],
      "form": "A",
      "ssZp": 4.614,
      "Dp": 4.358,
      "splay_angle": 21.587,
      "splay_distance": 3.705,
      "splay_ratio": 0.193,
      "eta": 165.611,
      "theta": -150.408,
      "eta_prime": 179.734,
      "theta_prime": -150.115,
      "eta_base": -164.317,
      "theta_base": -105.801,
      "v0": -12.771,
      "v1": -12.49,
      "v2": 30.79,
      "v3": -39.008,
      "v4": 33.162,
      "amplitude": 38.758,
      "phase_angle": 37.4,
      "puckering": "C4'-exo",
      "sugar_class": "~C3'-endo",
      "bin": "33p",
      "cluster": "1a",
      "suiteness": 0.856,
      "filter_rmsd": 0.097,
      "frame": {
        "rmsd": 0.068,
        "origin": [
          -3.041,
          -5.079,
          36.023
        ],
        "x_axis": [
          0.524,
          -0.189,
          0.83
        ],
        "y_axis": [
          0.808,
          0.418,
          -0.415
        ],
        "z_axis": [
          -0.269,
          0.889,
          0.372
        ],
        "quaternion": [
          0.761,
          -0.429,
          -0.361,
          -0.328
        ]
      },
      "sse": {
        "sse": null
      },
      "binding_protein": null,
      "binding_ion": "IDG",
      "binding_small-molecule": "",
      "TotalAsa": 155.62305127462471,
      "PolarAsa": 96.91584117490973,
      "ApolarAsa": 58.70721009971496,
      "id": "1pbr.A.5"
    },
    {
      "index": 6,
      "index_chain": 6,
      "chain_name": "A",
      "nt_resnum": 6,
      "nt_name": "C",
      "nt_code": "C",
      "nt_id": "A.C6",
      "nt_type": "RNA",
      "dbn": "(",
      "summary": "anti,~C3'-endo,BI,isolated-canonical,non-pair-contact,helix,internal-loop,phosphate",
      "alpha": -72.12,
      "beta": 157.649,
      "gamma": 70.058,
      "delta": 75.271,
      "epsilon": -162.035,
      "zeta": -65.504,
      "epsilon_zeta": -96.531,
      "bb_type": "BI",
      "chi": -161.769,
      "glyco_bond": "anti",
      "C5prime_xyz": [
        -2.088,
        9.062,
        0.548
      ],
      "P_xyz": [
        0.354,
        10.047,
        0.067
      ],
      "form": ".",
      "ssZp": 4.448,
      "Dp": 4.544,
      "splay_angle": 35.644,
      "splay_distance": 5.898,
      "splay_ratio": 0.309,
      "eta": 165.564,
      "theta": -149.557,
      "eta_prime": -175.684,
      "theta_prime": -150.257,
      "eta_base": -115.338,
      "theta_base": -126.973,
      "v0": -5.088,
      "v1": -20.617,
      "v2": 36.638,
      "v3": -40.527,
      "v4": 28.955,
      "amplitude": 40.616,
      "phase_angle": 25.57,
      "puckering": "C3'-endo",
      "sugar_class": "~C3'-endo",
      "bin": "33p",
      "cluster": "1a",
      "suiteness": 0.448,
      "filter_rmsd": 0.103,
      "frame": {
        "rmsd": 0.065,
        "origin": [
          -3.236,
          -3.472,
          39.356
        ],
        "x_axis": [
          0.912,
          0.124,
          0.391
        ],
        "y_axis": [
          0.246,
          0.598,
          -0.763
        ],
        "z_axis": [
          -0.328,
          0.792,
          0.515
        ],
        "quaternion": [
          0.87,
          -0.447,
          -0.207,
          -0.035
        ]
      },
      "sse": {
        "sse": null
      },
      "binding_protein": null,
      "binding_ion": "BDR",
      "binding_small-molecule": "",
      "TotalAsa": 192.70399735475047,
      "PolarAsa": 128.9508279389347,
      "ApolarAsa": 63.75316941581574,
      "id": "1pbr.A.6"
    },
    {
      "index": 7,
      "index_chain": 7,
      "chain_name": "A",
      "nt_resnum": 7,
      "nt_name": "A",
      "nt_code": "A",
      "nt_id": "A.A7",
      "nt_type": "RNA",
      "dbn": ".",
      "summary": "anti,~C3'-endo,BI,non-pair-contact,internal-loop",
      "alpha": -69.53,
      "beta": 179.967,
      "gamma": 61.603,
      "delta": 77.987,
      "epsilon": -135.224,
      "zeta": -61.018,
      "epsilon_zeta": -74.206,
      "bb_type": "BI",
      "chi": -173.601,
      "glyco_bond": "anti",
      "C5prime_xyz": [
        -2.008,
        8.972,
        1.254
      ],
      "P_xyz": [
        0.371,
        9.721,
        2.225
      ],
      "form": ".",
      "ssZp": 4.492,
      "Dp": 4.511,
      "splay_angle": 29.184,
      "splay_distance": 4.846,
      "splay_ratio": 0.253,
      "eta": -177.783,
      "theta": -122.604,
      "eta_prime": -169.173,
      "theta_prime": -120.509,
      "eta_base": -137.045,
      "theta_base": -69.028,
      "v0": -8.575,
      "v1": -14.908,
      "v2": 31.039,
      "v3": -37.184,
      "v4": 28.733,
      "amplitude": 36.582,
      "phase_angle": 31.953,
      "puckering": "C3'-endo",
      "sugar_class": "~C3'-endo",
      "bin": "33p",
      "cluster": "1a",
      "suiteness": 0.737,
      "filter_rmsd": 0.099,
      "frame": {
        "rmsd": 0.082,
        "origin": [
          -4.221,
          0.148,
          43.907
        ],
        "x_axis": [
          0.973,
          0.128,
          -0.194
        ],
        "y_axis": [
          -0.213,
          0.154,
          -0.965
        ],
        "z_axis": [
          -0.094,
          0.98,
          0.177
        ],
        "quaternion": [
          0.759,
          -0.641,
          0.033,
          0.112
        ]
      },
      "sse": {
        "sse": null
      },
      "binding_protein": null,
      "binding_ion": "IDG",
      "binding_small-molecule": "",
      "TotalAsa": 170.27258596033803,
      "PolarAsa": 126.59870845606315,
      "ApolarAsa": 43.6738775042749,
      "id": "1pbr.A.7"
    },
    {
      "index": 8,
      "index_chain": 8,
      "chain_name": "A",
      "nt_resnum": 8,
      "nt_name": "C",
      "nt_code": "C",
      "nt_id": "A.C8",
      "nt_type": "RNA",
      "dbn": "(",
      "summary": "anti,~C3'-endo,BI,canonical,non-canonical,non-pair-contact,helix,stem-end,coaxial-stack,multiplet,internal-loop",
      "alpha": -71.133,
      "beta": 164.523,
      "gamma": 52.148,
      "delta": 75.268,
      "epsilon": -156.692,
      "zeta": -66.848,
      "epsilon_zeta": -89.845,
      "bb_type": "BI",
      "chi": -164.474,
      "glyco_bond": "anti",
      "C5prime_xyz": [
        -1.802,
        8.997,
        0.534
      ],
      "P_xyz": [
        0.752,
        9.762,
        0.52
      ],
      "form": "A",
      "ssZp": 4.542,
      "Dp": 4.661,
      "splay_angle": 23.429,
      "splay_distance": 3.788,
      "splay_ratio": 0.205,
      "eta": 148.511,
      "theta": -147.345,
      "eta_prime": 173.45,
      "theta_prime": -146.554,
      "eta_base": -114.162,
      "theta_base": -110.781,
      "v0": -0.881,
      "v1": -24.141,
      "v2": 38.196,
      "v3": -39.771,
      "v4": 25.688,
      "amplitude": 40.582,
      "phase_angle": 19.747,
      "puckering": "C3'-endo",
      "sugar_class": "~C3'-endo",
      "bin": "33p",
      "cluster": "1a",
      "suiteness": 0.778,
      "filter_rmsd": 0.107,
      "frame": {
        "rmsd": 0.071,
        "origin": [
          -1.453,
          4.057,
          43.174
        ],
        "x_axis": [
          0.407,
          0.02,
          -0.913
        ],
        "y_axis": [
          -0.913,
          0.057,
          -0.405
        ],
        "z_axis": [
          0.043,
          0.998,
          0.042
        ],
        "quaternion": [
          0.613,
          -0.572,
          0.39,
          0.38
        ]
      },
      "sse": {
        "sse": null
      },
      "binding_protein": null,
      "binding_ion": "IDG",
      "binding_small-molecule": null,
      "TotalAsa": 154.58076950753377,
      "PolarAsa": 109.7372795011717,
      "ApolarAsa": 44.84349000636212,
      "id": "1pbr.A.8"
    },
    {
      "index": 9,
      "index_chain": 9,
      "chain_name": "A",
      "nt_resnum": 9,
      "nt_name": "A",
      "nt_code": "A",
      "nt_id": "A.A9",
      "nt_type": "RNA",
      "dbn": "(",
      "summary": "anti,~C3'-endo,BI,canonical,non-pair-contact,helix,stem,coaxial-stack",
      "alpha": -69.023,
      "beta": 164.271,
      "gamma": 63.297,
      "delta": 80.842,
      "epsilon": -161.728,
      "zeta": -63.763,
      "epsilon_zeta": -97.966,
      "bb_type": "BI",
      "chi": -165.166,
      "glyco_bond": "anti",
      "C5prime_xyz": [
        -1.467,
        8.919,
        0.752
      ],
      "P_xyz": [
        1.141,
        9.419,
        0.549
      ],
      "form": "A",
      "ssZp": 4.56,
      "Dp": 4.623,
      "splay_angle": 23.091,
      "splay_distance": 3.831,
      "splay_ratio": 0.205,
      "eta": 166.817,
      "theta": -142.462,
      "eta_prime": -176.005,
      "theta_prime": -144.079,
      "eta_base": -123.438,
      "theta_base": -121.095,
      "v0": 2.956,
      "v1": -25.394,
      "v2": 36.337,
      "v3": -35.746,
      "v4": 20.848,
      "amplitude": 37.477,
      "phase_angle": 14.174,
      "puckering": "C3'-endo",
      "sugar_class": "~C3'-endo",
      "bin": "33p",
      "cluster": "1a",
      "suiteness": 0.74,
      "filter_rmsd": 0.097,
      "frame": {
        "rmsd": 0.081,
        "origin": [
          0.279,
          7.199,
          41.958
        ],
        "x_axis": [
          -0.25,
          -0.048,
          -0.967
        ],
        "y_axis": [
          -0.961,
          0.133,
          0.242
        ],
        "z_axis": [
          0.117,
          0.99,
          -0.08
        ],
        "quaternion": [
          0.448,
          -0.417,
          0.605,
          0.509
        ]
      },
      "sse": {
        "sse": null
      },
      "binding_protein": null,
      "binding_ion": "IDG",
      "binding_small-molecule": null,
      "TotalAsa": 164.02917070765665,
      "PolarAsa": 124.59170303506664,
      "ApolarAsa": 39.43746767259002,
      "id": "1pbr.A.9"
    }
  ],
  "links": [
    {
      "LW": "B53",
      "backbone": true,
      "source": "1pbr.A.1",
      "target": "1pbr.A.2"
    },
    {
      "index": 1,
      "nt1": "A.G1",
      "nt2": "A.C27",
      "bp": "G-C",
      "name": "WC",
      "Saenger": "19-XIX",
      "LW": "cWW",
      "DSSR": "cW-W",
      "source": "1pbr.A.1",
      "target": "1pbr.A.27"
    },
    {
      "LW": "B53",
      "backbone": true,
      "source": "1pbr.A.10",
      "target": "1pbr.A.11"
    },
    {
      "LW": "B35",
      "backbone": true,
      "source": "1pbr.A.10",
      "target": "1pbr.A.9"
    },
    {
      "index": 10,
      "nt1": "A.C10",
      "nt2": "A.G17",
      "bp": "C-G",
      "name": "WC",
      "Saenger": "19-XIX",
      "LW": "cWW",
      "DSSR": "cW-W",
      "source": "1pbr.A.10",
      "target": "1pbr.A.17"
    },
    {
      "LW": "B53",
      "backbone": true,
      "source": "1pbr.A.11",
      "target": "1pbr.A.12"
    },
    {
      "LW": "B35",
      "backbone": true,
      "source": "1pbr.A.11",
      "target": "1pbr.A.10"
    },
    {
      "index": 11,
      "nt1": "A.C11",
      "nt2": "A.G16",
      "bp": "C-G",
      "name": "WC",
      "Saenger": "19-XIX",
      "LW": "cWW",
      "DSSR": "cW-W",
      "source": "1pbr.A.11",
      "target": "1pbr.A.16"
    },
    {
      "LW": "B53",
      "backbone": true,
      "source": "1pbr.A.12",
      "target": "1pbr.A.13"
    },
    {
      "LW": "B35",
      "backbone": true,
      "source": "1pbr.A.12",
      "target": "1pbr.A.11"
    },
    {
      "index": 12,
      "nt1": "A.U12",
      "nt2": "A.G15",
      "bp": "U+G",
      "name": "--",
      "Saenger": "--",
      "LW": "tSW",
      "DSSR": "tm+W",
      "source": "1pbr.A.12",
      "target": "1pbr.A.15"
    },
    {
      "LW": "B53",
      "backbone": true,
      "source": "1pbr.A.13",
      "target": "1pbr.A.14"
    },
    {
      "LW": "B35",
      "backbone": true,
      "source": "1pbr.A.13",
      "target": "1pbr.A.12"
    },
    {
      "LW": "B53",
      "backbone": true,
      "source": "1pbr.A.14",
      "target": "1pbr.A.15"
    },
    {
      "LW": "B35",
      "backbone": true,
      "source": "1pbr.A.14",
      "target": "1pbr.A.13"
    },
    {
      "LW": "B53",
      "backbone": true,
      "source": "1pbr.A.15",
      "target": "1pbr.A.16"
    },
    {
      "LW": "B35",
      "backbone": true,
      "source": "1pbr.A.15",
      "target": "1pbr.A.14"
    },
    {
      "index": 12,
      "nt1": "A.G15",
      "nt2": "A.U12",
      "bp": "G+U",
      "name": "--",
      "Saenger": "--",
      "LW": "tWS",
      "DSSR": "tm+W",
      "source": "1pbr.A.15",
      "target": "1pbr.A.12"
    },
    {
      "LW": "B53",
      "backbone": true,
      "source": "1pbr.A.16",
      "target": "1pbr.A.17"
    },
    {
      "LW": "B35",
      "backbone": true,
      "source": "1pbr.A.16",
      "target": "1pbr.A.15"
    },
    {
      "index": 11,
      "nt1": "A.G16",
      "nt2": "A.C11",
      "bp": "G-C",
      "name": "WC",
      "Saenger": "19-XIX",
      "LW": "cWW",
      "DSSR": "cW-W",
      "source": "1pbr.A.16",
      "target": "1pbr.A.11"
    },
    {
      "LW": "B53",
      "backbone": true,
      "source": "1pbr.A.17",
      "target": "1pbr.A.18"
    },
    {
      "LW": "B35",
      "backbone": true,
      "source": "1pbr.A.17",
      "target": "1pbr.A.16"
    },
    {
      "index": 10,
      "nt1": "A.G17",
      "nt2": "A.C10",
      "bp": "G-C",
      "name": "WC",
      "Saenger": "19-XIX",
      "LW": "cWW",
      "DSSR": "cW-W",
      "source": "1pbr.A.17",
      "target": "1pbr.A.10"
    },
    {
      "LW": "B53",
      "backbone": true,
      "source": "1pbr.A.18",
      "target": "1pbr.A.19"
    },
    {
      "LW": "B35",
      "backbone": true,
      "source": "1pbr.A.18",
      "target": "1pbr.A.17"
    },
    {
      "index": 9,
      "nt1": "A.U18",
      "nt2": "A.A9",
      "bp": "U-A",
      "name": "WC",
      "Saenger": "20-XX",
      "LW": "cWW",
      "DSSR": "cW-W",
      "source": "1pbr.A.18",
      "target": "1pbr.A.9"
    },
    {
      "LW": "B53",
      "backbone": true,
      "source": "1pbr.A.19",
      "target": "1pbr.A.20"
    },
    {
      "LW": "B35",
      "backbone": true,
      "source": "1pbr.A.19",
      "target": "1pbr.A.18"
    },
    {
      "index": 7,
      "nt1": "A.G19",
      "nt2": "A.C8",
      "bp": "G-C",
      "name": "WC",
      "Saenger": "19-XIX",
      "LW": "cWW",
      "DSSR": "cW-W",
      "source": "1pbr.A.19",
      "target": "1pbr.A.8"
    },
    {
      "LW": "B53",
      "backbone": true,
      "source": "1pbr.A.2",
      "target": "1pbr.A.3"
    },
    {
      "LW": "B35",
      "backbone": true,
      "source": "1pbr.A.2",
      "target": "1pbr.A.1"
    },
    {
      "index": 2,
      "nt1": "A.G2",
      "nt2": "A.C26",
      "bp": "G-C",
      "name": "WC",
      "Saenger": "19-XIX",
      "LW": "cWW",
      "DSSR": "cW-W",
      "source": "1pbr.A.2",
      "target": "1pbr.A.26"
    },
    {
      "LW": "B53",
      "backbone": true,
      "source": "1pbr.A.20",
      "target": "1pbr.A.21"
    },
    {
      "LW": "B35",
      "backbone": true,
      "source": "1pbr.A.20",
      "target": "1pbr.A.19"
    },
    {
      "LW": "B53",
      "backbone": true,
      "source": "1pbr.A.21",
      "target": "1pbr.A.22"
    },
    {
      "LW": "B35",
      "backbone": true,
      "source": "1pbr.A.21",
      "target": "1pbr.A.20"
    },
    {
      "index": 8,
      "nt1": "A.A21",
      "nt2": "A.C8",
      "bp": "A-C",
      "name": "~Sheared",
      "Saenger": "--",
      "LW": "tHS",
      "DSSR": "tm-M",
      "source": "1pbr.A.21",
      "target": "1pbr.A.8"
    },
    {
      "LW": "B53",
      "backbone": true,
      "source": "1pbr.A.22",
      "target": "1pbr.A.23"
    },
    {
      "LW": "B35",
      "backbone": true,
      "source": "1pbr.A.22",
      "target": "1pbr.A.21"
    },
    {
      "index": 6,
      "nt1": "A.G22",
      "nt2": "A.C6",
      "bp": "G-C",
      "name": "WC",
      "Saenger": "19-XIX",
      "LW": "cWW",
      "DSSR": "cW-W",
      "source": "1pbr.A.22",
      "target": "1pbr.A.6"
    },
    {
      "LW": "B53",
      "backbone": true,
      "source": "1pbr.A.23",
      "target": "1pbr.A.24"
    },
    {
      "LW": "B35",
      "backbone": true,
      "source": "1pbr.A.23",
      "target": "1pbr.A.22"
    },
    {
      "index": 5,
      "nt1": "A.U23",
      "nt2": "A.U5",
      "bp": "U-U",
      "name": "--",
      "Saenger": "--",
      "LW": "cWW",
      "DSSR": "cW-W",
      "source": "1pbr.A.23",
      "target": "1pbr.A.5"
    },
    {
      "LW": "B53",
      "backbone": true,
      "source": "1pbr.A.24",
      "target": "1pbr.A.25"
    },
    {
      "LW": "B35",
      "backbone": true,
      "source": "1pbr.A.24",
      "target": "1pbr.A.23"
    },
    {
      "index": 4,
      "nt1": "A.C24",
      "nt2": "A.G4",
      "bp": "C-G",
      "name": "WC",
      "Saenger": "19-XIX",
      "LW": "cWW",
      "DSSR": "cW-W",
      "source": "1pbr.A.24",
      "target": "1pbr.A.4"
    },
    {
      "LW": "B53",
      "backbone": true,
      "source": "1pbr.A.25",
      "target": "1pbr.A.26"
    },
    {
      "LW": "B35",
      "backbone": true,
      "source": "1pbr.A.25",
      "target": "1pbr.A.24"
    },
    {
      "index": 3,
      "nt1": "A.G25",
      "nt2": "A.C3",
      "bp": "G-C",
      "name": "WC",
      "Saenger": "19-XIX",
      "LW": "cWW",
      "DSSR": "cW-W",
      "source": "1pbr.A.25",
      "target": "1pbr.A.3"
    },
    {
      "LW": "B53",
      "backbone": true,
      "source": "1pbr.A.26",
      "target": "1pbr.A.27"
    },
    {
      "LW": "B35",
      "backbone": true,
      "source": "1pbr.A.26",
      "target": "1pbr.A.25"
    },
    {
      "index": 2,
      "nt1": "A.C26",
      "nt2": "A.G2",
      "bp": "C-G",
      "name": "WC",
      "Saenger": "19-XIX",
      "LW": "cWW",
      "DSSR": "cW-W",
      "source": "1pbr.A.26",
      "target": "1pbr.A.2"
    },
    {
      "LW": "B35",
      "backbone": true,
      "source": "1pbr.A.27",
      "target": "1pbr.A.26"
    },
    {
      "index": 1,
      "nt1": "A.C27",
      "nt2": "A.G1",
      "bp": "C-G",
      "name": "WC",
      "Saenger": "19-XIX",
      "LW": "cWW",
      "DSSR": "cW-W",
      "source": "1pbr.A.27",
      "target": "1pbr.A.1"
    },
    {
      "LW": "B53",
      "backbone": true,
      "source": "1pbr.A.3",
      "target": "1pbr.A.4"
    },
    {
      "LW": "B35",
      "backbone": true,
      "source": "1pbr.A.3",
      "target": "1pbr.A.2"
    },
    {
      "index": 3,
      "nt1": "A.C3",
      "nt2": "A.G25",
      "bp": "C-G",
      "name": "WC",
      "Saenger": "19-XIX",
      "LW": "cWW",
      "DSSR": "cW-W",
      "source": "1pbr.A.3",
      "target": "1pbr.A.25"
    },
    {
      "LW": "B53",
      "backbone": true,
      "source": "1pbr.A.4",
      "target": "1pbr.A.5"
    },
    {
      "LW": "B35",
      "backbone": true,
      "source": "1pbr.A.4",
      "target": "1pbr.A.3"
    },
    {
      "index": 4,
      "nt1": "A.G4",
      "nt2": "A.C24",
      "bp": "G-C",
      "name": "WC",
      "Saenger": "19-XIX",
      "LW": "cWW",
      "DSSR": "cW-W",
      "source": "1pbr.A.4",
      "target": "1pbr.A.24"
    },
    {
      "LW": "B53",
      "backbone": true,
      "source": "1pbr.A.5",
      "target": "1pbr.A.6"
    },
    {
      "LW": "B35",
      "backbone": true,
      "source": "1pbr.A.5",
      "target": "1pbr.A.4"
    },
    {
      "index": 5,
      "nt1": "A.U5",
      "nt2": "A.U23",
      "bp": "U-U",
      "name": "--",
      "Saenger": "--",
      "LW": "cWW",
      "DSSR": "cW-W",
      "source": "1pbr.A.5",
      "target": "1pbr.A.23"
    },
    {
      "LW": "B53",
      "backbone": true,
      "source": "1pbr.A.6",
      "target": "1pbr.A.7"
    },
    {
      "LW": "B35",
      "backbone": true,
      "source": "1pbr.A.6",
      "target": "1pbr.A.5"
    },
    {
      "index": 6,
      "nt1": "A.C6",
      "nt2": "A.G22",
      "bp": "C-G",
      "name": "WC",
      "Saenger": "19-XIX",
      "LW": "cWW",
      "DSSR": "cW-W",
      "source": "1pbr.A.6",
      "target": "1pbr.A.22"
    },
    {
      "LW": "B53",
      "backbone": true,
      "source": "1pbr.A.7",
      "target": "1pbr.A.8"
    },
    {
      "LW": "B35",
      "backbone": true,
      "source": "1pbr.A.7",
      "target": "1pbr.A.6"
    },
    {
      "LW": "B53",
      "backbone": true,
      "source": "1pbr.A.8",
      "target": "1pbr.A.9"
    },
    {
      "LW": "B35",
      "backbone": true,
      "source": "1pbr.A.8",
      "target": "1pbr.A.7"
    },
    {
      "index": 7,
      "nt1": "A.C8",
      "nt2": "A.G19",
      "bp": "C-G",
      "name": "WC",
      "Saenger": "19-XIX",
      "LW": "cWW",
      "DSSR": "cW-W",
      "source": "1pbr.A.8",
      "target": "1pbr.A.19"
    },
    {
      "index": 8,
      "nt1": "A.C8",
      "nt2": "A.A21",
      "bp": "C-A",
      "name": "~Sheared",
      "Saenger": "--",
      "LW": "tSH",
      "DSSR": "tm-M",
      "source": "1pbr.A.8",
      "target": "1pbr.A.21"
    },
    {
      "LW": "B53",
      "backbone": true,
      "source": "1pbr.A.9",
      "target": "1pbr.A.10"
    },
    {
      "LW": "B35",
      "backbone": true,
      "source": "1pbr.A.9",
      "target": "1pbr.A.8"
    },
    {
      "index": 9,
      "nt1": "A.A9",
      "nt2": "A.U18",
      "bp": "A-U",
      "name": "WC",
      "Saenger": "20-XX",
      "LW": "cWW",
      "DSSR": "cW-W",
      "source": "1pbr.A.9",
      "target": "1pbr.A.18"
    }
  ]
}