{
  "directed": true,
  "multigraph": false,
  "graph": {
    "dbn": {
      "all_chains": {
        "num_nts": 25,
        "num_chars": 25,
        "bseq": "GGCAGUGUGAGUACCUUCACACGUC",
        "sstr": "(((.((((((......)))))))))",
        "form": ".........B.......AB.....-"
      },
      "single_chains": {
        "m1_chain_A": {
          "num_nts": 25,
          "num_chars": 25,
          "bseq": "GGCAGUGUGAGUACCUUCACACGUC",
          "sstr": "(((.((((((......)))))))))",
          "form": ".........B.......AB.....-"
        }
      }
    },
    "resolution_low": null,
    "resolution_high": null
  },
  "nodes": [
    {
      "index": 1,
      "index_chain": 1,
      "chain_name": "A",
      "nt_resnum": 1,
      "nt_name": "G",
      "nt_code": "G",
      "nt_id": "A.G1",
      "nt_type": "RNA",
      "dbn": "(",
      "summary": "anti,~C3'-endo,BI,non-stack,canonical,non-pair-contact,helix-end,stem-end,coaxial-stack",
      "alpha": null,
      "beta": null,
      "gamma": 43.279,
      "delta": 106.369,
      "epsilon": -156.415,
      "zeta": -100.427,
      "epsilon_zeta": -55.989,
      "bb_type": "BI",
      "chi": -172.387,
      "glyco_bond": "anti",
      "C5prime_xyz": [
        -1.33,
        8.361,
        1.485
      ],
      "P_xyz": [
        null,
        null,
        null
      ],
      "form": ".",
      "ssZp": 4.197,
      "Dp": 4.131,
      "splay_angle": 33.279,
      "splay_distance": 4.99,
      "splay_ratio": 0.291,
      "eta": null,
      "theta": null,
      "eta_prime": null,
      "theta_prime": null,
      "eta_base": null,
      "theta_base": null,
      "v0": 3.146,
      "v1": -14.054,
      "v2": 18.888,
      "v3": -17.513,
      "v4": 9.084,
      "amplitude": 19.133,
      "phase_angle": 9.182,
      "puckering": "C3'-endo",
      "sugar_class": "~C3'-endo",
      "bin": "inc",
      "cluster": "__",
      "suiteness": 0.0,
      "filter_rmsd": 0.009,
      "frame": {
        "rmsd": 0.009,
        "origin": [
          -103.925,
          -19.773,
          -83.949
        ],
        "x_axis": [
          -0.874,
          -0.276,
          0.4
        ],
        "y_axis": [
          0.355,
          -0.925,
          0.137
        ],
        "z_axis": [
          0.332,
          0.261,
          0.906
        ],
        "quaternion": [
          -0.164,
          0.19,
          0.103,
          0.962
        ]
      },
      "sse": {
        "sse": null
      },
      "binding_protein": null,
      "binding_ion": null,
      "binding_small-molecule": null,
      "TotalAsa": 280.01197694027667,
      "PolarAsa": 163.40618335484248,
      "ApolarAsa": 116.60579358543417,
      "id": "2kgp.A.1"
    },
    {
      "index": 10,
      "index_chain": 10,
      "chain_name": "A",
      "nt_resnum": 10,
      "nt_name": "A",
      "nt_code": "A",
      "nt_id": "A.A10",
      "nt_type": "RNA",
      "dbn": "(",
      "summary": "anti,~C3'-endo,BI,canonical,non-pair-contact,helix-end,stem-end,coaxial-stack,hairpin-loop",
      "alpha": -86.472,
      "beta": 175.531,
      "gamma": 73.571,
      "delta": 101.279,
      "epsilon": -175.035,
      "zeta": -56.36,
      "epsilon_zeta": -118.674,
      "bb_type": "BI",
      "chi": -130.863,
      "glyco_bond": "anti",
      "C5prime_xyz": [
        -1.54,
        8.591,
        -0.979
      ],
      "P_xyz": [
        0.977,
        8.714,
        -1.758
      ],
      "form": "B",
      "ssZp": 3.413,
      "Dp": 3.989,
      "splay_angle": 21.075,
      "splay_distance": 3.5,
      "splay_ratio": 0.183,
      "eta": 170.809,
      "theta": -126.41,
      "eta_prime": -172.52,
      "theta_prime": -133.3,
      "eta_base": -142.582,
      "theta_base": -97.445,
      "v0": -2.403,
      "v1": -11.88,
      "v2": 20.782,
      "v3": -22.681,
      "v4": 15.812,
      "amplitude": 22.82,
      "phase_angle": 24.403,
      "puckering": "C3'-endo",
      "sugar_class": "~C3'-endo",
      "bin": "33p",
      "cluster": "!!",
      "suiteness": 0.0,
      "filter_rmsd": 0.038,
      "frame": {
        "rmsd": 0.008,
        "origin": [
          -92.898,
          -17.45,
          -51.906
        ],
        "x_axis": [
          0.037,
          0.983,
          -0.182
        ],
        "y_axis": [
          -0.86,
          0.124,
          0.495
        ],
        "z_axis": [
          0.508,
          0.138,
          0.85
        ],
        "quaternion": [
          0.709,
          0.126,
          0.243,
          0.65
        ]
      },
      "sse": {
        "sse": "hairpin_1"
      },
      "binding_protein": null,
      "binding_ion": null,
      "binding_small-molecule": null,
      "TotalAsa": 176.31533891137343,
      "PolarAsa": 113.77754448173333,
      "ApolarAsa": 62.53779442964008,
      "id": "2kgp.A.10"
    },
    {
      "index": 11,
      "index_chain": 11,
      "chain_name": "A",
      "nt_resnum": 11,
      "nt_name": "G",
      "nt_code": "G",
      "nt_id": "A.G11",
      "nt_type": "RNA",
      "dbn": ".",
      "summary": "anti,~C3'-endo,BI,non-pair-contact,hairpin-loop,cap-acceptor",
      "alpha": -101.534,
      "beta": -166.986,
      "gamma": 65.675,
      "delta": 99.496,
      "epsilon": 171.263,
      "zeta": -100.515,
      "epsilon_zeta": -88.222,
      "bb_type": "BI",
      "chi": -125.09,
      "glyco_bond": "anti",
      "C5prime_xyz": [
        -1.861,
        8.669,
        -1.286
      ],
      "P_xyz": [
        0.664,
        9.305,
        -1.696
      ],
      "form": ".",
      "ssZp": 3.245,
      "Dp": 3.751,
      "splay_angle": 36.804,
      "splay_distance": 6.084,
      "splay_ratio": 0.316,
      "eta": 159.059,
      "theta": -145.214,
      "eta_prime": -174.549,
      "theta_prime": -170.163,
      "eta_base": -122.123,
      "theta_base": 127.475,
      "v0": -7.8,
      "v1": -7.681,
      "v2": 19.051,
      "v3": -24.267,
      "v4": 20.32,
      "amplitude": 23.957,
      "phase_angle": 37.324,
      "puckering": "C4'-exo",
      "sugar_class": "~C3'-endo",
      "bin": "33p",
      "cluster": "!!",
      "suiteness": 0.0,
      "filter_rmsd": 0.009,
      "frame": {
        "rmsd": 0.009,
        "origin": [
          -91.973,
          -14.889,
          -49.707
        ],
        "x_axis": [
          -0.656,
          0.748,
          -0.104
        ],
        "y_axis": [
          -0.569,
          -0.399,
          0.719
        ],
        "z_axis": [
          0.496,
          0.531,
          0.688
        ],
        "quaternion": [
          0.398,
          0.118,
          0.377,
          0.828
        ]
      },
      "sse": {
        "sse": "hairpin_1"
      },
      "binding_protein": null,
      "binding_ion": null,
      "binding_small-molecule": null,
      "TotalAsa": 102.71396218803521,
      "PolarAsa": 65.05559963873674,
      "ApolarAsa": 37.658362549298474,
      "id": "2kgp.A.11"
    },
    {
      "index": 12,
      "index_chain": 12,
      "chain_name": "A",
      "nt_resnum": 12,
      "nt_name": "U",
      "nt_code": "U",
      "nt_id": "A.U12",
      "nt_type": "RNA",
      "dbn": ".",
      "summary": "turn,anti,non-stack,non-pair-contact,hairpin-loop,phosphate,splayed-apart",
      "alpha": -169.14,
      "beta": -125.102,
      "gamma": 52.703,
      "delta": 113.56,
      "epsilon": -123.838,
      "zeta": -108.378,
      "epsilon_zeta": -15.46,
      "bb_type": "--",
      "chi": -153.436,
      "glyco_bond": "anti",
      "C5prime_xyz": [
        -1.877,
        8.818,
        0.334
      ],
      "P_xyz": [
        -0.314,
        9.266,
        2.417
      ],
      "form": ".",
      "ssZp": 3.153,
      "Dp": 3.244,
      "splay_angle": 88.864,
      "splay_distance": 13.048,
      "splay_ratio": 0.703,
      "eta": 111.536,
      "theta": -99.412,
      "eta_prime": 112.209,
      "theta_prime": -82.238,
      "eta_base": 67.678,
      "theta_base": -65.458,
      "v0": -16.638,
      "v1": 8.828,
      "v2": 1.376,
      "v3": -11.173,
      "v4": 17.468,
      "amplitude": 17.634,
      "phase_angle": 85.523,
      "puckering": "O4'-endo",
      "sugar_class": "--",
      "bin": "trig",
      "cluster": "!!",
      "suiteness": 0.0,
      "filter_rmsd": 0.1,
      "frame": {
        "rmsd": 0.016,
        "origin": [
          -87.775,
          -19.237,
          -49.011
        ],
        "x_axis": [
          -0.499,
          -0.794,
          -0.348
        ],
        "y_axis": [
          -0.384,
          -0.158,
          0.91
        ],
        "z_axis": [
          -0.777,
          0.588,
          -0.225
        ],
        "quaternion": [
          -0.171,
          -0.47,
          0.626,
          0.598
        ]
      },
      "sse": {
        "sse": "hairpin_1"
      },
      "binding_protein": null,
      "binding_ion": null,
      "binding_small-molecule": null,
      "TotalAsa": 230.85881804032547,
      "PolarAsa": 127.60684226983105,
      "ApolarAsa": 103.2519757704944,
      "id": "2kgp.A.12"
    },
    {
      "index": 13,
      "index_chain": 13,
      "chain_name": "A",
      "nt_resnum": 13,
      "nt_name": "A",
      "nt_code": "A",
      "nt_id": "A.A13",
      "nt_type": "RNA",
      "dbn": ".",
      "summary": "anti,non-pair-contact,hairpin-loop,splayed-apart",
      "alpha": 1.077,
      "beta": 101.717,
      "gamma": 80.88,
      "delta": 115.316,
      "epsilon": 58.097,
      "zeta": 104.772,
      "epsilon_zeta": -46.675,
      "bb_type": "--",
      "chi": 174.121,
      "glyco_bond": "anti",
      "C5prime_xyz": [
        -2.447,
        8.315,
        1.939
      ],
      "P_xyz": [
        0.184,
        8.297,
        1.78
      ],
      "form": ".",
      "ssZp": 0.047,
      "Dp": 1.06,
      "splay_angle": 61.242,
      "splay_distance": 9.05,
      "splay_ratio": 0.51,
      "eta": 79.387,
      "theta": 62.167,
      "eta_prime": -66.941,
      "theta_prime": -142.727,
      "eta_base": -39.282,
      "theta_base": -108.468,
      "v0": -20.825,
      "v1": 14.642,
      "v2": -3.863,
      "v3": -8.178,
      "v4": 18.172,
      "amplitude": 20.454,
      "phase_angle": 100.887,
      "puckering": "O4'-endo",
      "sugar_class": "--",
      "bin": "trig",
      "cluster": "!!",
      "suiteness": 0.0,
      "filter_rmsd": 0.038,
      "frame": {
        "rmsd": 0.008,
        "origin": [
          -98.657,
          -14.199,
          -43.869
        ],
        "x_axis": [
          -0.359,
          -0.415,
          0.836
        ],
        "y_axis": [
          0.93,
          -0.24,
          0.28
        ],
        "z_axis": [
          0.085,
          0.878,
          0.472
        ],
        "quaternion": [
          -0.467,
          0.32,
          0.402,
          0.72
        ]
      },
      "sse": {
        "sse": "hairpin_1"
      },
      "binding_protein": null,
      "binding_ion": null,
      "binding_small-molecule": null,
      "TotalAsa": 206.42127351486903,
      "PolarAsa": 147.125323345212,
      "ApolarAsa": 59.29595016965699,
      "id": "2kgp.A.13"
    },
    {
      "index": 14,
      "index_chain": 14,
      "chain_name": "A",
      "nt_resnum": 14,
      "nt_name": "C",
      "nt_code": "C",
      "nt_id": "A.C14",
      "nt_type": "RNA",
      "dbn": ".",
      "summary": "turn,anti,non-stack,non-pair-contact,hairpin-loop,cap-donor,phosphate",
      "alpha": 90.248,
      "beta": 158.259,
      "gamma": 163.237,
      "delta": 135.719,
      "epsilon": -169.712,
      "zeta": 78.182,
      "epsilon_zeta": 112.106,
      "bb_type": "--",
      "chi": -175.769,
      "glyco_bond": "anti",
      "C5prime_xyz": [
        -0.981,
        7.637,
        1.868
      ],
      "P_xyz": [
        1.344,
        8.842,
        1.606
      ],
      "form": ".",
      "ssZp": 2.971,
      "Dp": 3.127,
      "splay_angle": 54.87,
      "splay_distance": 8.924,
      "splay_ratio": 0.462,
      "eta": 139.078,
      "theta": -9.67,
      "eta_prime": -166.051,
      "theta_prime": -40.505,
      "eta_base": -119.882,
      "theta_base": -39.683,
      "v0": 12.723,
      "v1": -4.679,
      "v2": -4.255,
      "v3": 11.825,
      "v4": -15.449,
      "amplitude": 15.127,
      "phase_angle": 253.663,
      "puckering": "O4'-exo",
      "sugar_class": "--",
      "bin": "trig",
      "cluster": "!!",
      "suiteness": 0.0,
      "filter_rmsd": 0.067,
      "frame": {
        "rmsd": 0.009,
        "origin": [
          -95.86,
          -5.869,
          -46.036
        ],
        "x_axis": [
          0.224,
          -0.149,
          0.963
        ],
        "y_axis": [
          0.396,
          -0.889,
          -0.23
        ],
        "z_axis": [
          0.891,
          0.432,
          -0.14
        ],
        "quaternion": [
          -0.221,
          0.751,
          0.082,
          0.618
        ]
      },
      "sse": {
        "sse": "hairpin_1"
      },
      "binding_protein": null,
      "binding_ion": null,
      "binding_small-molecule": null,
      "TotalAsa": 164.111700151835,
      "PolarAsa": 137.32636133836326,
      "ApolarAsa": 26.785338813471753,
      "id": "2kgp.A.14"
    },
    {
      "index": 15,
      "index_chain": 15,
      "chain_name": "A",
      "nt_resnum": 15,
      "nt_name": "C",
      "nt_code": "C",
      "nt_id": "A.C15",
      "nt_type": "RNA",
      "dbn": ".",
      "summary": "anti,non-stack,non-pair-contact,hairpin-loop,phosphate",
      "alpha": -124.826,
      "beta": 152.973,
      "gamma": -6.867,
      "delta": 115.196,
      "epsilon": 59.942,
      "zeta": 117.841,
      "epsilon_zeta": -57.9,
      "bb_type": "--",
      "chi": -153.794,
      "glyco_bond": "anti",
      "C5prime_xyz": [
        -1.838,
        8.854,
        0.371
      ],
      "P_xyz": [
        -0.29,
        9.813,
        2.285
      ],
      "form": ".",
      "ssZp": 0.77,
      "Dp": 1.045,
      "splay_angle": 39.961,
      "splay_distance": 6.175,
      "splay_ratio": 0.342,
      "eta": 82.132,
      "theta": -47.03,
      "eta_prime": 145.565,
      "theta_prime": -117.024,
      "eta_base": -164.163,
      "theta_base": -118.546,
      "v0": -17.038,
      "v1": 10.87,
      "v2": -1.42,
      "v3": -8.514,
      "v4": 16.068,
      "amplitude": 17.114,
      "phase_angle": 94.759,
      "puckering": "O4'-endo",
      "sugar_class": "--",
      "bin": "trig",
      "cluster": "!!",
      "suiteness": 0.0,
      "filter_rmsd": 0.066,
      "frame": {
        "rmsd": 0.009,
        "origin": [
          -87.65,
          -8.912,
          -44.307
        ],
        "x_axis": [
          -0.856,
          0.328,
          0.4
        ],
        "y_axis": [
          -0.37,
          0.153,
          -0.916
        ],
        "z_axis": [
          -0.361,
          -0.932,
          -0.01
        ],
        "quaternion": [
          -0.268,
          -0.015,
          0.71,
          -0.651
        ]
      },
      "sse": {
        "sse": "hairpin_1"
      },
      "binding_protein": null,
      "binding_ion": null,
      "binding_small-molecule": null,
      "TotalAsa": 241.12274722604283,
      "PolarAsa": 165.08892106764733,
      "ApolarAsa": 76.03382615839546,
      "id": "2kgp.A.15"
    },
    {
      "index": 16,
      "index_chain": 16,
      "chain_name": "A",
      "nt_resnum": 16,
      "nt_name": "U",
      "nt_code": "U",
      "nt_id": "A.U16",
      "nt_type": "RNA",
      "dbn": ".",
      "summary": "anti,~C3'-endo,non-stack,non-pair-contact,hairpin-loop,phosphate",
      "alpha": 119.78,
      "beta": -168.599,
      "gamma": 65.28,
      "delta": 102.028,
      "epsilon": -121.907,
      "zeta": -120.085,
      "epsilon_zeta": -1.822,
      "bb_type": "--",
      "chi": -123.288,
      "glyco_bond": "anti",
      "C5prime_xyz": [
        -1.678,
        8.51,
        -1.378
      ],
      "P_xyz": [
        0.901,
        8.942,
        -1.748
      ],
      "form": ".",
      "ssZp": 2.35,
      "Dp": 4.154,
      "splay_angle": 70.545,
      "splay_distance": 10.949,
      "splay_ratio": 0.584,
      "eta": 66.694,
      "theta": -146.424,
      "eta_prime": 135.713,
      "theta_prime": -134.605,
      "eta_base": 157.146,
      "theta_base": -101.797,
      "v0": -4.534,
      "v1": -9.363,
      "v2": 18.651,
      "v3": -21.849,
      "v4": 16.668,
      "amplitude": 21.626,
      "phase_angle": 30.409,
      "puckering": "C3'-endo",
      "sugar_class": "~C3'-endo",
      "bin": "trig",
      "cluster": "!!",
      "suiteness": 0.0,
      "filter_rmsd": 0.1,
      "frame": {
        "rmsd": 0.015,
        "origin": [
          -85.24,
          -14.587,
          -44.646
        ],
        "x_axis": [
          -0.768,
          0.601,
          0.221
        ],
        "y_axis": [
          -0.081,
          0.252,
          -0.964
        ],
        "z_axis": [
          -0.635,
          -0.759,
          -0.145
        ],
        "quaternion": [
          -0.291,
          0.177,
          0.736,
          -0.585
        ]
      },
      "sse": {
        "sse": "hairpin_1"
      },
      "binding_protein": null,
      "binding_ion": null,
      "binding_small-molecule": null,
      "TotalAsa": 218.99283813493759,
      "PolarAsa": 157.62837710201046,
      "ApolarAsa": 61.36446103292715,
      "id": "2kgp.A.16"
    },
    {
      "index": 17,
      "index_chain": 17,
      "chain_name": "A",
      "nt_resnum": 17,
      "nt_name": "U",
      "nt_code": "U",
      "nt_id": "A.U17",
      "nt_type": "RNA",
      "dbn": ")",
      "summary": "anti,~C3'-endo,BI,canonical,non-pair-contact,helix-end,stem-end,coaxial-stack,hairpin-loop",
      "alpha": -37.141,
      "beta": 151.611,
      "gamma": 53.589,
      "delta": 104.087,
      "epsilon": -134.112,
      "zeta": -95.713,
      "epsilon_zeta": -38.399,
      "bb_type": "BI",
      "chi": -176.034,
      "glyco_bond": "anti",
      "C5prime_xyz": [
        -1.476,
        8.275,
        1.668
      ],
      "P_xyz": [
        1.091,
        8.003,
        2.175
      ],
      "form": ".",
      "ssZp": 4.288,
      "Dp": 4.265,
      "splay_angle": 28.348,
      "splay_distance": 4.379,
      "splay_ratio": 0.248,
      "eta": -161.03,
      "theta": -135.881,
      "eta_prime": -148.61,
      "theta_prime": -134.936,
      "eta_base": -126.911,
      "theta_base": -109.815,
      "v0": 1.67,
      "v1": -13.83,
      "v2": 19.896,
      "v3": -19.471,
      "v4": 11.226,
      "amplitude": 20.499,
      "phase_angle": 13.938,
      "puckering": "C3'-endo",
      "sugar_class": "~C3'-endo",
      "bin": "33p",
      "cluster": "7a",
      "suiteness": 0.01,
      "filter_rmsd": 0.1,
      "frame": {
        "rmsd": 0.016,
        "origin": [
          -93.025,
          -17.169,
          -51.9
        ],
        "x_axis": [
          -0.034,
          0.996,
          0.081
        ],
        "y_axis": [
          0.991,
          0.044,
          -0.127
        ],
        "z_axis": [
          -0.13,
          0.076,
          -0.989
        ],
        "quaternion": [
          -0.073,
          0.691,
          0.719,
          -0.018
        ]
      },
      "sse": {
        "sse": "hairpin_1"
      },
      "binding_protein": null,
      "binding_ion": null,
      "binding_small-molecule": null,
      "TotalAsa": 148.11461515076286,
      "PolarAsa": 97.27628791271948,
      "ApolarAsa": 50.83832723804337,
      "id": "2kgp.A.17"
    },
    {
      "index": 18,
      "index_chain": 18,
      "chain_name": "A",
      "nt_resnum": 18,
      "nt_name": "C",
      "nt_code": "C",
      "nt_id": "A.C18",
      "nt_type": "RNA",
      "dbn": ")",
      "summary": "anti,~C3'-endo,BI,canonical,non-pair-contact,helix,stem,coaxial-stack",
      "alpha": -79.688,
      "beta": 171.018,
      "gamma": 62.194,
      "delta": 101.959,
      "epsilon": -148.863,
      "zeta": -78.216,
      "epsilon_zeta": -70.647,
      "bb_type": "BI",
      "chi": -152.933,
      "glyco_bond": "anti",
      "C5prime_xyz": [
        -0.978,
        8.539,
        0.347
      ],
      "P_xyz": [
        1.643,
        8.333,
        0.274
      ],
      "form": "A",
      "ssZp": 4.185,
      "Dp": 4.429,
      "splay_angle": 20.311,
      "splay_distance": 3.401,
      "splay_ratio": 0.178,
      "eta": 169.623,
      "theta": -135.835,
      "eta_prime": -175.694,
      "theta_prime": -140.512,
      "eta_base": -137.532,
      "theta_base": -136.277,
      "v0": 7.297,
      "v1": -20.675,
      "v2": 25.218,
      "v3": -21.55,
      "v4": 9.0,
      "amplitude": 25.232,
      "phase_angle": 1.903,
      "puckering": "C3'-endo",
      "sugar_class": "~C3'-endo",
      "bin": "33p",
      "cluster": "!!",
      "suiteness": 0.0,
      "filter_rmsd": 0.066,
      "frame": {
        "rmsd": 0.009,
        "origin": [
          -94.246,
          -17.264,
          -56.104
        ],
        "x_axis": [
          0.603,
          0.796,
          -0.054
        ],
        "y_axis": [
          0.789,
          -0.605,
          -0.107
        ],
        "z_axis": [
          -0.118,
          0.022,
          -0.993
        ],
        "quaternion": [
          -0.036,
          0.895,
          0.443,
          -0.048
        ]
      },
      "sse": {
        "sse": null
      },
      "binding_protein": null,
      "binding_ion": null,
      "binding_small-molecule": null,
      "TotalAsa": 179.06222491091893,
      "PolarAsa": 119.90650091563757,
      "ApolarAsa": 59.15572399528135,
      "id": "2kgp.A.18"
    },
    {
      "index": 19,
      "index_chain": 19,
      "chain_name": "A",
      "nt_resnum": 19,
      "nt_name": "A",
      "nt_code": "A",
      "nt_id": "A.A19",
      "nt_type": "RNA",
      "dbn": ")",
      "summary": "anti,~C3'-endo,BI,canonical,non-pair-contact,helix,stem,coaxial-stack",
      "alpha": -77.509,
      "beta": 139.495,
      "gamma": 98.44,
      "delta": 95.593,
      "epsilon": -151.883,
      "zeta": -86.468,
      "epsilon_zeta": -65.415,
      "bb_type": "BI",
      "chi": -152.544,
      "glyco_bond": "anti",
      "C5prime_xyz": [
        -2.048,
        8.897,
        0.15
      ],
      "P_xyz": [
        -0.078,
        9.677,
        -1.41
      ],
      "form": "B",
      "ssZp": 3.992,
      "Dp": 4.048,
      "splay_angle": 24.498,
      "splay_distance": 4.002,
      "splay_ratio": 0.212,
      "eta": -178.012,
      "theta": -157.689,
      "eta_prime": -156.486,
      "theta_prime": -161.136,
      "eta_base": -134.694,
      "theta_base": -125.97,
      "v0": -14.205,
      "v1": -4.059,
      "v2": 19.069,
      "v3": -27.854,
      "v4": 26.444,
      "amplitude": 28.321,
      "phase_angle": 47.677,
      "puckering": "C4'-exo",
      "sugar_class": "~C3'-endo",
      "bin": "trig",
      "cluster": "!!",
      "suiteness": 0.0,
      "filter_rmsd": 0.038,
      "frame": {
        "rmsd": 0.009,
        "origin": [
          -95.942,
          -16.51,
          -58.954
        ],
        "x_axis": [
          0.688,
          0.598,
          -0.412
        ],
        "y_axis": [
          0.498,
          -0.802,
          -0.331
        ],
        "z_axis": [
          -0.528,
          0.023,
          -0.849
        ],
        "quaternion": [
          -0.097,
          0.914,
          0.3,
          -0.257
        ]
      },
      "sse": {
        "sse": null
      },
      "binding_protein": null,
      "binding_ion": null,
      "binding_small-molecule": null,
      "TotalAsa": 180.40530209671107,
      "PolarAsa": 128.20888418678516,
      "ApolarAsa": 52.196417909925934,
      "id": "2kgp.A.19"
    },
    {
      "index": 2,
      "index_chain": 2,
      "chain_name": "A",
      "nt_resnum": 2,
      "nt_name": "G",
      "nt_code": "G",
      "nt_id": "A.G2",
      "nt_type": "RNA",
      "dbn": "(",
      "summary": "anti,~C3'-endo,BI,canonical,non-pair-contact,helix,stem,coaxial-stack",
      "alpha": -112.223,
      "beta": -153.653,
      "gamma": 73.845,
      "delta": 105.532,
      "epsilon": -141.858,
      "zeta": -81.523,
      "epsilon_zeta": -60.336,
      "bb_type": "BI",
      "chi": -177.839,
      "glyco_bond": "anti",
      "C5prime_xyz": [
        -1.355,
        8.175,
        1.773
      ],
      "P_xyz": [
        1.009,
        7.589,
        2.769
      ],
      "form": ".",
      "ssZp": 4.381,
      "Dp": 4.324,
      "splay_angle": 27.8,
      "splay_distance": 4.514,
      "splay_ratio": 0.243,
      "eta": 174.475,
      "theta": -124.529,
      "eta_prime": 175.101,
      "theta_prime": -123.032,
      "eta_base": -161.314,
      "theta_base": -109.49,
      "v0": 6.097,
      "v1": -17.191,
      "v2": 21.081,
      "v3": -18.028,
      "v4": 7.548,
      "amplitude": 21.094,
      "phase_angle": 2.02,
      "puckering": "C3'-endo",
      "sugar_class": "~C3'-endo",
      "bin": "33p",
      "cluster": "!!",
      "suiteness": 0.0,
      "filter_rmsd": 0.008,
      "frame": {
        "rmsd": 0.008,
        "origin": [
          -101.275,
          -17.143,
          -80.639
        ],
        "x_axis": [
          -0.703,
          -0.708,
          -0.063
        ],
        "y_axis": [
          0.672,
          -0.634,
          -0.382
        ],
        "z_axis": [
          0.231,
          -0.311,
          0.922
        ],
        "quaternion": [
          -0.382,
          0.047,
          -0.192,
          0.903
        ]
      },
      "sse": {
        "sse": null
      },
      "binding_protein": null,
      "binding_ion": null,
      "binding_small-molecule": null,
      "TotalAsa": 181.92019340503788,
      "PolarAsa": 116.86940175994603,
      "ApolarAsa": 65.05079164509185,
      "id": "2kgp.A.2"
    },
    {
      "index": 20,
      "index_chain": 20,
      "chain_name": "A",
      "nt_resnum": 20,
      "nt_name": "C",
      "nt_code": "C",
      "nt_id": "A.C20",
      "nt_type": "RNA",
      "dbn": ")",
      "summary": "anti,~C3'-endo,BI,canonical,non-pair-contact,helix,stem,coaxial-stack",
      "alpha": -81.339,
      "beta": 161.094,
      "gamma": 75.982,
      "delta": 99.403,
      "epsilon": -165.696,
      "zeta": -68.522,
      "epsilon_zeta": -97.175,
      "bb_type": "BI",
      "chi": -145.276,
      "glyco_bond": "anti",
      "C5prime_xyz": [
        -1.631,
        8.856,
        -0.168
      ],
      "P_xyz": [
        0.88,
        9.231,
        -0.886
      ],
      "form": ".",
      "ssZp": 3.821,
      "Dp": 3.987,
      "splay_angle": 26.082,
      "splay_distance": 4.289,
      "splay_ratio": 0.226,
      "eta": 169.168,
      "theta": -132.5,
      "eta_prime": -170.567,
      "theta_prime": -137.589,
      "eta_base": -123.686,
      "theta_base": -111.456,
      "v0": -8.362,
      "v1": -7.298,
      "v2": 19.073,
      "v3": -24.492,
      "v4": 20.658,
      "amplitude": 24.275,
      "phase_angle": 38.212,
      "puckering": "C4'-exo",
      "sugar_class": "~C3'-endo",
      "bin": "33p",
      "cluster": "1a",
      "suiteness": 0.023,
      "filter_rmsd": 0.066,
      "frame": {
        "rmsd": 0.009,
        "origin": [
          -97.352,
          -15.659,
          -62.602
        ],
        "x_axis": [
          0.837,
          -0.015,
          -0.546
        ],
        "y_axis": [
          -0.084,
          -0.991,
          -0.101
        ],
        "z_axis": [
          -0.54,
          0.131,
          -0.831
        ],
        "quaternion": [
          -0.061,
          0.957,
          -0.026,
          -0.284
        ]
      },
      "sse": {
        "sse": null
      },
      "binding_protein": null,
      "binding_ion": null,
      "binding_small-molecule": null,
      "TotalAsa": 184.00438425399543,
      "PolarAsa": 120.73173868459304,
      "ApolarAsa": 63.27264556940238,
      "id": "2kgp.A.20"
    },
    {
      "index": 21,
      "index_chain": 21,
      "chain_name": "A",
      "nt_resnum": 21,
      "nt_name": "A",
      "nt_code": "A",
      "nt_id": "A.A21",
      "nt_type": "RNA",
      "dbn": ")",
      "summary": "anti,BI,canonical,non-pair-contact,helix,stem,coaxial-stack",
      "alpha": -104.845,
      "beta": -163.9,
      "gamma": 74.162,
      "delta": 99.537,
      "epsilon": -175.189,
      "zeta": -82.925,
      "epsilon_zeta": -92.264,
      "bb_type": "BI",
      "chi": -128.34,
      "glyco_bond": "anti",
      "C5prime_xyz": [
        -1.954,
        8.669,
        -1.123
      ],
      "P_xyz": [
        0.568,
        9.337,
        -1.534
      ],
      "form": ".",
      "ssZp": 3.315,
      "Dp": 3.86,
      "splay_angle": 17.687,
      "splay_distance": 2.955,
      "splay_ratio": 0.154,
      "eta": 165.157,
      "theta": -155.783,
      "eta_prime": -174.306,
      "theta_prime": -160.461,
      "eta_base": -134.894,
      "theta_base": -148.939,
      "v0": -10.335,
      "v1": -5.297,
      "v2": 17.706,
      "v3": -24.356,
      "v4": 21.913,
      "amplitude": 24.319,
      "phase_angle": 43.276,
      "puckering": "C4'-exo",
      "sugar_class": "--",
      "bin": "33p",
      "cluster": "!!",
      "suiteness": 0.0,
      "filter_rmsd": 0.038,
      "frame": {
        "rmsd": 0.008,
        "origin": [
          -98.24,
          -15.145,
          -66.766
        ],
        "x_axis": [
          0.722,
          -0.615,
          -0.317
        ],
        "y_axis": [
          -0.62,
          -0.779,
          0.098
        ],
        "z_axis": [
          -0.307,
          0.125,
          -0.943
        ],
        "quaternion": [
          -0.007,
          0.928,
          -0.333,
          -0.168
        ]
      },
      "sse": {
        "sse": null
      },
      "binding_protein": null,
      "binding_ion": null,
      "binding_small-molecule": "",
      "TotalAsa": 178.6595177984249,
      "PolarAsa": 121.15563102690517,
      "ApolarAsa": 57.50388677151972,
      "id": "2kgp.A.21"
    },
    {
      "index": 22,
      "index_chain": 22,
      "chain_name": "A",
      "nt_resnum": 22,
      "nt_name": "C",
      "nt_code": "C",
      "nt_id": "A.C22",
      "nt_type": "RNA",
      "dbn": ")",
      "summary": "anti,~C3'-endo,BI,canonical,non-pair-contact,helix,stem-end,coaxial-stack,bulge,cap-acceptor",
      "alpha": -70.256,
      "beta": -178.44,
      "gamma": 46.31,
      "delta": 100.095,
      "epsilon": -157.392,
      "zeta": -95.222,
      "epsilon_zeta": -62.17,
      "bb_type": "BI",
      "chi": -125.635,
      "glyco_bond": "anti",
      "C5prime_xyz": [
        -1.657,
        8.616,
        -1.259
      ],
      "P_xyz": [
        0.885,
        9.306,
        -1.411
      ],
      "form": ".",
      "ssZp": 3.049,
      "Dp": 4.087,
      "splay_angle": 44.448,
      "splay_distance": 7.097,
      "splay_ratio": 0.387,
      "eta": 169.335,
      "theta": -159.506,
      "eta_prime": 177.188,
      "theta_prime": -152.957,
      "eta_base": -163.057,
      "theta_base": -116.904,
      "v0": -5.775,
      "v1": -9.093,
      "v2": 19.449,
      "v3": -23.421,
      "v4": 18.391,
      "amplitude": 23.123,
      "phase_angle": 32.744,
      "puckering": "C3'-endo",
      "sugar_class": "~C3'-endo",
      "bin": "33p",
      "cluster": "1a",
      "suiteness": 0.031,
      "filter_rmsd": 0.066,
      "frame": {
        "rmsd": 0.009,
        "origin": [
          -99.116,
          -14.145,
          -69.405
        ],
        "x_axis": [
          0.459,
          -0.887,
          -0.053
        ],
        "y_axis": [
          -0.888,
          -0.46,
          0.005
        ],
        "z_axis": [
          -0.028,
          0.045,
          -0.999
        ],
        "quaternion": [
          -0.012,
          0.854,
          -0.52,
          -0.024
        ]
      },
      "sse": {
        "sse": "bulge_1"
      },
      "binding_protein": null,
      "binding_ion": null,
      "binding_small-molecule": "",
      "TotalAsa": 202.68704837585207,
      "PolarAsa": 135.5865188305604,
      "ApolarAsa": 67.10052954529166,
      "id": "2kgp.A.22"
    },
    {
      "index": 23,
      "index_chain": 23,
      "chain_name": "A",
      "nt_resnum": 23,
      "nt_name": "G",
      "nt_code": "G",
      "nt_id": "A.G23",
      "nt_type": "RNA",
      "dbn": ")",
      "summary": "anti,~C3'-endo,BI,canonical,non-pair-contact,helix,stem-end,coaxial-stack,bulge,cap-acceptor,phosphate",
      "alpha": -78.407,
      "beta": 159.386,
      "gamma": 83.931,
      "delta": 103.126,
      "epsilon": -167.578,
      "zeta": -42.867,
      "epsilon_zeta": -124.711,
      "bb_type": "BI",
      "chi": -148.535,
      "glyco_bond": "anti",
      "C5prime_xyz": [
        -0.92,
        8.47,
        0.052
      ],
      "P_xyz": [
        1.429,
        8.161,
        -1.096
      ],
      "form": ".",
      "ssZp": 4.132,
      "Dp": 4.345,
      "splay_angle": 33.945,
      "splay_distance": 5.659,
      "splay_ratio": 0.295,
      "eta": 178.751,
      "theta": -112.555,
      "eta_prime": -160.739,
      "theta_prime": -121.304,
      "eta_base": -121.572,
      "theta_base": -110.86,
      "v0": 12.352,
      "v1": -24.889,
      "v2": 27.043,
      "v3": -20.472,
      "v4": 5.154,
      "amplitude": 27.305,
      "phase_angle": 352.056,
      "puckering": "C2'-exo",
      "sugar_class": "~C3'-endo",
      "bin": "33p",
      "cluster": "!!",
      "suiteness": 0.0,
      "filter_rmsd": 0.008,
      "frame": {
        "rmsd": 0.008,
        "origin": [
          -101.056,
          -16.277,
          -75.891
        ],
        "x_axis": [
          -0.234,
          -0.969,
          0.073
        ],
        "y_axis": [
          -0.92,
          0.245,
          0.305
        ],
        "z_axis": [
          -0.313,
          0.004,
          -0.95
        ],
        "quaternion": [
          -0.124,
          -0.606,
          0.779,
          0.099
        ]
      },
      "sse": {
        "sse": "bulge_1"
      },
      "binding_protein": null,
      "binding_ion": null,
      "binding_small-molecule": "",
      "TotalAsa": 198.9364130889079,
      "PolarAsa": 142.27550572125935,
      "ApolarAsa": 56.66090736764851,
      "id": "2kgp.A.23"
    },
    {
      "index": 24,
      "index_chain": 24,
      "chain_name": "A",
      "nt_resnum": 24,
      "nt_name": "U",
      "nt_code": "U",
      "nt_id": "A.U24",
      "nt_type": "RNA",
      "dbn": ")",
      "summary": "anti,~C3'-endo,canonical,non-pair-contact,helix,stem,coaxial-stack",
      "alpha": -84.053,
      "beta": 157.137,
      "gamma": 100.816,
      "delta": 93.377,
      "epsilon": -115.173,
      "zeta": -92.365,
      "epsilon_zeta": -22.809,
      "bb_type": "--",
      "chi": -177.65,
      "glyco_bond": "anti",
      "C5prime_xyz": [
        -2.23,
        8.632,
        1.517
      ],
      "P_xyz": [
        0.035,
        9.925,
        1.23
      ],
      "form": ".",
      "ssZp": 4.174,
      "Dp": 4.047,
      "splay_angle": 21.294,
      "splay_distance": 3.819,
      "splay_ratio": 0.191,
      "eta": -159.379,
      "theta": -104.015,
      "eta_prime": -130.402,
      "theta_prime": -125.004,
      "eta_base": -91.7,
      "theta_base": -113.928,
      "v0": -15.299,
      "v1": -3.817,
      "v2": 19.717,
      "v3": -29.25,
      "v4": 27.994,
      "amplitude": 29.789,
      "phase_angle": 48.556,
      "puckering": "C4'-exo",
      "sugar_class": "~C3'-endo",
      "bin": "trig",
      "cluster": "!!",
      "suiteness": 0.0,
      "filter_rmsd": 0.1,
      "frame": {
        "rmsd": 0.016,
        "origin": [
          -102.687,
          -18.893,
          -80.636
        ],
        "x_axis": [
          -0.776,
          -0.63,
          0.023
        ],
        "y_axis": [
          -0.568,
          0.714,
          0.409
        ],
        "z_axis": [
          -0.274,
          0.304,
          -0.912
        ],
        "quaternion": [
          -0.081,
          -0.325,
          0.922,
          0.193
        ]
      },
      "sse": {
        "sse": null
      },
      "binding_protein": null,
      "binding_ion": null,
      "binding_small-molecule": "",
      "TotalAsa": 153.44140371839015,
      "PolarAsa": 114.67315136222507,
      "ApolarAsa": 38.76825235616507,
      "id": "2kgp.A.24"
    },
    {
      "index": 25,
      "index_chain": 25,
      "chain_name": "A",
      "nt_resnum": 25,
      "nt_name": "C",
      "nt_code": "C",
      "nt_id": "A.C25",
      "nt_type": "RNA",
      "dbn": ")",
      "summary": "anti,~C3'-endo,canonical,non-pair-contact,helix-end,stem-end,coaxial-stack,phosphate",
      "alpha": 120.402,
      "beta": -170.327,
      "gamma": 179.992,
      "delta": 98.899,
      "epsilon": null,
      "zeta": null,
      "epsilon_zeta": null,
      "bb_type": "--",
      "chi": -157.156,
      "glyco_bond": "anti",
      "C5prime_xyz": [
        -1.505,
        8.788,
        0.502
      ],
      "P_xyz": [
        -0.016,
        10.448,
        -0.898
      ],
      "form": "-",
      "ssZp": null,
      "Dp": null,
      "splay_angle": null,
      "splay_distance": null,
      "splay_ratio": null,
      "eta": null,
      "theta": null,
      "eta_prime": null,
      "theta_prime": null,
      "eta_base": null,
      "theta_base": null,
      "v0": -6.821,
      "v1": -7.969,
      "v2": 18.353,
      "v3": -22.773,
      "v4": 18.706,
      "amplitude": 22.551,
      "phase_angle": 35.528,
      "puckering": "C3'-endo",
      "sugar_class": "~C3'-endo",
      "bin": "33t",
      "cluster": "!!",
      "suiteness": 0.0,
      "filter_rmsd": 0.066,
      "frame": {
        "rmsd": 0.009,
        "origin": [
          -103.558,
          -19.724,
          -84.261
        ],
        "x_axis": [
          -0.566,
          -0.244,
          0.788
        ],
        "y_axis": [
          -0.138,
          0.97,
          0.202
        ],
        "z_axis": [
          -0.813,
          0.006,
          -0.582
        ],
        "quaternion": [
          -0.453,
          -0.108,
          0.883,
          0.059
        ]
      },
      "sse": {
        "sse": null
      },
      "binding_protein": null,
      "binding_ion": null,
      "binding_small-molecule": null,
      "TotalAsa": 272.11753364494274,
      "PolarAsa": 178.16132173012892,
      "ApolarAsa": 93.95621191481376,
      "id": "2kgp.A.25"
    },
    {
      "index": 3,
      "index_chain": 3,
      "chain_name": "A",
      "nt_resnum": 3,
      "nt_name": "C",
      "nt_code": "C",
      "nt_id": "A.C3",
      "nt_type": "RNA",
      "dbn": "(",
      "summary": "anti,canonical,non-pair-contact,helix,stem-end,coaxial-stack,bulge",
      "alpha": -59.652,
      "beta": 138.844,
      "gamma": 88.193,
      "delta": 95.394,
      "epsilon": 53.905,
      "zeta": 104.606,
      "epsilon_zeta": -50.702,
      "bb_type": "--",
      "chi": -169.192,
      "glyco_bond": "anti",
      "C5prime_xyz": [
        -1.937,
        8.816,
        1.077
      ],
      "P_xyz": [
        0.47,
        9.607,
        0.386
      ],
      "form": ".",
      "ssZp": 1.669,
      "Dp": 1.652,
      "splay_angle": 57.194,
      "splay_distance": 8.655,
      "splay_ratio": 0.479,
      "eta": -125.415,
      "theta": -103.503,
      "eta_prime": -112.05,
      "theta_prime": -143.3,
      "eta_base": -82.641,
      "theta_base": 161.691,
      "v0": -15.177,
      "v1": -2.737,
      "v2": 17.92,
      "v3": -27.224,
      "v4": 26.63,
      "amplitude": 28.02,
      "phase_angle": 50.242,
      "puckering": "C4'-exo",
      "sugar_class": "--",
      "bin": "33p",
      "cluster": "!!",
      "suiteness": 0.0,
      "filter_rmsd": 0.066,
      "frame": {
        "rmsd": 0.008,
        "origin": [
          -101.72,
          -17.053,
          -76.147
        ],
        "x_axis": [
          -0.112,
          -0.943,
          0.313
        ],
        "y_axis": [
          0.919,
          -0.218,
          -0.328
        ],
        "z_axis": [
          0.377,
          0.251,
          0.891
        ],
        "quaternion": [
          0.625,
          -0.232,
          0.026,
          -0.745
        ]
      },
      "sse": {
        "sse": "bulge_1"
      },
      "binding_protein": null,
      "binding_ion": null,
      "binding_small-molecule": "",
      "TotalAsa": 179.42882430286028,
      "PolarAsa": 120.98982369383805,
      "ApolarAsa": 58.43900060902222,
      "id": "2kgp.A.3"
    },
    {
      "index": 4,
      "index_chain": 4,
      "chain_name": "A",
      "nt_resnum": 4,
      "nt_name": "A",
      "nt_code": "A",
      "nt_id": "A.A4",
      "nt_type": "RNA",
      "dbn": ".",
      "summary": "anti,non-stack,non-pair-contact,bulge,cap-donor,phosphate",
      "alpha": 82.944,
      "beta": -120.453,
      "gamma": 28.802,
      "delta": 115.462,
      "epsilon": -45.474,
      "zeta": 121.69,
      "epsilon_zeta": 192.836,
      "bb_type": "--",
      "chi": -94.097,
      "glyco_bond": "anti",
      "C5prime_xyz": [
        -1.443,
        7.224,
        -2.639
      ],
      "P_xyz": [
        0.81,
        8.505,
        -2.165
      ],
      "form": ".",
      "ssZp": -1.087,
      "Dp": 3.541,
      "splay_angle": 71.997,
      "splay_distance": 10.938,
      "splay_ratio": 0.601,
      "eta": 58.65,
      "theta": 159.942,
      "eta_prime": 106.613,
      "theta_prime": 172.348,
      "eta_base": 79.926,
      "theta_base": -131.621,
      "v0": 12.078,
      "v1": -17.005,
      "v2": 15.259,
      "v3": -8.537,
      "v4": -2.139,
      "amplitude": 16.946,
      "phase_angle": 334.218,
      "puckering": "C2'-exo",
      "sugar_class": "--",
      "bin": "trig",
      "cluster": "!!",
      "suiteness": 0.0,
      "filter_rmsd": 0.037,
      "frame": {
        "rmsd": 0.009,
        "origin": [
          -101.783,
          -8.864,
          -78.948
        ],
        "x_axis": [
          -0.12,
          -0.482,
          -0.868
        ],
        "y_axis": [
          0.78,
          -0.586,
          0.218
        ],
        "z_axis": [
          -0.614,
          -0.651,
          0.446
        ],
        "quaternion": [
          -0.43,
          -0.505,
          -0.148,
          0.734
        ]
      },
      "sse": {
        "sse": "bulge_1"
      },
      "binding_protein": null,
      "binding_ion": null,
      "binding_small-molecule": "",
      "TotalAsa": 208.2788958766294,
      "PolarAsa": 126.79893816755931,
      "ApolarAsa": 81.47995770907008,
      "id": "2kgp.A.4"
    },
    {
      "index": 5,
      "index_chain": 5,
      "chain_name": "A",
      "nt_resnum": 5,
      "nt_name": "G",
      "nt_code": "G",
      "nt_id": "A.G5",
      "nt_type": "RNA",
      "dbn": "(",
      "summary": "anti,~C3'-endo,BI,canonical,non-pair-contact,helix,stem-end,coaxial-stack,bulge,cap-acceptor,phosphate",
      "alpha": -113.855,
      "beta": 132.914,
      "gamma": 72.603,
      "delta": 107.137,
      "epsilon": -172.518,
      "zeta": -63.677,
      "epsilon_zeta": -108.841,
      "bb_type": "BI",
      "chi": -132.958,
      "glyco_bond": "anti",
      "C5prime_xyz": [
        -0.937,
        8.349,
        -0.837
      ],
      "P_xyz": [
        1.045,
        7.282,
        -2.203
      ],
      "form": ".",
      "ssZp": 3.528,
      "Dp": 4.179,
      "splay_angle": 24.692,
      "splay_distance": 4.105,
      "splay_ratio": 0.214,
      "eta": 175.668,
      "theta": -123.395,
      "eta_prime": -155.807,
      "theta_prime": -145.028,
      "eta_base": -116.245,
      "theta_base": -137.023,
      "v0": 12.392,
      "v1": -22.279,
      "v2": 23.096,
      "v3": -16.383,
      "v4": 2.553,
      "amplitude": 23.655,
      "phase_angle": 347.518,
      "puckering": "C2'-exo",
      "sugar_class": "~C3'-endo",
      "bin": "trig",
      "cluster": "!!",
      "suiteness": 0.0,
      "filter_rmsd": 0.008,
      "frame": {
        "rmsd": 0.008,
        "origin": [
          -98.912,
          -14.746,
          -70.185
        ],
        "x_axis": [
          0.378,
          -0.902,
          -0.209
        ],
        "y_axis": [
          0.863,
          0.425,
          -0.272
        ],
        "z_axis": [
          0.334,
          -0.077,
          0.939
        ],
        "quaternion": [
          0.828,
          -0.059,
          0.164,
          -0.533
        ]
      },
      "sse": {
        "sse": "bulge_1"
      },
      "binding_protein": null,
      "binding_ion": null,
      "binding_small-molecule": "",
      "TotalAsa": 203.66357223621605,
      "PolarAsa": 142.73955698978193,
      "ApolarAsa": 60.9240152464341,
      "id": "2kgp.A.5"
    },
    {
      "index": 6,
      "index_chain": 6,
      "chain_name": "A",
      "nt_resnum": 6,
      "nt_name": "U",
      "nt_code": "U",
      "nt_id": "A.U6",
      "nt_type": "RNA",
      "dbn": "(",
      "summary": "anti,BI,canonical,non-pair-contact,helix,stem,coaxial-stack",
      "alpha": -86.422,
      "beta": 168.918,
      "gamma": 83.109,
      "delta": 98.145,
      "epsilon": 179.897,
      "zeta": -90.765,
      "epsilon_zeta": -89.338,
      "bb_type": "BI",
      "chi": -143.562,
      "glyco_bond": "anti",
      "C5prime_xyz": [
        -1.871,
        8.857,
        -0.265
      ],
      "P_xyz": [
        0.53,
        9.531,
        -1.085
      ],
      "form": ".",
      "ssZp": 3.8,
      "Dp": 3.824,
      "splay_angle": 26.18,
      "splay_distance": 4.111,
      "splay_ratio": 0.232,
      "eta": 173.72,
      "theta": -170.004,
      "eta_prime": -159.697,
      "theta_prime": -176.088,
      "eta_base": -127.131,
      "theta_base": -140.172,
      "v0": -11.672,
      "v1": -4.737,
      "v2": 17.996,
      "v3": -25.263,
      "v4": 23.188,
      "amplitude": 25.45,
      "phase_angle": 45.001,
      "puckering": "C4'-exo",
      "sugar_class": "--",
      "bin": "33p",
      "cluster": "!!",
      "suiteness": 0.0,
      "filter_rmsd": 0.1,
      "frame": {
        "rmsd": 0.016,
        "origin": [
          -97.726,
          -15.868,
          -66.419
        ],
        "x_axis": [
          0.72,
          -0.651,
          -0.241
        ],
        "y_axis": [
          0.647,
          0.755,
          -0.106
        ],
        "z_axis": [
          0.251,
          -0.079,
          0.965
        ],
        "quaternion": [
          0.927,
          -0.007,
          0.133,
          -0.35
        ]
      },
      "sse": {
        "sse": null
      },
      "binding_protein": null,
      "binding_ion": null,
      "binding_small-molecule": null,
      "TotalAsa": 186.4840176174703,
      "PolarAsa": 112.17036385385116,
      "ApolarAsa": 74.31365376361914,
      "id": "2kgp.A.6"
    },
    {
      "index": 7,
      "index_chain": 7,
      "chain_name": "A",
      "nt_resnum": 7,
      "nt_name": "G",
      "nt_code": "G",
      "nt_id": "A.G7",
      "nt_type": "RNA",
      "dbn": "(",
      "summary": "anti,~C3'-endo,BI,canonical,non-pair-contact,helix,stem,coaxial-stack",
      "alpha": -73.128,
      "beta": 166.135,
      "gamma": 73.046,
      "delta": 105.266,
      "epsilon": -161.271,
      "zeta": -58.245,
      "epsilon_zeta": -103.026,
      "bb_type": "BI",
      "chi": -148.672,
      "glyco_bond": "anti",
      "C5prime_xyz": [
        -0.99,
        8.538,
        0.106
      ],
      "P_xyz": [
        1.563,
        8.26,
        -0.47
      ],
      "form": ".",
      "ssZp": 4.047,
      "Dp": 4.251,
      "splay_angle": 19.182,
      "splay_distance": 3.168,
      "splay_ratio": 0.167,
      "eta": 178.406,
      "theta": -115.932,
      "eta_prime": -167.605,
      "theta_prime": -125.551,
      "eta_base": -123.568,
      "theta_base": -98.657,
      "v0": 8.534,
      "v1": -19.576,
      "v2": 22.523,
      "v3": -18.101,
      "v4": 6.051,
      "amplitude": 22.56,
      "phase_angle": 356.731,
      "puckering": "C2'-exo",
      "sugar_class": "~C3'-endo",
      "bin": "33p",
      "cluster": "!!",
      "suiteness": 0.0,
      "filter_rmsd": 0.009,
      "frame": {
        "rmsd": 0.009,
        "origin": [
          -97.146,
          -15.967,
          -62.35
        ],
        "x_axis": [
          0.993,
          -0.115,
          0.039
        ],
        "y_axis": [
          0.115,
          0.993,
          0.015
        ],
        "z_axis": [
          -0.04,
          -0.011,
          0.999
        ],
        "quaternion": [
          0.998,
          0.006,
          -0.02,
          -0.058
        ]
      },
      "sse": {
        "sse": null
      },
      "binding_protein": null,
      "binding_ion": null,
      "binding_small-molecule": null,
      "TotalAsa": 188.9929782998671,
      "PolarAsa": 136.79050670622712,
      "ApolarAsa": 52.202471593639956,
      "id": "2kgp.A.7"
    },
    {
      "index": 8,
      "index_chain": 8,
      "chain_name": "A",
      "nt_resnum": 8,
      "nt_name": "U",
      "nt_code": "U",
      "nt_id": "A.U8",
      "nt_type": "RNA",
      "dbn": "(",
      "summary": "anti,~C3'-endo,BI,canonical,non-pair-contact,helix,stem,coaxial-stack",
      "alpha": -106.076,
      "beta": -178.157,
      "gamma": 77.649,
      "delta": 98.128,
      "epsilon": -175.453,
      "zeta": -81.324,
      "epsilon_zeta": -94.129,
      "bb_type": "BI",
      "chi": -138.265,
      "glyco_bond": "anti",
      "C5prime_xyz": [
        -1.869,
        8.818,
        -0.58
      ],
      "P_xyz": [
        0.624,
        9.493,
        -1.093
      ],
      "form": ".",
      "ssZp": 3.652,
      "Dp": 3.886,
      "splay_angle": 24.923,
      "splay_distance": 4.097,
      "splay_ratio": 0.216,
      "eta": 156.805,
      "theta": -157.671,
      "eta_prime": -174.422,
      "theta_prime": -160.673,
      "eta_base": -124.118,
      "theta_base": -145.554,
      "v0": -10.933,
      "v1": -5.426,
      "v2": 18.355,
      "v3": -25.325,
      "v4": 22.873,
      "amplitude": 25.326,
      "phase_angle": 43.552,
      "puckering": "C4'-exo",
      "sugar_class": "~C3'-endo",
      "bin": "33p",
      "cluster": "!!",
      "suiteness": 0.0,
      "filter_rmsd": 0.1,
      "frame": {
        "rmsd": 0.016,
        "origin": [
          -95.585,
          -16.416,
          -59.63
        ],
        "x_axis": [
          0.853,
          0.497,
          -0.156
        ],
        "y_axis": [
          -0.451,
          0.854,
          0.259
        ],
        "z_axis": [
          0.262,
          -0.151,
          0.953
        ],
        "quaternion": [
          0.957,
          0.107,
          0.109,
          0.248
        ]
      },
      "sse": {
        "sse": null
      },
      "binding_protein": null,
      "binding_ion": null,
      "binding_small-molecule": null,
      "TotalAsa": 184.38483152135578,
      "PolarAsa": 116.06305894921817,
      "ApolarAsa": 68.32177257213766,
      "id": "2kgp.A.8"
    },
    {
      "index": 9,
      "index_chain": 9,
      "chain_name": "A",
      "nt_resnum": 9,
      "nt_name": "G",
      "nt_code": "G",
      "nt_id": "A.G9",
      "nt_type": "RNA",
      "dbn": "(",
      "summary": "anti,~C3'-endo,BI,canonical,non-pair-contact,helix,stem,coaxial-stack",
      "alpha": -71.954,
      "beta": -164.432,
      "gamma": 44.032,
      "delta": 103.165,
      "epsilon": -159.855,
      "zeta": -88.108,
      "epsilon_zeta": -71.747,
      "bb_type": "BI",
      "chi": -135.128,
      "glyco_bond": "anti",
      "C5prime_xyz": [
        -1.493,
        8.699,
        -0.73
      ],
      "P_xyz": [
        0.98,
        9.42,
        -0.172
      ],
      "form": ".",
      "ssZp": 3.483,
      "Dp": 4.085,
      "splay_angle": 27.163,
      "splay_distance": 4.483,
      "splay_ratio": 0.239,
      "eta": 174.705,
      "theta": -151.939,
      "eta_prime": -179.428,
      "theta_prime": -147.154,
      "eta_base": -158.221,
      "theta_base": -122.828,
      "v0": -2.451,
      "v1": -10.897,
      "v2": 19.082,
      "v3": -20.988,
      "v4": 14.804,
      "amplitude": 21.05,
      "phase_angle": 24.968,
      "puckering": "C3'-endo",
      "sugar_class": "~C3'-endo",
      "bin": "33p",
      "cluster": "1a",
      "suiteness": 0.01,
      "filter_rmsd": 0.008,
      "frame": {
        "rmsd": 0.008,
        "origin": [
          -94.562,
          -18.067,
          -56.023
        ],
        "x_axis": [
          0.494,
          0.822,
          -0.283
        ],
        "y_axis": [
          -0.763,
          0.566,
          0.312
        ],
        "z_axis": [
          0.417,
          0.062,
          0.907
        ],
        "quaternion": [
          0.861,
          0.073,
          0.203,
          0.46
        ]
      },
      "sse": {
        "sse": null
      },
      "binding_protein": null,
      "binding_ion": null,
      "binding_small-molecule": null,
      "TotalAsa": 205.6504014961473,
      "PolarAsa": 151.42059843301678,
      "ApolarAsa": 54.229803063130525,
      "id": "2kgp.A.9"
    }
  ],
  "links": [
    {
      "LW": "B53",
      "backbone": true,
      "source": "2kgp.A.1",
      "target": "2kgp.A.2"
    },
    {
      "index": 1,
      "nt1": "A.G1",
      "nt2": "A.C25",
      "bp": "G-C",
      "name": "WC",
      "Saenger": "19-XIX",
      "LW": "cWW",
      "DSSR": "cW-W",
      "source": "2kgp.A.1",
      "target": "2kgp.A.25"
    },
    {
      "LW": "B53",
      "backbone": true,
      "source": "2kgp.A.10",
      "target": "2kgp.A.11"
    },
    {
      "LW": "B35",
      "backbone": true,
      "source": "2kgp.A.10",
      "target": "2kgp.A.9"
    },
    {
      "index": 9,
      "nt1": "A.A10",
      "nt2": "A.U17",
      "bp": "A-U",
      "name": "WC",
      "Saenger": "20-XX",
      "LW": "cWW",
      "DSSR": "cW-W",
      "source": "2kgp.A.10",
      "target": "2kgp.A.17"
    },
    {
      "LW": "B53",
      "backbone": true,
      "source": "2kgp.A.11",
      "target": "2kgp.A.12"
    },
    {
      "LW": "B35",
      "backbone": true,
      "source": "2kgp.A.11",
      "target": "2kgp.A.10"
    },
    {
      "LW": "B53",
      "backbone": true,
      "source": "2kgp.A.12",
      "target": "2kgp.A.13"
    },
    {
      "LW": "B35",
      "backbone": true,
      "source": "2kgp.A.12",
      "target": "2kgp.A.11"
    },
    {
      "LW": "B53",
      "backbone": true,
      "source": "2kgp.A.13",
      "target": "2kgp.A.14"
    },
    {
      "LW": "B35",
      "backbone": true,
      "source": "2kgp.A.13",
      "target": "2kgp.A.12"
    },
    {
      "LW": "B53",
      "backbone": true,
      "source": "2kgp.A.14",
      "target": "2kgp.A.15"
    },
    {
      "LW": "B35",
      "backbone": true,
      "source": "2kgp.A.14",
      "target": "2kgp.A.13"
    },
    {
      "LW": "B53",
      "backbone": true,
      "source": "2kgp.A.15",
      "target": "2kgp.A.16"
    },
    {
      "LW": "B35",
      "backbone": true,
      "source": "2kgp.A.15",
      "target": "2kgp.A.14"
    },
    {
      "LW": "B53",
      "backbone": true,
      "source": "2kgp.A.16",
      "target": "2kgp.A.17"
    },
    {
      "LW": "B35",
      "backbone": true,
      "source": "2kgp.A.16",
      "target": "2kgp.A.15"
    },
    {
      "LW": "B53",
      "backbone": true,
      "source": "2kgp.A.17",
      "target": "2kgp.A.18"
    },
    {
      "LW": "B35",
      "backbone": true,
      "source": "2kgp.A.17",
      "target": "2kgp.A.16"
    },
    {
      "index": 9,
      "nt1": "A.U17",
      "nt2": "A.A10",
      "bp": "U-A",
      "name": "WC",
      "Saenger": "20-XX",
      "LW": "cWW",
      "DSSR": "cW-W",
      "source": "2kgp.A.17",
      "target": "2kgp.A.10"
    },
    {
      "LW": "B53",
      "backbone": true,
      "source": "2kgp.A.18",
      "target": "2kgp.A.19"
    },
    {
      "LW": "B35",
      "backbone": true,
      "source": "2kgp.A.18",
      "target": "2kgp.A.17"
    },
    {
      "index": 8,
      "nt1": "A.C18",
      "nt2": "A.G9",
      "bp": "C-G",
      "name": "WC",
      "Saenger": "19-XIX",
      "LW": "cWW",
      "DSSR": "cW-W",
      "source": "2kgp.A.18",
      "target": "2kgp.A.9"
    },
    {
      "LW": "B53",
      "backbone": true,
      "source": "2kgp.A.19",
      "target": "2kgp.A.20"
    },
    {
      "LW": "B35",
      "backbone": true,
      "source": "2kgp.A.19",
      "target": "2kgp.A.18"
    },
    {
      "index": 7,
      "nt1": "A.A19",
      "nt2": "A.U8",
      "bp": "A-U",
      "name": "WC",
      "Saenger": "20-XX",
      "LW": "cWW",
      "DSSR": "cW-W",
      "source": "2kgp.A.19",
      "target": "2kgp.A.8"
    },
    {
      "LW": "B53",
      "backbone": true,
      "source": "2kgp.A.2",
      "target": "2kgp.A.3"
    },
    {
      "LW": "B35",
      "backbone": true,
      "source": "2kgp.A.2",
      "target": "2kgp.A.1"
    },
    {
      "index": 2,
      "nt1": "A.G2",
      "nt2": "A.U24",
      "bp": "G-U",
      "name": "Wobble",
      "Saenger": "28-XXVIII",
      "LW": "cWW",
      "DSSR": "cW-W",
      "source": "2kgp.A.2",
      "target": "2kgp.A.24"
    },
    {
      "LW": "B53",
      "backbone": true,
      "source": "2kgp.A.20",
      "target": "2kgp.A.21"
    },
    {
      "LW": "B35",
      "backbone": true,
      "source": "2kgp.A.20",
      "target": "2kgp.A.19"
    },
    {
      "index": 6,
      "nt1": "A.C20",
      "nt2": "A.G7",
      "bp": "C-G",
      "name": "WC",
      "Saenger": "19-XIX",
      "LW": "cWW",
      "DSSR": "cW-W",
      "source": "2kgp.A.20",
      "target": "2kgp.A.7"
    },
    {
      "LW": "B53",
      "backbone": true,
      "source": "2kgp.A.21",
      "target": "2kgp.A.22"
    },
    {
      "LW": "B35",
      "backbone": true,
      "source": "2kgp.A.21",
      "target": "2kgp.A.20"
    },
    {
      "index": 5,
      "nt1": "A.A21",
      "nt2": "A.U6",
      "bp": "A-U",
      "name": "WC",
      "Saenger": "20-XX",
      "LW": "cWW",
      "DSSR": "cW-W",
      "source": "2kgp.A.21",
      "target": "2kgp.A.6"
    },
    {
      "LW": "B53",
      "backbone": true,
      "source": "2kgp.A.22",
      "target": "2kgp.A.23"
    },
    {
      "LW": "B35",
      "backbone": true,
      "source": "2kgp.A.22",
      "target": "2kgp.A.21"
    },
    {
      "index": 4,
      "nt1": "A.C22",
      "nt2": "A.G5",
      "bp": "C-G",
      "name": "WC",
      "Saenger": "19-XIX",
      "LW": "cWW",
      "DSSR": "cW-W",
      "source": "2kgp.A.22",
      "target": "2kgp.A.5"
    },
    {
      "LW": "B53",
      "backbone": true,
      "source": "2kgp.A.23",
      "target": "2kgp.A.24"
    },
    {
      "LW": "B35",
      "backbone": true,
      "source": "2kgp.A.23",
      "target": "2kgp.A.22"
    },
    {
      "index": 3,
      "nt1": "A.G23",
      "nt2": "A.C3",
      "bp": "G-C",
      "name": "WC",
      "Saenger": "19-XIX",
      "LW": "cWW",
      "DSSR": "cW-W",
      "source": "2kgp.A.23",
      "target": "2kgp.A.3"
    },
    {
      "LW": "B53",
      "backbone": true,
      "source": "2kgp.A.24",
      "target": "2kgp.A.25"
    },
    {
      "LW": "B35",
      "backbone": true,
      "source": "2kgp.A.24",
      "target": "2kgp.A.23"
    },
    {
      "index": 2,
      "nt1": "A.U24",
      "nt2": "A.G2",
      "bp": "U-G",
      "name": "Wobble",
      "Saenger": "28-XXVIII",
      "LW": "cWW",
      "DSSR": "cW-W",
      "source": "2kgp.A.24",
      "target": "2kgp.A.2"
    },
    {
      "LW": "B35",
      "backbone": true,
      "source": "2kgp.A.25",
      "target": "2kgp.A.24"
    },
    {
      "index": 1,
      "nt1": "A.C25",
      "nt2": "A.G1",
      "bp": "C-G",
      "name": "WC",
      "Saenger": "19-XIX",
      "LW": "cWW",
      "DSSR": "cW-W",
      "source": "2kgp.A.25",
      "target": "2kgp.A.1"
    },
    {
      "LW": "B53",
      "backbone": true,
      "source": "2kgp.A.3",
      "target": "2kgp.A.4"
    },
    {
      "LW": "B35",
      "backbone": true,
      "source": "2kgp.A.3",
      "target": "2kgp.A.2"
    },
    {
      "index": 3,
      "nt1": "A.C3",
      "nt2": "A.G23",
      "bp": "C-G",
      "name": "WC",
      "Saenger": "19-XIX",
      "LW": "cWW",
      "DSSR": "cW-W",
      "source": "2kgp.A.3",
      "target": "2kgp.A.23"
    },
    {
      "LW": "B53",
      "backbone": true,
      "source": "2kgp.A.4",
      "target": "2kgp.A.5"
    },
    {
      "LW": "B35",
      "backbone": true,
      "source": "2kgp.A.4",
      "target": "2kgp.A.3"
    },
    {
      "LW": "B53",
      "backbone": true,
      "source": "2kgp.A.5",
      "target": "2kgp.A.6"
    },
    {
      "LW": "B35",
      "backbone": true,
      "source": "2kgp.A.5",
      "target": "2kgp.A.4"
    },
    {
      "index": 4,
      "nt1": "A.G5",
      "nt2": "A.C22",
      "bp": "G-C",
      "name": "WC",
      "Saenger": "19-XIX",
      "LW": "cWW",
      "DSSR": "cW-W",
      "source": "2kgp.A.5",
      "target": "2kgp.A.22"
    },
    {
      "LW": "B53",
      "backbone": true,
      "source": "2kgp.A.6",
      "target": "2kgp.A.7"
    },
    {
      "LW": "B35",
      "backbone": true,
      "source": "2kgp.A.6",
      "target": "2kgp.A.5"
    },
    {
      "index": 5,
      "nt1": "A.U6",
      "nt2": "A.A21",
      "bp": "U-A",
      "name": "WC",
      "Saenger": "20-XX",
      "LW": "cWW",
      "DSSR": "cW-W",
      "source": "2kgp.A.6",
      "target": "2kgp.A.21"
    },
    {
      "LW": "B53",
      "backbone": true,
      "source": "2kgp.A.7",
      "target": "2kgp.A.8"
    },
    {
      "LW": "B35",
      "backbone": true,
      "source": "2kgp.A.7",
      "target": "2kgp.A.6"
    },
    {
      "index": 6,
      "nt1": "A.G7",
      "nt2": "A.C20",
      "bp": "G-C",
      "name": "WC",
      "Saenger": "19-XIX",
      "LW": "cWW",
      "DSSR": "cW-W",
      "source": "2kgp.A.7",
      "target": "2kgp.A.20"
    },
    {
      "LW": "B53",
      "backbone": true,
      "source": "2kgp.A.8",
      "target": "2kgp.A.9"
    },
    {
      "LW": "B35",
      "backbone": true,
      "source": "2kgp.A.8",
      "target": "2kgp.A.7"
    },
    {
      "index": 7,
      "nt1": "A.U8",
      "nt2": "A.A19",
      "bp": "U-A",
      "name": "WC",
      "Saenger": "20-XX",
      "LW": "cWW",
      "DSSR": "cW-W",
      "source": "2kgp.A.8",
      "target": "2kgp.A.19"
    },
    {
      "LW": "B53",
      "backbone": true,
      "source": "2kgp.A.9",
      "target": "2kgp.A.10"
    },
    {
      "LW": "B35",
      "backbone": true,
      "source": "2kgp.A.9",
      "target": "2kgp.A.8"
    },
    {
      "index": 8,
      "nt1": "A.G9",
      "nt2": "A.C18",
      "bp": "G-C",
      "name": "WC",
      "Saenger": "19-XIX",
      "LW": "cWW",
      "DSSR": "cW-W",
      "source": "2kgp.A.9",
      "target": "2kgp.A.18"
    }
  ]
}