{
  "directed": true,
  "multigraph": false,
  "graph": {
    "dbn": {
      "all_chains": {
        "num_nts": 39,
        "num_chars": 40,
        "bseq": "GGAGGAACUACUGUCUUCCUUCGGGUCGUGCAGCCUCC&t",
        "bseqUP": "GGAGGAACUACUGUCUUCCUUCGGGUCGUGCAGCCUCC&T",
        "sstr": "(((((.....(((((..((....))..).)))))))))&.",
        "form": "AAAA......AAAAAAAA...Z.A.AA..AA..AAA.-&-"
      },
      "single_chains": {
        "m1_chain_A": {
          "num_nts": 39,
          "num_chars": 40,
          "bseq": "GGAGGAACUACUGUCUUCCUUCGGGUCGUGCAGCCUCC&t",
          "bseqUP": "GGAGGAACUACUGUCUUCCUUCGGGUCGUGCAGCCUCC&T",
          "sstr": "(((((.....(((((..((....))..).)))))))))&.",
          "form": "AAAA......AAAAAAAA...Z.A.AA..AA..AAA.-&-"
        }
      }
    },
    "resolution_low": null,
    "resolution_high": null
  },
  "nodes": [
    {
      "index": 1,
      "index_chain": 1,
      "chain_name": "A",
      "nt_resnum": 1,
      "nt_name": "G",
      "nt_code": "G",
      "nt_id": "A.G1",
      "nt_type": "RNA",
      "dbn": "(",
      "summary": "anti,~C3'-endo,BI,canonical,non-pair-contact,helix-end,stem-end,coaxial-stack",
      "alpha": null,
      "beta": null,
      "gamma": 56.188,
      "delta": 79.366,
      "epsilon": -162.578,
      "zeta": -63.472,
      "epsilon_zeta": -99.106,
      "bb_type": "BI",
      "chi": -159.208,
      "glyco_bond": "anti",
      "C5prime_xyz": [
        -1.316,
        8.761,
        0.653
      ],
      "P_xyz": [
        null,
        null,
        null
      ],
      "form": "A",
      "ssZp": 4.651,
      "Dp": 4.683,
      "splay_angle": 23.707,
      "splay_distance": 3.779,
      "splay_ratio": 0.211,
      "eta": null,
      "theta": null,
      "eta_prime": null,
      "theta_prime": null,
      "eta_base": null,
      "theta_base": null,
      "v0": 11.405,
      "v1": -33.752,
      "v2": 40.392,
      "v3": -35.269,
      "v4": 15.535,
      "amplitude": 40.433,
      "phase_angle": 2.601,
      "puckering": "C3'-endo",
      "sugar_class": "~C3'-endo",
      "bin": "inc",
      "cluster": "__",
      "suiteness": 0.0,
      "filter_rmsd": 0.022,
      "frame": {
        "rmsd": 0.022,
        "origin": [
          11.967,
          -6.417,
          20.541
        ],
        "x_axis": [
          -0.972,
          -0.232,
          0.025
        ],
        "y_axis": [
          -0.209,
          0.913,
          0.351
        ],
        "z_axis": [
          -0.104,
          0.336,
          -0.936
        ],
        "quaternion": [
          -0.033,
          -0.113,
          0.977,
          0.176
        ]
      },
      "sse": {
        "sse": null
      },
      "binding_protein": null,
      "binding_ion": null,
      "binding_small-molecule": null,
      "TotalAsa": 265.12657691648934,
      "PolarAsa": 161.6168498902318,
      "ApolarAsa": 103.50972702625758,
      "id": "2ku0.A.1"
    },
    {
      "index": 10,
      "index_chain": 10,
      "chain_name": "A",
      "nt_resnum": 10,
      "nt_name": "A",
      "nt_code": "A",
      "nt_id": "A.A10",
      "nt_type": "RNA",
      "dbn": ".",
      "summary": "anti,~C3'-endo,BI,non-pair-contact,bulge",
      "alpha": -76.006,
      "beta": 178.841,
      "gamma": 63.941,
      "delta": 71.985,
      "epsilon": -157.95,
      "zeta": -59.944,
      "epsilon_zeta": -98.006,
      "bb_type": "BI",
      "chi": -174.48,
      "glyco_bond": "anti",
      "C5prime_xyz": [
        -2.099,
        8.706,
        1.339
      ],
      "P_xyz": [
        0.211,
        9.838,
        1.933
      ],
      "form": ".",
      "ssZp": 4.637,
      "Dp": 4.663,
      "splay_angle": 26.934,
      "splay_distance": 4.548,
      "splay_ratio": 0.25,
      "eta": 168.517,
      "theta": -147.937,
      "eta_prime": 175.901,
      "theta_prime": -144.973,
      "eta_base": -161.768,
      "theta_base": -111.985,
      "v0": -1.818,
      "v1": -25.959,
      "v2": 41.228,
      "v3": -44.099,
      "v4": 29.284,
      "amplitude": 44.224,
      "phase_angle": 21.21,
      "puckering": "C3'-endo",
      "sugar_class": "~C3'-endo",
      "bin": "33p",
      "cluster": "1a",
      "suiteness": 0.57,
      "filter_rmsd": 0.055,
      "frame": {
        "rmsd": 0.031,
        "origin": [
          2.204,
          -6.666,
          1.409
        ],
        "x_axis": [
          0.409,
          0.854,
          0.32
        ],
        "y_axis": [
          0.52,
          0.071,
          -0.851
        ],
        "z_axis": [
          -0.75,
          0.515,
          -0.415
        ],
        "quaternion": [
          0.516,
          -0.662,
          -0.519,
          0.162
        ]
      },
      "sse": {
        "sse": "bulge_2"
      },
      "binding_protein": null,
      "binding_ion": "ISI",
      "binding_small-molecule": "",
      "TotalAsa": 219.00529822453703,
      "PolarAsa": 156.37337432875563,
      "ApolarAsa": 62.6319238957814,
      "id": "2ku0.A.10"
    },
    {
      "index": 11,
      "index_chain": 11,
      "chain_name": "A",
      "nt_resnum": 11,
      "nt_name": "C",
      "nt_code": "C",
      "nt_id": "A.C11",
      "nt_type": "RNA",
      "dbn": "(",
      "summary": "anti,~C3'-endo,BI,canonical,non-pair-contact,helix,stem-end,coaxial-stack,bulge",
      "alpha": -74.024,
      "beta": -175.993,
      "gamma": 61.033,
      "delta": 72.455,
      "epsilon": -157.094,
      "zeta": -68.183,
      "epsilon_zeta": -88.911,
      "bb_type": "BI",
      "chi": -163.994,
      "glyco_bond": "anti",
      "C5prime_xyz": [
        -1.802,
        8.905,
        0.852
      ],
      "P_xyz": [
        0.607,
        9.826,
        1.444
      ],
      "form": "A",
      "ssZp": 4.495,
      "Dp": 4.656,
      "splay_angle": 25.746,
      "splay_distance": 4.264,
      "splay_ratio": 0.229,
      "eta": 172.389,
      "theta": -155.217,
      "eta_prime": -174.756,
      "theta_prime": -151.82,
      "eta_base": -128.975,
      "theta_base": -131.232,
      "v0": 1.745,
      "v1": -27.718,
      "v2": 40.81,
      "v3": -41.452,
      "v4": 25.458,
      "amplitude": 42.585,
      "phase_angle": 16.602,
      "puckering": "C3'-endo",
      "sugar_class": "~C3'-endo",
      "bin": "33p",
      "cluster": "1a",
      "suiteness": 0.556,
      "filter_rmsd": 0.055,
      "frame": {
        "rmsd": 0.019,
        "origin": [
          -0.558,
          -3.258,
          2.611
        ],
        "x_axis": [
          0.684,
          0.686,
          -0.247
        ],
        "y_axis": [
          0.165,
          -0.476,
          -0.864
        ],
        "z_axis": [
          -0.711,
          0.55,
          -0.439
        ],
        "quaternion": [
          -0.439,
          0.806,
          0.264,
          -0.297
        ]
      },
      "sse": {
        "sse": "bulge_2"
      },
      "binding_protein": null,
      "binding_ion": "ISI",
      "binding_small-molecule": "",
      "TotalAsa": 186.7282919727374,
      "PolarAsa": 137.14727774244238,
      "ApolarAsa": 49.581014230295004,
      "id": "2ku0.A.11"
    },
    {
      "index": 12,
      "index_chain": 12,
      "chain_name": "A",
      "nt_resnum": 12,
      "nt_name": "U",
      "nt_code": "U",
      "nt_id": "A.U12",
      "nt_type": "RNA",
      "dbn": "(",
      "summary": "anti,~C3'-endo,BI,canonical,non-pair-contact,helix,stem,coaxial-stack",
      "alpha": -73.631,
      "beta": 176.31,
      "gamma": 63.522,
      "delta": 74.309,
      "epsilon": -160.293,
      "zeta": -71.297,
      "epsilon_zeta": -88.996,
      "bb_type": "BI",
      "chi": -166.134,
      "glyco_bond": "anti",
      "C5prime_xyz": [
        -2.009,
        8.802,
        0.84
      ],
      "P_xyz": [
        0.41,
        9.72,
        1.311
      ],
      "form": "A",
      "ssZp": 4.365,
      "Dp": 4.657,
      "splay_angle": 22.353,
      "splay_distance": 3.583,
      "splay_ratio": 0.198,
      "eta": 170.134,
      "theta": -157.506,
      "eta_prime": -178.871,
      "theta_prime": -155.635,
      "eta_base": -148.211,
      "theta_base": -130.032,
      "v0": 3.428,
      "v1": -29.117,
      "v2": 41.167,
      "v3": -40.92,
      "v4": 24.102,
      "amplitude": 42.498,
      "phase_angle": 14.377,
      "puckering": "C3'-endo",
      "sugar_class": "~C3'-endo",
      "bin": "33p",
      "cluster": "1a",
      "suiteness": 0.609,
      "filter_rmsd": 0.099,
      "frame": {
        "rmsd": 0.026,
        "origin": [
          -3.169,
          0.106,
          2.834
        ],
        "x_axis": [
          0.809,
          0.309,
          -0.5
        ],
        "y_axis": [
          -0.123,
          -0.743,
          -0.658
        ],
        "z_axis": [
          -0.574,
          0.594,
          -0.564
        ],
        "quaternion": [
          -0.354,
          0.883,
          0.053,
          -0.304
        ]
      },
      "sse": {
        "sse": null
      },
      "binding_protein": null,
      "binding_ion": "ISI",
      "binding_small-molecule": null,
      "TotalAsa": 175.43895400843564,
      "PolarAsa": 123.6640155718635,
      "ApolarAsa": 51.7749384365721,
      "id": "2ku0.A.12"
    },
    {
      "index": 13,
      "index_chain": 13,
      "chain_name": "A",
      "nt_resnum": 13,
      "nt_name": "G",
      "nt_code": "G",
      "nt_id": "A.G13",
      "nt_type": "RNA",
      "dbn": "(",
      "summary": "anti,~C3'-endo,BI,canonical,non-pair-contact,helix,stem,coaxial-stack",
      "alpha": -74.332,
      "beta": 170.78,
      "gamma": 69.274,
      "delta": 83.79,
      "epsilon": -155.576,
      "zeta": -59.45,
      "epsilon_zeta": -96.126,
      "bb_type": "BI",
      "chi": -162.621,
      "glyco_bond": "anti",
      "C5prime_xyz": [
        -1.697,
        8.77,
        0.654
      ],
      "P_xyz": [
        0.87,
        9.343,
        0.846
      ],
      "form": "A",
      "ssZp": 4.147,
      "Dp": 4.603,
      "splay_angle": 21.556,
      "splay_distance": 3.506,
      "splay_ratio": 0.189,
      "eta": 173.589,
      "theta": -132.964,
      "eta_prime": -174.28,
      "theta_prime": -134.983,
      "eta_base": -137.746,
      "theta_base": -92.013,
      "v0": 6.655,
      "v1": -28.198,
      "v2": 36.807,
      "v3": -34.587,
      "v4": 18.035,
      "amplitude": 37.257,
      "phase_angle": 8.915,
      "puckering": "C3'-endo",
      "sugar_class": "~C3'-endo",
      "bin": "33p",
      "cluster": "1a",
      "suiteness": 0.502,
      "filter_rmsd": 0.026,
      "frame": {
        "rmsd": 0.026,
        "origin": [
          -4.388,
          3.403,
          2.136
        ],
        "x_axis": [
          0.645,
          -0.132,
          -0.753
        ],
        "y_axis": [
          -0.55,
          -0.764,
          -0.337
        ],
        "z_axis": [
          -0.531,
          0.632,
          -0.565
        ],
        "quaternion": [
          -0.281,
          0.862,
          -0.198,
          -0.372
        ]
      },
      "sse": {
        "sse": null
      },
      "binding_protein": null,
      "binding_ion": "ISI",
      "binding_small-molecule": null,
      "TotalAsa": 180.6356378237063,
      "PolarAsa": 138.65193211094578,
      "ApolarAsa": 41.983705712760525,
      "id": "2ku0.A.13"
    },
    {
      "index": 14,
      "index_chain": 14,
      "chain_name": "A",
      "nt_resnum": 14,
      "nt_name": "U",
      "nt_code": "U",
      "nt_id": "A.U14",
      "nt_type": "RNA",
      "dbn": "(",
      "summary": "anti,~C3'-endo,BI,canonical,non-pair-contact,helix,stem-end,coaxial-stack,bulge",
      "alpha": -77.807,
      "beta": 175.734,
      "gamma": 59.15,
      "delta": 76.634,
      "epsilon": -158.332,
      "zeta": -67.453,
      "epsilon_zeta": -90.879,
      "bb_type": "BI",
      "chi": -149.702,
      "glyco_bond": "anti",
      "C5prime_xyz": [
        -1.492,
        8.864,
        -0.212
      ],
      "P_xyz": [
        1.093,
        9.472,
        -0.17
      ],
      "form": "A",
      "ssZp": 3.925,
      "Dp": 4.655,
      "splay_angle": 19.946,
      "splay_distance": 3.332,
      "splay_ratio": 0.176,
      "eta": 161.25,
      "theta": -150.299,
      "eta_prime": -179.197,
      "theta_prime": -152.134,
      "eta_base": -116.397,
      "theta_base": -139.188,
      "v0": 6.778,
      "v1": -30.416,
      "v2": 40.298,
      "v3": -37.779,
      "v4": 20.007,
      "amplitude": 40.85,
      "phase_angle": 9.427,
      "puckering": "C3'-endo",
      "sugar_class": "~C3'-endo",
      "bin": "33p",
      "cluster": "1a",
      "suiteness": 0.75,
      "filter_rmsd": 0.099,
      "frame": {
        "rmsd": 0.027,
        "origin": [
          -4.362,
          5.265,
          -0.834
        ],
        "x_axis": [
          0.074,
          -0.646,
          -0.76
        ],
        "y_axis": [
          -0.918,
          -0.342,
          0.201
        ],
        "z_axis": [
          -0.39,
          0.683,
          -0.618
        ],
        "quaternion": [
          -0.169,
          0.713,
          -0.548,
          -0.403
        ]
      },
      "sse": {
        "sse": "bulge_1"
      },
      "binding_protein": null,
      "binding_ion": null,
      "binding_small-molecule": null,
      "TotalAsa": 178.07824381176044,
      "PolarAsa": 130.27664030811889,
      "ApolarAsa": 47.80160350364156,
      "id": "2ku0.A.14"
    },
    {
      "index": 15,
      "index_chain": 15,
      "chain_name": "A",
      "nt_resnum": 15,
      "nt_name": "C",
      "nt_code": "C",
      "nt_id": "A.C15",
      "nt_type": "RNA",
      "dbn": "(",
      "summary": "anti,~C3'-endo,BI,isolated-canonical,non-pair-contact,helix,bulge,internal-loop",
      "alpha": -77.657,
      "beta": 170.21,
      "gamma": 63.245,
      "delta": 76.949,
      "epsilon": -161.095,
      "zeta": -64.23,
      "epsilon_zeta": -96.865,
      "bb_type": "BI",
      "chi": -155.631,
      "glyco_bond": "anti",
      "C5prime_xyz": [
        -1.752,
        8.922,
        0.273
      ],
      "P_xyz": [
        0.738,
        9.739,
        -0.019
      ],
      "form": "A",
      "ssZp": 4.356,
      "Dp": 4.619,
      "splay_angle": 23.044,
      "splay_distance": 3.807,
      "splay_ratio": 0.204,
      "eta": 160.784,
      "theta": -148.244,
      "eta_prime": 173.341,
      "theta_prime": -149.681,
      "eta_base": -158.898,
      "theta_base": -124.341,
      "v0": 3.011,
      "v1": -28.158,
      "v2": 40.049,
      "v3": -39.95,
      "v4": 23.81,
      "amplitude": 41.425,
      "phase_angle": 14.811,
      "puckering": "C3'-endo",
      "sugar_class": "~C3'-endo",
      "bin": "33p",
      "cluster": "1a",
      "suiteness": 0.695,
      "filter_rmsd": 0.055,
      "frame": {
        "rmsd": 0.014,
        "origin": [
          -4.176,
          7.761,
          -3.033
        ],
        "x_axis": [
          -0.221,
          -0.825,
          -0.52
        ],
        "y_axis": [
          -0.918,
          -0.004,
          0.397
        ],
        "z_axis": [
          -0.329,
          0.565,
          -0.757
        ],
        "quaternion": [
          0.068,
          -0.62,
          0.702,
          0.342
        ]
      },
      "sse": {
        "sse": "bulge_1"
      },
      "binding_protein": null,
      "binding_ion": null,
      "binding_small-molecule": null,
      "TotalAsa": 164.27047559009824,
      "PolarAsa": 117.24028489842553,
      "ApolarAsa": 47.0301906916727,
      "id": "2ku0.A.15"
    },
    {
      "index": 16,
      "index_chain": 16,
      "chain_name": "A",
      "nt_resnum": 16,
      "nt_name": "U",
      "nt_code": "U",
      "nt_id": "A.U16",
      "nt_type": "RNA",
      "dbn": ".",
      "summary": "anti,~C3'-endo,BI,non-canonical,non-pair-contact,helix,internal-loop",
      "alpha": -76.823,
      "beta": 174.936,
      "gamma": 63.28,
      "delta": 77.161,
      "epsilon": -156.545,
      "zeta": -67.62,
      "epsilon_zeta": -88.926,
      "bb_type": "BI",
      "chi": -160.896,
      "glyco_bond": "anti",
      "C5prime_xyz": [
        -1.735,
        8.843,
        0.652
      ],
      "P_xyz": [
        0.777,
        9.674,
        0.642
      ],
      "form": "A",
      "ssZp": 4.524,
      "Dp": 4.655,
      "splay_angle": 24.791,
      "splay_distance": 4.086,
      "splay_ratio": 0.22,
      "eta": 166.928,
      "theta": -148.46,
      "eta_prime": 179.986,
      "theta_prime": -147.096,
      "eta_base": -139.287,
      "theta_base": -124.689,
      "v0": 3.43,
      "v1": -27.633,
      "v2": 39.028,
      "v3": -38.736,
      "v4": 22.623,
      "amplitude": 40.25,
      "phase_angle": 14.156,
      "puckering": "C3'-endo",
      "sugar_class": "~C3'-endo",
      "bin": "33p",
      "cluster": "1a",
      "suiteness": 0.685,
      "filter_rmsd": 0.096,
      "frame": {
        "rmsd": 0.025,
        "origin": [
          -4.215,
          8.454,
          -6.777
        ],
        "x_axis": [
          -0.603,
          -0.79,
          -0.111
        ],
        "y_axis": [
          -0.696,
          0.453,
          0.557
        ],
        "z_axis": [
          -0.39,
          0.413,
          -0.823
        ],
        "quaternion": [
          -0.082,
          -0.438,
          0.848,
          0.286
        ]
      },
      "sse": {
        "sse": null
      },
      "binding_protein": null,
      "binding_ion": null,
      "binding_small-molecule": null,
      "TotalAsa": 170.3937235627682,
      "PolarAsa": 121.67540153418574,
      "ApolarAsa": 48.71832202858245,
      "id": "2ku0.A.16"
    },
    {
      "index": 17,
      "index_chain": 17,
      "chain_name": "A",
      "nt_resnum": 17,
      "nt_name": "U",
      "nt_code": "U",
      "nt_id": "A.U17",
      "nt_type": "RNA",
      "dbn": ".",
      "summary": "anti,~C3'-endo,BI,non-canonical,non-pair-contact,helix,internal-loop",
      "alpha": -77.239,
      "beta": -177.652,
      "gamma": 60.687,
      "delta": 78.342,
      "epsilon": -151.51,
      "zeta": -63.478,
      "epsilon_zeta": -88.032,
      "bb_type": "BI",
      "chi": -157.539,
      "glyco_bond": "anti",
      "C5prime_xyz": [
        -1.736,
        8.877,
        0.266
      ],
      "P_xyz": [
        0.745,
        9.689,
        0.712
      ],
      "form": "A",
      "ssZp": 4.124,
      "Dp": 4.648,
      "splay_angle": 21.963,
      "splay_distance": 3.591,
      "splay_ratio": 0.192,
      "eta": 170.294,
      "theta": -140.167,
      "eta_prime": -179.438,
      "theta_prime": -139.532,
      "eta_base": -146.712,
      "theta_base": -98.335,
      "v0": 3.78,
      "v1": -27.3,
      "v2": 38.044,
      "v3": -37.53,
      "v4": 21.725,
      "amplitude": 39.13,
      "phase_angle": 13.53,
      "puckering": "C3'-endo",
      "sugar_class": "~C3'-endo",
      "bin": "33p",
      "cluster": "1a",
      "suiteness": 0.768,
      "filter_rmsd": 0.096,
      "frame": {
        "rmsd": 0.03,
        "origin": [
          -5.087,
          8.102,
          -10.753
        ],
        "x_axis": [
          -0.703,
          -0.54,
          0.463
        ],
        "y_axis": [
          -0.313,
          0.819,
          0.481
        ],
        "z_axis": [
          -0.638,
          0.193,
          -0.745
        ],
        "quaternion": [
          -0.305,
          -0.236,
          0.904,
          0.186
        ]
      },
      "sse": {
        "sse": null
      },
      "binding_protein": null,
      "binding_ion": null,
      "binding_small-molecule": null,
      "TotalAsa": 161.90392978527763,
      "PolarAsa": 117.36828825928724,
      "ApolarAsa": 44.53564152599038,
      "id": "2ku0.A.17"
    },
    {
      "index": 18,
      "index_chain": 18,
      "chain_name": "A",
      "nt_resnum": 18,
      "nt_name": "C",
      "nt_code": "C",
      "nt_id": "A.C18",
      "nt_type": "RNA",
      "dbn": "(",
      "summary": "anti,~C3'-endo,BI,canonical,non-pair-contact,helix,stem-end,coaxial-stack,internal-loop",
      "alpha": -79.483,
      "beta": 171.418,
      "gamma": 59.514,
      "delta": 77.534,
      "epsilon": -159.768,
      "zeta": -67.719,
      "epsilon_zeta": -92.05,
      "bb_type": "BI",
      "chi": -157.282,
      "glyco_bond": "anti",
      "C5prime_xyz": [
        -1.53,
        8.868,
        0.44
      ],
      "P_xyz": [
        1.019,
        9.517,
        0.156
      ],
      "form": "A",
      "ssZp": 4.519,
      "Dp": 4.667,
      "splay_angle": 24.043,
      "splay_distance": 3.969,
      "splay_ratio": 0.215,
      "eta": 154.991,
      "theta": -150.189,
      "eta_prime": 173.171,
      "theta_prime": -151.18,
      "eta_base": -127.352,
      "theta_base": -134.678,
      "v0": 5.761,
      "v1": -30.1,
      "v2": 40.521,
      "v3": -38.832,
      "v4": 21.325,
      "amplitude": 41.283,
      "phase_angle": 11.024,
      "puckering": "C3'-endo",
      "sugar_class": "~C3'-endo",
      "bin": "33p",
      "cluster": "1a",
      "suiteness": 0.756,
      "filter_rmsd": 0.057,
      "frame": {
        "rmsd": 0.014,
        "origin": [
          -8.225,
          7.262,
          -12.283
        ],
        "x_axis": [
          -0.664,
          0.1,
          0.741
        ],
        "y_axis": [
          0.134,
          0.991,
          -0.013
        ],
        "z_axis": [
          -0.736,
          0.091,
          -0.671
        ],
        "quaternion": [
          -0.405,
          0.064,
          0.912,
          0.021
        ]
      },
      "sse": {
        "sse": null
      },
      "binding_protein": null,
      "binding_ion": null,
      "binding_small-molecule": null,
      "TotalAsa": 183.04002692604894,
      "PolarAsa": 127.3057231500915,
      "ApolarAsa": 55.73430377595747,
      "id": "2ku0.A.18"
    },
    {
      "index": 19,
      "index_chain": 19,
      "chain_name": "A",
      "nt_resnum": 19,
      "nt_name": "C",
      "nt_code": "C",
      "nt_id": "A.C19",
      "nt_type": "RNA",
      "dbn": "(",
      "summary": "anti,~C3'-endo,BI,canonical,non-pair-contact,helix,stem-end,coaxial-stack,hairpin-loop",
      "alpha": -77.329,
      "beta": 176.088,
      "gamma": 65.418,
      "delta": 80.06,
      "epsilon": -154.688,
      "zeta": -52.873,
      "epsilon_zeta": -101.815,
      "bb_type": "BI",
      "chi": -163.278,
      "glyco_bond": "anti",
      "C5prime_xyz": [
        -1.741,
        8.841,
        0.818
      ],
      "P_xyz": [
        0.769,
        9.653,
        1.015
      ],
      "form": ".",
      "ssZp": 4.493,
      "Dp": 4.652,
      "splay_angle": 31.471,
      "splay_distance": 4.939,
      "splay_ratio": 0.273,
      "eta": 168.345,
      "theta": -129.532,
      "eta_prime": 179.632,
      "theta_prime": -127.966,
      "eta_base": -149.83,
      "theta_base": -77.367,
      "v0": 4.294,
      "v1": -28.5,
      "v2": 39.384,
      "v3": -38.391,
      "v4": 22.024,
      "amplitude": 40.393,
      "phase_angle": 12.837,
      "puckering": "C3'-endo",
      "sugar_class": "~C3'-endo",
      "bin": "33p",
      "cluster": "1a",
      "suiteness": 0.651,
      "filter_rmsd": 0.056,
      "frame": {
        "rmsd": 0.018,
        "origin": [
          -11.503,
          5.673,
          -13.858
        ],
        "x_axis": [
          -0.3,
          0.488,
          0.82
        ],
        "y_axis": [
          0.378,
          0.85,
          -0.367
        ],
        "z_axis": [
          -0.876,
          0.199,
          -0.439
        ],
        "quaternion": [
          0.527,
          -0.269,
          -0.805,
          0.052
        ]
      },
      "sse": {
        "sse": "hairpin_1"
      },
      "binding_protein": null,
      "binding_ion": null,
      "binding_small-molecule": null,
      "TotalAsa": 162.06448198491543,
      "PolarAsa": 122.14940041047919,
      "ApolarAsa": 39.915081574436236,
      "id": "2ku0.A.19"
    },
    {
      "index": 2,
      "index_chain": 2,
      "chain_name": "A",
      "nt_resnum": 2,
      "nt_name": "G",
      "nt_code": "G",
      "nt_id": "A.G2",
      "nt_type": "RNA",
      "dbn": "(",
      "summary": "anti,~C3'-endo,BI,canonical,non-pair-contact,helix,stem,coaxial-stack",
      "alpha": -74.073,
      "beta": 168.181,
      "gamma": 70.362,
      "delta": 79.097,
      "epsilon": -160.562,
      "zeta": -65.369,
      "epsilon_zeta": -95.193,
      "bb_type": "BI",
      "chi": -166.39,
      "glyco_bond": "anti",
      "C5prime_xyz": [
        -1.486,
        8.702,
        1.04
      ],
      "P_xyz": [
        1.076,
        9.305,
        0.777
      ],
      "form": "A",
      "ssZp": 4.65,
      "Dp": 4.67,
      "splay_angle": 23.497,
      "splay_distance": 3.702,
      "splay_ratio": 0.208,
      "eta": 171.136,
      "theta": -147.33,
      "eta_prime": -171.018,
      "theta_prime": -148.244,
      "eta_base": -126.982,
      "theta_base": -124.842,
      "v0": 10.224,
      "v1": -32.929,
      "v2": 41.077,
      "v3": -36.611,
      "v4": 17.106,
      "amplitude": 41.22,
      "phase_angle": 4.777,
      "puckering": "C3'-endo",
      "sugar_class": "~C3'-endo",
      "bin": "33p",
      "cluster": "1a",
      "suiteness": 0.478,
      "filter_rmsd": 0.028,
      "frame": {
        "rmsd": 0.028,
        "origin": [
          10.599,
          -7.247,
          17.117
        ],
        "x_axis": [
          -0.944,
          0.272,
          0.186
        ],
        "y_axis": [
          0.308,
          0.928,
          0.208
        ],
        "z_axis": [
          -0.116,
          0.254,
          -0.96
        ],
        "quaternion": [
          -0.077,
          0.148,
          0.979,
          0.118
        ]
      },
      "sse": {
        "sse": null
      },
      "binding_protein": null,
      "binding_ion": null,
      "binding_small-molecule": null,
      "TotalAsa": 186.59440737236145,
      "PolarAsa": 150.19019124336577,
      "ApolarAsa": 36.404216128995685,
      "id": "2ku0.A.2"
    },
    {
      "index": 20,
      "index_chain": 20,
      "chain_name": "A",
      "nt_resnum": 20,
      "nt_name": "U",
      "nt_code": "U",
      "nt_id": "A.U20",
      "nt_type": "RNA",
      "dbn": ".",
      "summary": "anti,~C3'-endo,BI,non-canonical,non-pair-contact,helix-end,hairpin-loop,splayed-apart",
      "alpha": -78.368,
      "beta": 176.106,
      "gamma": 59.248,
      "delta": 75.879,
      "epsilon": -172.809,
      "zeta": -95.541,
      "epsilon_zeta": -77.268,
      "bb_type": "BI",
      "chi": -163.921,
      "glyco_bond": "anti",
      "C5prime_xyz": [
        -1.463,
        8.699,
        0.953
      ],
      "P_xyz": [
        1.142,
        9.195,
        1.181
      ],
      "form": ".",
      "ssZp": 4.588,
      "Dp": 4.598,
      "splay_angle": 125.708,
      "splay_distance": 15.482,
      "splay_ratio": 0.89,
      "eta": 160.392,
      "theta": 176.514,
      "eta_prime": -173.905,
      "theta_prime": 142.934,
      "eta_base": -98.204,
      "theta_base": 95.489,
      "v0": 9.522,
      "v1": -31.504,
      "v2": 39.584,
      "v3": -35.814,
      "v4": 16.913,
      "amplitude": 39.766,
      "phase_angle": 5.486,
      "puckering": "C3'-endo",
      "sugar_class": "~C3'-endo",
      "bin": "33p",
      "cluster": "1a",
      "suiteness": 0.642,
      "filter_rmsd": 0.099,
      "frame": {
        "rmsd": 0.026,
        "origin": [
          -15.192,
          8.667,
          -12.505
        ],
        "x_axis": [
          0.213,
          0.96,
          0.179
        ],
        "y_axis": [
          0.443,
          0.069,
          -0.894
        ],
        "z_axis": [
          -0.871,
          0.27,
          -0.411
        ],
        "quaternion": [
          -0.466,
          0.624,
          0.563,
          -0.277
        ]
      },
      "sse": {
        "sse": "hairpin_1"
      },
      "binding_protein": null,
      "binding_ion": null,
      "binding_small-molecule": null,
      "TotalAsa": 155.5281293315765,
      "PolarAsa": 122.42947165875304,
      "ApolarAsa": 33.09865767282344,
      "id": "2ku0.A.20"
    },
    {
      "index": 21,
      "index_chain": 21,
      "chain_name": "A",
      "nt_resnum": 21,
      "nt_name": "U",
      "nt_code": "U",
      "nt_id": "A.U21",
      "nt_type": "RNA",
      "dbn": ".",
      "summary": "turn,anti,~C2'-endo,non-stack,non-pair-contact,hairpin-loop,phosphate,splayed-apart",
      "alpha": -164.945,
      "beta": 159.959,
      "gamma": 56.718,
      "delta": 144.553,
      "epsilon": -85.372,
      "zeta": -70.402,
      "epsilon_zeta": -14.97,
      "bb_type": "--",
      "chi": -100.177,
      "glyco_bond": "anti",
      "C5prime_xyz": [
        -2.318,
        8.096,
        -1.852
      ],
      "P_xyz": [
        0.275,
        8.521,
        -2.214
      ],
      "form": ".",
      "ssZp": 0.795,
      "Dp": 0.89,
      "splay_angle": 96.227,
      "splay_distance": 14.798,
      "splay_ratio": 0.745,
      "eta": 86.544,
      "theta": -38.66,
      "eta_prime": 95.743,
      "theta_prime": -55.255,
      "eta_base": 71.326,
      "theta_base": -25.669,
      "v0": -10.637,
      "v1": 26.533,
      "v2": -30.532,
      "v3": 26.004,
      "v4": -9.995,
      "amplitude": 30.534,
      "phase_angle": 179.285,
      "puckering": "C2'-endo",
      "sugar_class": "~C2'-endo",
      "bin": "32p",
      "cluster": "1z",
      "suiteness": 0.64,
      "filter_rmsd": 0.097,
      "frame": {
        "rmsd": 0.025,
        "origin": [
          -14.605,
          0.175,
          -25.437
        ],
        "x_axis": [
          0.89,
          0.433,
          -0.146
        ],
        "y_axis": [
          -0.201,
          0.659,
          0.725
        ],
        "z_axis": [
          0.41,
          -0.616,
          0.673
        ],
        "quaternion": [
          0.897,
          0.374,
          0.155,
          0.177
        ]
      },
      "sse": {
        "sse": "hairpin_1"
      },
      "binding_protein": null,
      "binding_ion": null,
      "binding_small-molecule": null,
      "TotalAsa": 272.63499428639545,
      "PolarAsa": 201.066437564844,
      "ApolarAsa": 71.56855672155147,
      "id": "2ku0.A.21"
    },
    {
      "index": 22,
      "index_chain": 22,
      "chain_name": "A",
      "nt_resnum": 22,
      "nt_name": "C",
      "nt_code": "C",
      "nt_id": "A.C22",
      "nt_type": "RNA",
      "dbn": ".",
      "summary": "turn,anti,~C2'-endo,non-pair-contact,hairpin-loop,cap-donor,splayed-apart",
      "alpha": -70.529,
      "beta": 179.069,
      "gamma": 59.676,
      "delta": 146.462,
      "epsilon": -88.175,
      "zeta": 75.976,
      "epsilon_zeta": 195.85,
      "bb_type": "--",
      "chi": -134.858,
      "glyco_bond": "anti",
      "C5prime_xyz": [
        -1.824,
        8.813,
        -0.335
      ],
      "P_xyz": [
        0.543,
        9.442,
        0.692
      ],
      "form": "Z",
      "ssZp": 0.989,
      "Dp": 0.865,
      "splay_angle": 36.905,
      "splay_distance": 6.087,
      "splay_ratio": 0.339,
      "eta": 167.767,
      "theta": 123.114,
      "eta_prime": -138.467,
      "theta_prime": 76.02,
      "eta_base": -131.718,
      "theta_base": 73.118,
      "v0": -23.501,
      "v1": 37.48,
      "v2": -36.013,
      "v3": 23.796,
      "v4": -0.539,
      "amplitude": 37.93,
      "phase_angle": 161.704,
      "puckering": "C2'-endo",
      "sugar_class": "~C2'-endo",
      "bin": "22p",
      "cluster": "2[",
      "suiteness": 0.54,
      "filter_rmsd": 0.056,
      "frame": {
        "rmsd": 0.014,
        "origin": [
          -16.231,
          10.19,
          -14.665
        ],
        "x_axis": [
          0.017,
          0.323,
          -0.946
        ],
        "y_axis": [
          -0.463,
          -0.836,
          -0.294
        ],
        "z_axis": [
          -0.886,
          0.443,
          0.136
        ],
        "quaternion": [
          0.281,
          -0.655,
          0.053,
          0.699
        ]
      },
      "sse": {
        "sse": "hairpin_1"
      },
      "binding_protein": null,
      "binding_ion": null,
      "binding_small-molecule": null,
      "TotalAsa": 210.6638608303009,
      "PolarAsa": 171.61272696059314,
      "ApolarAsa": 39.051133869707776,
      "id": "2ku0.A.22"
    },
    {
      "index": 23,
      "index_chain": 23,
      "chain_name": "A",
      "nt_resnum": 23,
      "nt_name": "G",
      "nt_code": "G",
      "nt_id": "A.G23",
      "nt_type": "RNA",
      "dbn": ".",
      "summary": "syn,~C3'-endo,BI,non-canonical,non-pair-contact,helix-end,hairpin-loop,cap-acceptor",
      "alpha": 70.592,
      "beta": -174.534,
      "gamma": 176.377,
      "delta": 87.469,
      "epsilon": -159.727,
      "zeta": -43.999,
      "epsilon_zeta": -115.728,
      "bb_type": "BI",
      "chi": 45.522,
      "glyco_bond": "syn",
      "C5prime_xyz": [
        -5.547,
        3.805,
        0.868
      ],
      "P_xyz": [
        -6.493,
        2.955,
        3.189
      ],
      "form": ".",
      "ssZp": -3.676,
      "Dp": 4.501,
      "splay_angle": 23.269,
      "splay_distance": 3.635,
      "splay_ratio": 0.213,
      "eta": 122.881,
      "theta": -147.173,
      "eta_prime": 111.023,
      "theta_prime": -138.058,
      "eta_base": 137.679,
      "theta_base": -149.144,
      "v0": 0.138,
      "v1": -22.017,
      "v2": 32.839,
      "v3": -33.733,
      "v4": 21.882,
      "amplitude": 34.591,
      "phase_angle": 18.318,
      "puckering": "C3'-endo",
      "sugar_class": "~C3'-endo",
      "bin": "23t",
      "cluster": "6n",
      "suiteness": 0.886,
      "filter_rmsd": 0.032,
      "frame": {
        "rmsd": 0.032,
        "origin": [
          -14.594,
          4.34,
          -15.055
        ],
        "x_axis": [
          0.466,
          0.049,
          -0.883
        ],
        "y_axis": [
          -0.191,
          -0.969,
          -0.155
        ],
        "z_axis": [
          -0.864,
          0.241,
          -0.443
        ],
        "quaternion": [
          -0.117,
          0.848,
          -0.042,
          -0.515
        ]
      },
      "sse": {
        "sse": "hairpin_1"
      },
      "binding_protein": null,
      "binding_ion": null,
      "binding_small-molecule": null,
      "TotalAsa": 227.4427186022143,
      "PolarAsa": 164.52801911106633,
      "ApolarAsa": 62.91469949114796,
      "id": "2ku0.A.23"
    },
    {
      "index": 24,
      "index_chain": 24,
      "chain_name": "A",
      "nt_resnum": 24,
      "nt_name": "G",
      "nt_code": "G",
      "nt_id": "A.G24",
      "nt_type": "RNA",
      "dbn": ")",
      "summary": "anti,~C3'-endo,BI,canonical,non-pair-contact,helix,stem-end,coaxial-stack,hairpin-loop",
      "alpha": -80.693,
      "beta": 169.24,
      "gamma": 68.255,
      "delta": 80.973,
      "epsilon": -163.975,
      "zeta": -63.366,
      "epsilon_zeta": -100.609,
      "bb_type": "BI",
      "chi": -160.994,
      "glyco_bond": "anti",
      "C5prime_xyz": [
        -1.084,
        8.717,
        0.689
      ],
      "P_xyz": [
        1.526,
        9.0,
        0.133
      ],
      "form": "A",
      "ssZp": 4.624,
      "Dp": 4.647,
      "splay_angle": 25.062,
      "splay_distance": 3.925,
      "splay_ratio": 0.221,
      "eta": 161.186,
      "theta": -145.488,
      "eta_prime": -162.433,
      "theta_prime": -148.549,
      "eta_base": -143.497,
      "theta_base": -131.05,
      "v0": 15.818,
      "v1": -37.152,
      "v2": 42.664,
      "v3": -34.202,
      "v4": 12.137,
      "amplitude": 42.719,
      "phase_angle": 357.109,
      "puckering": "C2'-exo",
      "sugar_class": "~C3'-endo",
      "bin": "33p",
      "cluster": "1a",
      "suiteness": 0.31,
      "filter_rmsd": 0.034,
      "frame": {
        "rmsd": 0.034,
        "origin": [
          -11.232,
          5.55,
          -14.384
        ],
        "x_axis": [
          -0.455,
          0.533,
          0.713
        ],
        "y_axis": [
          -0.329,
          -0.845,
          0.422
        ],
        "z_axis": [
          0.827,
          -0.043,
          0.56
        ],
        "quaternion": [
          0.255,
          0.456,
          0.112,
          0.845
        ]
      },
      "sse": {
        "sse": "hairpin_1"
      },
      "binding_protein": null,
      "binding_ion": null,
      "binding_small-molecule": null,
      "TotalAsa": 194.8761730355964,
      "PolarAsa": 157.27425771120153,
      "ApolarAsa": 37.601915324394845,
      "id": "2ku0.A.24"
    },
    {
      "index": 25,
      "index_chain": 25,
      "chain_name": "A",
      "nt_resnum": 25,
      "nt_name": "G",
      "nt_code": "G",
      "nt_id": "A.G25",
      "nt_type": "RNA",
      "dbn": ")",
      "summary": "anti,~C3'-endo,BI,canonical,non-pair-contact,helix,stem-end,coaxial-stack,internal-loop",
      "alpha": -74.378,
      "beta": 172.64,
      "gamma": 67.36,
      "delta": 81.856,
      "epsilon": -154.492,
      "zeta": -58.678,
      "epsilon_zeta": -95.814,
      "bb_type": "BI",
      "chi": -167.355,
      "glyco_bond": "anti",
      "C5prime_xyz": [
        -1.441,
        8.601,
        1.276
      ],
      "P_xyz": [
        1.16,
        9.094,
        1.306
      ],
      "form": ".",
      "ssZp": 4.748,
      "Dp": 4.691,
      "splay_angle": 27.426,
      "splay_distance": 4.258,
      "splay_ratio": 0.24,
      "eta": 173.261,
      "theta": -132.886,
      "eta_prime": -171.703,
      "theta_prime": -131.238,
      "eta_base": -134.849,
      "theta_base": -88.695,
      "v0": 11.33,
      "v1": -33.065,
      "v2": 40.145,
      "v3": -35.077,
      "v4": 15.413,
      "amplitude": 40.194,
      "phase_angle": 2.824,
      "puckering": "C3'-endo",
      "sugar_class": "~C3'-endo",
      "bin": "33p",
      "cluster": "1a",
      "suiteness": 0.579,
      "filter_rmsd": 0.032,
      "frame": {
        "rmsd": 0.032,
        "origin": [
          -8.194,
          7.383,
          -12.704
        ],
        "x_axis": [
          -0.576,
          0.07,
          0.814
        ],
        "y_axis": [
          -0.077,
          -0.997,
          0.031
        ],
        "z_axis": [
          0.814,
          -0.045,
          0.58
        ],
        "quaternion": [
          0.041,
          0.458,
          -0.004,
          0.888
        ]
      },
      "sse": {
        "sse": null
      },
      "binding_protein": null,
      "binding_ion": null,
      "binding_small-molecule": null,
      "TotalAsa": 179.2503453127281,
      "PolarAsa": 143.38986388699476,
      "ApolarAsa": 35.86048142573335,
      "id": "2ku0.A.25"
    },
    {
      "index": 26,
      "index_chain": 26,
      "chain_name": "A",
      "nt_resnum": 26,
      "nt_name": "U",
      "nt_code": "U",
      "nt_id": "A.U26",
      "nt_type": "RNA",
      "dbn": ".",
      "summary": "anti,~C3'-endo,BI,non-canonical,non-pair-contact,helix,internal-loop",
      "alpha": -72.059,
      "beta": 172.22,
      "gamma": 63.792,
      "delta": 82.878,
      "epsilon": -152.874,
      "zeta": -71.513,
      "epsilon_zeta": -81.362,
      "bb_type": "BI",
      "chi": -164.373,
      "glyco_bond": "anti",
      "C5prime_xyz": [
        -1.482,
        8.695,
        0.838
      ],
      "P_xyz": [
        1.122,
        9.065,
        1.193
      ],
      "form": "A",
      "ssZp": 4.299,
      "Dp": 4.625,
      "splay_angle": 21.225,
      "splay_distance": 3.414,
      "splay_ratio": 0.185,
      "eta": 172.881,
      "theta": -144.222,
      "eta_prime": -165.055,
      "theta_prime": -144.421,
      "eta_base": -101.93,
      "theta_base": -123.467,
      "v0": 11.614,
      "v1": -31.42,
      "v2": 37.33,
      "v3": -31.864,
      "v4": 13.216,
      "amplitude": 37.336,
      "phase_angle": 1.02,
      "puckering": "C3'-endo",
      "sugar_class": "~C3'-endo",
      "bin": "33p",
      "cluster": "1a",
      "suiteness": 0.733,
      "filter_rmsd": 0.1,
      "frame": {
        "rmsd": 0.023,
        "origin": [
          -7.253,
          7.914,
          -8.586
        ],
        "x_axis": [
          -0.474,
          -0.698,
          0.537
        ],
        "y_axis": [
          0.422,
          -0.715,
          -0.557
        ],
        "z_axis": [
          0.773,
          -0.037,
          0.633
        ],
        "quaternion": [
          -0.333,
          0.39,
          -0.177,
          0.84
        ]
      },
      "sse": {
        "sse": null
      },
      "binding_protein": null,
      "binding_ion": null,
      "binding_small-molecule": null,
      "TotalAsa": 167.47380818858204,
      "PolarAsa": 127.43047289819933,
      "ApolarAsa": 40.04333529038274,
      "id": "2ku0.A.26"
    },
    {
      "index": 27,
      "index_chain": 27,
      "chain_name": "A",
      "nt_resnum": 27,
      "nt_name": "C",
      "nt_code": "C",
      "nt_id": "A.C27",
      "nt_type": "RNA",
      "dbn": ".",
      "summary": "anti,~C3'-endo,BI,non-canonical,non-pair-contact,helix,internal-loop",
      "alpha": -76.058,
      "beta": 176.007,
      "gamma": 57.656,
      "delta": 80.52,
      "epsilon": -154.672,
      "zeta": -70.805,
      "epsilon_zeta": -83.867,
      "bb_type": "BI",
      "chi": -153.455,
      "glyco_bond": "anti",
      "C5prime_xyz": [
        -1.386,
        8.846,
        0.145
      ],
      "P_xyz": [
        1.199,
        9.297,
        0.508
      ],
      "form": "A",
      "ssZp": 4.024,
      "Dp": 4.621,
      "splay_angle": 19.082,
      "splay_distance": 3.121,
      "splay_ratio": 0.166,
      "eta": 166.052,
      "theta": -146.906,
      "eta_prime": 178.635,
      "theta_prime": -138.545,
      "eta_base": -147.172,
      "theta_base": -128.709,
      "v0": 7.124,
      "v1": -28.421,
      "v2": 36.873,
      "v3": -34.296,
      "v4": 17.518,
      "amplitude": 37.25,
      "phase_angle": 8.159,
      "puckering": "C3'-endo",
      "sugar_class": "~C3'-endo",
      "bin": "33p",
      "cluster": "1a",
      "suiteness": 0.869,
      "filter_rmsd": 0.059,
      "frame": {
        "rmsd": 0.012,
        "origin": [
          -5.523,
          8.633,
          -5.732
        ],
        "x_axis": [
          -0.281,
          -0.959,
          0.044
        ],
        "y_axis": [
          0.68,
          -0.231,
          -0.696
        ],
        "z_axis": [
          0.678,
          -0.165,
          0.717
        ],
        "quaternion": [
          0.549,
          -0.242,
          0.289,
          -0.746
        ]
      },
      "sse": {
        "sse": null
      },
      "binding_protein": null,
      "binding_ion": null,
      "binding_small-molecule": null,
      "TotalAsa": 162.33885051472186,
      "PolarAsa": 117.20371302923323,
      "ApolarAsa": 45.13513748548862,
      "id": "2ku0.A.27"
    },
    {
      "index": 28,
      "index_chain": 28,
      "chain_name": "A",
      "nt_resnum": 28,
      "nt_name": "G",
      "nt_code": "G",
      "nt_id": "A.G28",
      "nt_type": "RNA",
      "dbn": ")",
      "summary": "anti,~C2'-endo,isolated-canonical,non-pair-contact,helix,bulge,internal-loop,splayed-apart",
      "alpha": -71.612,
      "beta": 178.667,
      "gamma": 66.318,
      "delta": 147.302,
      "epsilon": -82.775,
      "zeta": -101.115,
      "epsilon_zeta": 18.34,
      "bb_type": "--",
      "chi": -118.917,
      "glyco_bond": "anti",
      "C5prime_xyz": [
        -2.296,
        8.619,
        -0.945
      ],
      "P_xyz": [
        0.185,
        9.468,
        -0.641
      ],
      "form": ".",
      "ssZp": 0.993,
      "Dp": 0.603,
      "splay_angle": 151.785,
      "splay_distance": 18.902,
      "splay_ratio": 0.97,
      "eta": -160.321,
      "theta": -43.917,
      "eta_prime": -135.709,
      "theta_prime": -106.248,
      "eta_base": -126.768,
      "theta_base": -132.224,
      "v0": -20.69,
      "v1": 37.161,
      "v2": -37.785,
      "v3": 27.774,
      "v4": -4.871,
      "amplitude": 38.663,
      "phase_angle": 167.77,
      "puckering": "C2'-endo",
      "sugar_class": "~C2'-endo",
      "bin": "32p",
      "cluster": "1b",
      "suiteness": 0.766,
      "filter_rmsd": 0.022,
      "frame": {
        "rmsd": 0.022,
        "origin": [
          -4.3,
          8.277,
          -2.884
        ],
        "x_axis": [
          -0.189,
          -0.871,
          -0.452
        ],
        "y_axis": [
          0.848,
          0.088,
          -0.523
        ],
        "z_axis": [
          0.496,
          -0.483,
          0.722
        ],
        "quaternion": [
          0.636,
          -0.016,
          0.373,
          -0.675
        ]
      },
      "sse": {
        "sse": "bulge_1"
      },
      "binding_protein": null,
      "binding_ion": null,
      "binding_small-molecule": null,
      "TotalAsa": 171.16193204454754,
      "PolarAsa": 123.96469983229284,
      "ApolarAsa": 47.197232212254704,
      "id": "2ku0.A.28"
    },
    {
      "index": 29,
      "index_chain": 29,
      "chain_name": "A",
      "nt_resnum": 29,
      "nt_name": "U",
      "nt_code": "U",
      "nt_id": "A.U29",
      "nt_type": "RNA",
      "dbn": ".",
      "summary": "turn,anti,~C2'-endo,non-stack,bulge,splayed-apart",
      "alpha": 64.304,
      "beta": -175.883,
      "gamma": 53.995,
      "delta": 140.153,
      "epsilon": -90.647,
      "zeta": -73.758,
      "epsilon_zeta": -16.889,
      "bb_type": "--",
      "chi": -78.828,
      "glyco_bond": "anti",
      "C5prime_xyz": [
        -3.342,
        7.346,
        -2.695
      ],
      "P_xyz": [
        -1.239,
        8.671,
        -3.59
      ],
      "form": ".",
      "ssZp": 0.566,
      "Dp": 0.81,
      "splay_angle": 141.228,
      "splay_distance": 20.043,
      "splay_ratio": 0.943,
      "eta": -60.464,
      "theta": -26.649,
      "eta_prime": 7.024,
      "theta_prime": -50.448,
      "eta_base": 32.254,
      "theta_base": -43.107,
      "v0": -23.526,
      "v1": 35.187,
      "v2": -32.299,
      "v3": 19.926,
      "v4": 2.049,
      "amplitude": 34.918,
      "phase_angle": 157.667,
      "puckering": "C2'-endo",
      "sugar_class": "~C2'-endo",
      "bin": "22p",
      "cluster": "4p",
      "suiteness": 0.046,
      "filter_rmsd": 0.098,
      "frame": {
        "rmsd": 0.027,
        "origin": [
          11.742,
          17.745,
          0.327
        ],
        "x_axis": [
          -0.296,
          0.954,
          -0.053
        ],
        "y_axis": [
          -0.954,
          -0.298,
          -0.036
        ],
        "z_axis": [
          -0.05,
          0.04,
          0.998
        ],
        "quaternion": [
          0.592,
          -0.032,
          0.001,
          0.805
        ]
      },
      "sse": {
        "sse": "bulge_1"
      },
      "binding_protein": null,
      "binding_ion": "ISI",
      "binding_small-molecule": null,
      "TotalAsa": 335.0777844863218,
      "PolarAsa": 233.47386642361474,
      "ApolarAsa": 101.60391806270701,
      "id": "2ku0.A.29"
    },
    {
      "index": 3,
      "index_chain": 3,
      "chain_name": "A",
      "nt_resnum": 3,
      "nt_name": "A",
      "nt_code": "A",
      "nt_id": "A.A3",
      "nt_type": "RNA",
      "dbn": "(",
      "summary": "anti,~C3'-endo,BI,canonical,non-pair-contact,helix,stem,coaxial-stack",
      "alpha": -73.898,
      "beta": 174.822,
      "gamma": 64.917,
      "delta": 79.465,
      "epsilon": -169.252,
      "zeta": -68.736,
      "epsilon_zeta": -100.516,
      "bb_type": "BI",
      "chi": -162.833,
      "glyco_bond": "anti",
      "C5prime_xyz": [
        -1.625,
        8.639,
        0.794
      ],
      "P_xyz": [
        0.959,
        9.189,
        0.932
      ],
      "form": "A",
      "ssZp": 4.433,
      "Dp": 4.603,
      "splay_angle": 22.154,
      "splay_distance": 3.516,
      "splay_ratio": 0.196,
      "eta": 170.951,
      "theta": -154.883,
      "eta_prime": -172.994,
      "theta_prime": -154.985,
      "eta_base": -131.718,
      "theta_base": -138.99,
      "v0": 9.827,
      "v1": -31.575,
      "v2": 38.938,
      "v3": -34.873,
      "v4": 16.247,
      "amplitude": 39.066,
      "phase_angle": 4.636,
      "puckering": "C3'-endo",
      "sugar_class": "~C3'-endo",
      "bin": "33p",
      "cluster": "1a",
      "suiteness": 0.695,
      "filter_rmsd": 0.053,
      "frame": {
        "rmsd": 0.031,
        "origin": [
          8.772,
          -7.831,
          13.95
        ],
        "x_axis": [
          -0.638,
          0.721,
          0.271
        ],
        "y_axis": [
          0.752,
          0.659,
          0.014
        ],
        "z_axis": [
          -0.169,
          0.213,
          -0.962
        ],
        "quaternion": [
          -0.122,
          0.408,
          0.903,
          0.063
        ]
      },
      "sse": {
        "sse": null
      },
      "binding_protein": null,
      "binding_ion": "ISI",
      "binding_small-molecule": null,
      "TotalAsa": 181.6827167231249,
      "PolarAsa": 142.33770031178008,
      "ApolarAsa": 39.34501641134485,
      "id": "2ku0.A.3"
    },
    {
      "index": 30,
      "index_chain": 30,
      "chain_name": "A",
      "nt_resnum": 30,
      "nt_name": "G",
      "nt_code": "G",
      "nt_id": "A.G30",
      "nt_type": "RNA",
      "dbn": ")",
      "summary": "anti,~C3'-endo,BI,canonical,non-pair-contact,helix,stem-end,coaxial-stack,bulge,splayed-apart",
      "alpha": 96.421,
      "beta": -151.417,
      "gamma": -61.568,
      "delta": 92.426,
      "epsilon": -145.599,
      "zeta": -60.526,
      "epsilon_zeta": -85.072,
      "bb_type": "BI",
      "chi": -174.115,
      "glyco_bond": "anti",
      "C5prime_xyz": [
        -1.273,
        8.343,
        1.5
      ],
      "P_xyz": [
        -0.865,
        10.511,
        2.99
      ],
      "form": "A",
      "ssZp": 4.565,
      "Dp": 4.662,
      "splay_angle": 23.745,
      "splay_distance": 3.822,
      "splay_ratio": 0.21,
      "eta": -142.812,
      "theta": -165.787,
      "eta_prime": -107.363,
      "theta_prime": -150.813,
      "eta_base": -84.678,
      "theta_base": -93.879,
      "v0": 14.382,
      "v1": -30.418,
      "v2": 33.259,
      "v3": -26.102,
      "v4": 7.76,
      "amplitude": 33.449,
      "phase_angle": 353.901,
      "puckering": "C2'-exo",
      "sugar_class": "~C3'-endo",
      "bin": "23m",
      "cluster": "!!",
      "suiteness": 0.0,
      "filter_rmsd": 0.025,
      "frame": {
        "rmsd": 0.025,
        "origin": [
          -5.008,
          6.749,
          0.827
        ],
        "x_axis": [
          0.122,
          -0.758,
          -0.641
        ],
        "y_axis": [
          0.9,
          0.356,
          -0.251
        ],
        "z_axis": [
          0.419,
          -0.546,
          0.726
        ],
        "quaternion": [
          0.742,
          0.099,
          0.357,
          -0.558
        ]
      },
      "sse": {
        "sse": "bulge_1"
      },
      "binding_protein": null,
      "binding_ion": "ISI",
      "binding_small-molecule": null,
      "TotalAsa": 170.07363873847868,
      "PolarAsa": 145.5925370912703,
      "ApolarAsa": 24.481101647208366,
      "id": "2ku0.A.30"
    },
    {
      "index": 31,
      "index_chain": 31,
      "chain_name": "A",
      "nt_resnum": 31,
      "nt_name": "C",
      "nt_code": "C",
      "nt_id": "A.C31",
      "nt_type": "RNA",
      "dbn": ")",
      "summary": "anti,~C3'-endo,BI,canonical,non-pair-contact,helix,stem,coaxial-stack",
      "alpha": -77.021,
      "beta": 175.63,
      "gamma": 57.73,
      "delta": 79.138,
      "epsilon": -156.78,
      "zeta": -63.888,
      "epsilon_zeta": -92.892,
      "bb_type": "BI",
      "chi": -156.56,
      "glyco_bond": "anti",
      "C5prime_xyz": [
        -1.522,
        8.862,
        0.295
      ],
      "P_xyz": [
        1.069,
        9.422,
        0.404
      ],
      "form": "A",
      "ssZp": 4.303,
      "Dp": 4.652,
      "splay_angle": 21.967,
      "splay_distance": 3.58,
      "splay_ratio": 0.193,
      "eta": 158.156,
      "theta": -142.437,
      "eta_prime": -178.041,
      "theta_prime": -142.016,
      "eta_base": -114.641,
      "theta_base": -115.416,
      "v0": 5.697,
      "v1": -28.904,
      "v2": 38.869,
      "v3": -37.214,
      "v4": 20.25,
      "amplitude": 39.572,
      "phase_angle": 10.82,
      "puckering": "C3'-endo",
      "sugar_class": "~C3'-endo",
      "bin": "33p",
      "cluster": "1a",
      "suiteness": 0.601,
      "filter_rmsd": 0.058,
      "frame": {
        "rmsd": 0.014,
        "origin": [
          -4.154,
          3.156,
          1.812
        ],
        "x_axis": [
          0.763,
          -0.306,
          -0.57
        ],
        "y_axis": [
          0.572,
          0.73,
          0.374
        ],
        "z_axis": [
          0.302,
          -0.611,
          0.732
        ],
        "quaternion": [
          0.898,
          0.274,
          0.243,
          -0.244
        ]
      },
      "sse": {
        "sse": null
      },
      "binding_protein": null,
      "binding_ion": "ISI",
      "binding_small-molecule": null,
      "TotalAsa": 170.30440421374132,
      "PolarAsa": 122.41514104520667,
      "ApolarAsa": 47.88926316853466,
      "id": "2ku0.A.31"
    },
    {
      "index": 32,
      "index_chain": 32,
      "chain_name": "A",
      "nt_resnum": 32,
      "nt_name": "A",
      "nt_code": "A",
      "nt_id": "A.A32",
      "nt_type": "RNA",
      "dbn": ")",
      "summary": "anti,~C3'-endo,BI,canonical,non-pair-contact,helix,stem,coaxial-stack",
      "alpha": -76.452,
      "beta": 176.674,
      "gamma": 62.372,
      "delta": 80.062,
      "epsilon": -160.01,
      "zeta": -59.668,
      "epsilon_zeta": -100.342,
      "bb_type": "BI",
      "chi": -154.162,
      "glyco_bond": "anti",
      "C5prime_xyz": [
        -1.717,
        8.772,
        0.114
      ],
      "P_xyz": [
        0.812,
        9.529,
        0.223
      ],
      "form": ".",
      "ssZp": 4.101,
      "Dp": 4.609,
      "splay_angle": 21.098,
      "splay_distance": 3.906,
      "splay_ratio": 0.2,
      "eta": 166.193,
      "theta": -140.189,
      "eta_prime": -178.378,
      "theta_prime": -141.33,
      "eta_base": -136.605,
      "theta_base": -131.722,
      "v0": 5.652,
      "v1": -28.782,
      "v2": 38.437,
      "v3": -36.762,
      "v4": 20.082,
      "amplitude": 39.121,
      "phase_angle": 10.727,
      "puckering": "C3'-endo",
      "sugar_class": "~C3'-endo",
      "bin": "33p",
      "cluster": "1a",
      "suiteness": 0.761,
      "filter_rmsd": 0.054,
      "frame": {
        "rmsd": 0.034,
        "origin": [
          -2.803,
          0.005,
          2.842
        ],
        "x_axis": [
          0.858,
          0.28,
          -0.431
        ],
        "y_axis": [
          0.124,
          0.7,
          0.703
        ],
        "z_axis": [
          0.499,
          -0.657,
          0.566
        ],
        "quaternion": [
          0.884,
          0.385,
          0.263,
          0.044
        ]
      },
      "sse": {
        "sse": null
      },
      "binding_protein": null,
      "binding_ion": "ISI",
      "binding_small-molecule": "",
      "TotalAsa": 177.96877223518126,
      "PolarAsa": 137.1591065449362,
      "ApolarAsa": 40.809665690245026,
      "id": "2ku0.A.32"
    },
    {
      "index": 33,
      "index_chain": 33,
      "chain_name": "A",
      "nt_resnum": 33,
      "nt_name": "G",
      "nt_code": "G",
      "nt_id": "A.G33",
      "nt_type": "RNA",
      "dbn": ")",
      "summary": "anti,BI,canonical,non-pair-contact,helix,stem-end,coaxial-stack,bulge",
      "alpha": -72.811,
      "beta": 173.59,
      "gamma": 68.693,
      "delta": 79.372,
      "epsilon": -162.776,
      "zeta": -83.113,
      "epsilon_zeta": -79.663,
      "bb_type": "BI",
      "chi": -152.555,
      "glyco_bond": "anti",
      "C5prime_xyz": [
        -2.554,
        9.092,
        -0.06
      ],
      "P_xyz": [
        -0.35,
        10.563,
        -0.081
      ],
      "form": ".",
      "ssZp": 3.859,
      "Dp": 3.899,
      "splay_angle": 60.091,
      "splay_distance": 9.235,
      "splay_ratio": 0.503,
      "eta": 177.796,
      "theta": -166.664,
      "eta_prime": -166.982,
      "theta_prime": -157.37,
      "eta_base": -145.972,
      "theta_base": -120.046,
      "v0": -23.232,
      "v1": 0.711,
      "v2": 19.885,
      "v3": -34.437,
      "v4": 36.718,
      "amplitude": 36.745,
      "phase_angle": 57.237,
      "puckering": "C4'-exo",
      "sugar_class": "--",
      "bin": "33p",
      "cluster": "1a",
      "suiteness": 0.55,
      "filter_rmsd": 0.027,
      "frame": {
        "rmsd": 0.027,
        "origin": [
          -0.923,
          -3.4,
          2.488
        ],
        "x_axis": [
          0.764,
          0.607,
          -0.22
        ],
        "y_axis": [
          -0.132,
          0.48,
          0.867
        ],
        "z_axis": [
          0.632,
          -0.633,
          0.447
        ],
        "quaternion": [
          0.82,
          0.457,
          0.26,
          0.225
        ]
      },
      "sse": {
        "sse": "bulge_2"
      },
      "binding_protein": null,
      "binding_ion": "ISI",
      "binding_small-molecule": "",
      "TotalAsa": 216.63627915836446,
      "PolarAsa": 161.97491651369614,
      "ApolarAsa": 54.6613626446683,
      "id": "2ku0.A.33"
    },
    {
      "index": 34,
      "index_chain": 34,
      "chain_name": "A",
      "nt_resnum": 34,
      "nt_name": "C",
      "nt_code": "C",
      "nt_id": "A.C34",
      "nt_type": "RNA",
      "dbn": ")",
      "summary": "anti,~C3'-endo,BI,non-stack,canonical,non-pair-contact,helix,stem-end,coaxial-stack,bulge",
      "alpha": -73.367,
      "beta": -172.731,
      "gamma": 68.05,
      "delta": 85.576,
      "epsilon": -148.707,
      "zeta": -65.812,
      "epsilon_zeta": -82.895,
      "bb_type": "BI",
      "chi": -178.701,
      "glyco_bond": "anti",
      "C5prime_xyz": [
        -1.445,
        8.234,
        1.96
      ],
      "P_xyz": [
        1.06,
        8.077,
        2.803
      ],
      "form": "A",
      "ssZp": 4.647,
      "Dp": 4.678,
      "splay_angle": 21.673,
      "splay_distance": 3.556,
      "splay_ratio": 0.196,
      "eta": -168.628,
      "theta": -131.803,
      "eta_prime": -162.079,
      "theta_prime": -131.156,
      "eta_base": -125.253,
      "theta_base": -110.514,
      "v0": 14.027,
      "v1": -32.617,
      "v2": 37.206,
      "v3": -30.137,
      "v4": 10.426,
      "amplitude": 37.258,
      "phase_angle": 356.96,
      "puckering": "C2'-exo",
      "sugar_class": "~C3'-endo",
      "bin": "33p",
      "cluster": "1a",
      "suiteness": 0.525,
      "filter_rmsd": 0.063,
      "frame": {
        "rmsd": 0.031,
        "origin": [
          4.472,
          -7.843,
          8.524
        ],
        "x_axis": [
          0.328,
          0.937,
          0.117
        ],
        "y_axis": [
          -0.944,
          0.322,
          0.067
        ],
        "z_axis": [
          0.025,
          -0.133,
          0.991
        ],
        "quaternion": [
          0.813,
          0.061,
          -0.028,
          0.579
        ]
      },
      "sse": {
        "sse": "bulge_2"
      },
      "binding_protein": null,
      "binding_ion": "ISI",
      "binding_small-molecule": "",
      "TotalAsa": 213.96179293549778,
      "PolarAsa": 147.25100784208456,
      "ApolarAsa": 66.71078509341324,
      "id": "2ku0.A.34"
    },
    {
      "index": 35,
      "index_chain": 35,
      "chain_name": "A",
      "nt_resnum": 35,
      "nt_name": "C",
      "nt_code": "C",
      "nt_id": "A.C35",
      "nt_type": "RNA",
      "dbn": ")",
      "summary": "anti,~C3'-endo,BI,canonical,non-pair-contact,helix,stem,coaxial-stack",
      "alpha": -72.389,
      "beta": 173.237,
      "gamma": 62.798,
      "delta": 78.39,
      "epsilon": -160.087,
      "zeta": -64.678,
      "epsilon_zeta": -95.409,
      "bb_type": "BI",
      "chi": -160.753,
      "glyco_bond": "anti",
      "C5prime_xyz": [
        -1.678,
        8.854,
        0.445
      ],
      "P_xyz": [
        0.866,
        9.516,
        0.649
      ],
      "form": "A",
      "ssZp": 4.221,
      "Dp": 4.633,
      "splay_angle": 23.691,
      "splay_distance": 3.919,
      "splay_ratio": 0.21,
      "eta": 167.244,
      "theta": -146.297,
      "eta_prime": -174.16,
      "theta_prime": -146.773,
      "eta_base": -132.791,
      "theta_base": -125.149,
      "v0": 6.364,
      "v1": -30.278,
      "v2": 40.243,
      "v3": -38.118,
      "v4": 20.524,
      "amplitude": 40.873,
      "phase_angle": 10.072,
      "puckering": "C3'-endo",
      "sugar_class": "~C3'-endo",
      "bin": "33p",
      "cluster": "1a",
      "suiteness": 0.796,
      "filter_rmsd": 0.057,
      "frame": {
        "rmsd": 0.019,
        "origin": [
          6.833,
          -8.238,
          11.155
        ],
        "x_axis": [
          -0.238,
          0.925,
          0.296
        ],
        "y_axis": [
          -0.954,
          -0.281,
          0.109
        ],
        "z_axis": [
          0.184,
          -0.257,
          0.949
        ],
        "quaternion": [
          0.598,
          0.153,
          -0.047,
          0.785
        ]
      },
      "sse": {
        "sse": null
      },
      "binding_protein": null,
      "binding_ion": "ISI",
      "binding_small-molecule": null,
      "TotalAsa": 170.1379845755683,
      "PolarAsa": 122.47580435264757,
      "ApolarAsa": 47.66218022292074,
      "id": "2ku0.A.35"
    },
    {
      "index": 36,
      "index_chain": 36,
      "chain_name": "A",
      "nt_resnum": 36,
      "nt_name": "U",
      "nt_code": "U",
      "nt_id": "A.U36",
      "nt_type": "RNA",
      "dbn": ")",
      "summary": "anti,~C3'-endo,BI,canonical,non-pair-contact,helix,stem,coaxial-stack",
      "alpha": -74.29,
      "beta": 173.327,
      "gamma": 65.809,
      "delta": 77.02,
      "epsilon": -165.887,
      "zeta": -67.899,
      "epsilon_zeta": -97.988,
      "bb_type": "BI",
      "chi": -162.983,
      "glyco_bond": "anti",
      "C5prime_xyz": [
        -1.947,
        8.841,
        0.593
      ],
      "P_xyz": [
        0.542,
        9.705,
        0.809
      ],
      "form": "A",
      "ssZp": 4.26,
      "Dp": 4.554,
      "splay_angle": 16.099,
      "splay_distance": 2.689,
      "splay_ratio": 0.145,
      "eta": 170.366,
      "theta": -154.607,
      "eta_prime": -174.486,
      "theta_prime": -154.83,
      "eta_base": -137.468,
      "theta_base": -133.844,
      "v0": 1.899,
      "v1": -25.627,
      "v2": 37.325,
      "v3": -37.939,
      "v4": 23.192,
      "amplitude": 38.89,
      "phase_angle": 16.306,
      "puckering": "C3'-endo",
      "sugar_class": "~C3'-endo",
      "bin": "33p",
      "cluster": "1a",
      "suiteness": 0.655,
      "filter_rmsd": 0.098,
      "frame": {
        "rmsd": 0.026,
        "origin": [
          8.931,
          -7.938,
          14.452
        ],
        "x_axis": [
          -0.68,
          0.694,
          0.235
        ],
        "y_axis": [
          -0.721,
          -0.691,
          -0.045
        ],
        "z_axis": [
          0.131,
          -0.2,
          0.971
        ],
        "quaternion": [
          0.387,
          0.1,
          -0.067,
          0.914
        ]
      },
      "sse": {
        "sse": null
      },
      "binding_protein": null,
      "binding_ion": null,
      "binding_small-molecule": null,
      "TotalAsa": 174.21741909540734,
      "PolarAsa": 122.95490914522802,
      "ApolarAsa": 51.26250995017931,
      "id": "2ku0.A.36"
    },
    {
      "index": 37,
      "index_chain": 37,
      "chain_name": "A",
      "nt_resnum": 37,
      "nt_name": "C",
      "nt_code": "C",
      "nt_id": "A.C37",
      "nt_type": "RNA",
      "dbn": ")",
      "summary": "anti,~C3'-endo,BI,canonical,non-pair-contact,helix,stem,coaxial-stack",
      "alpha": -71.374,
      "beta": 171.521,
      "gamma": 65.501,
      "delta": 82.536,
      "epsilon": -162.765,
      "zeta": -72.362,
      "epsilon_zeta": -90.404,
      "bb_type": "BI",
      "chi": -142.156,
      "glyco_bond": "anti",
      "C5prime_xyz": [
        -1.733,
        8.911,
        -0.551
      ],
      "P_xyz": [
        0.81,
        9.538,
        -0.933
      ],
      "form": ".",
      "ssZp": 3.688,
      "Dp": 4.358,
      "splay_angle": 20.077,
      "splay_distance": 3.347,
      "splay_ratio": 0.175,
      "eta": 175.155,
      "theta": -150.32,
      "eta_prime": -172.288,
      "theta_prime": -152.512,
      "eta_base": -141.245,
      "theta_base": -138.187,
      "v0": -2.354,
      "v1": -18.243,
      "v2": 29.852,
      "v3": -32.613,
      "v4": 22.473,
      "amplitude": 32.455,
      "phase_angle": 23.105,
      "puckering": "C3'-endo",
      "sugar_class": "~C3'-endo",
      "bin": "33p",
      "cluster": "1a",
      "suiteness": 0.625,
      "filter_rmsd": 0.056,
      "frame": {
        "rmsd": 0.017,
        "origin": [
          10.184,
          -7.056,
          16.661
        ],
        "x_axis": [
          -0.905,
          0.25,
          0.345
        ],
        "y_axis": [
          -0.215,
          -0.967,
          0.139
        ],
        "z_axis": [
          0.369,
          0.052,
          0.928
        ],
        "quaternion": [
          0.119,
          0.183,
          0.049,
          0.975
        ]
      },
      "sse": {
        "sse": null
      },
      "binding_protein": null,
      "binding_ion": null,
      "binding_small-molecule": null,
      "TotalAsa": 185.19110638674647,
      "PolarAsa": 126.68716699315745,
      "ApolarAsa": 58.50393939358899,
      "id": "2ku0.A.37"
    },
    {
      "index": 38,
      "index_chain": 38,
      "chain_name": "A",
      "nt_resnum": 38,
      "nt_name": "C",
      "nt_code": "C",
      "nt_id": "A.C38",
      "nt_type": "RNA",
      "dbn": ")",
      "is_broken": true,
      "summary": "break,anti,~C3'-endo,canonical,non-pair-contact,helix-end,stem-end,coaxial-stack",
      "alpha": -86.749,
      "beta": -177.917,
      "gamma": 58.168,
      "delta": 84.622,
      "epsilon": null,
      "zeta": null,
      "epsilon_zeta": null,
      "bb_type": "--",
      "chi": -137.718,
      "glyco_bond": "anti",
      "C5prime_xyz": [
        -1.517,
        8.842,
        -0.711
      ],
      "P_xyz": [
        1.074,
        9.378,
        -0.988
      ],
      "form": "-",
      "ssZp": null,
      "Dp": null,
      "splay_angle": null,
      "splay_distance": null,
      "splay_ratio": null,
      "eta": null,
      "theta": null,
      "eta_prime": null,
      "theta_prime": null,
      "eta_base": null,
      "theta_base": null,
      "v0": -1.65,
      "v1": -17.807,
      "v2": 28.648,
      "v3": -30.87,
      "v4": 20.798,
      "amplitude": 30.884,
      "phase_angle": 21.938,
      "puckering": "C3'-endo",
      "sugar_class": "~C3'-endo",
      "bin": "33p",
      "cluster": "1a",
      "suiteness": 0.548,
      "filter_rmsd": 0.059,
      "frame": {
        "rmsd": 0.018,
        "origin": [
          11.482,
          -6.342,
          19.663
        ],
        "x_axis": [
          -0.972,
          -0.223,
          0.07
        ],
        "y_axis": [
          0.231,
          -0.961,
          0.151
        ],
        "z_axis": [
          0.033,
          0.163,
          0.986
        ],
        "quaternion": [
          -0.115,
          0.026,
          0.079,
          0.99
        ]
      },
      "sse": {
        "sse": null
      },
      "binding_protein": null,
      "binding_ion": null,
      "binding_small-molecule": null,
      "TotalAsa": 277.7679756046155,
      "PolarAsa": 183.42480812426984,
      "ApolarAsa": 94.34316748034571,
      "id": "2ku0.A.38"
    },
    {
      "index": 4,
      "index_chain": 4,
      "chain_name": "A",
      "nt_resnum": 4,
      "nt_name": "G",
      "nt_code": "G",
      "nt_id": "A.G4",
      "nt_type": "RNA",
      "dbn": "(",
      "summary": "anti,~C3'-endo,BI,canonical,non-pair-contact,helix,stem,coaxial-stack",
      "alpha": -68.493,
      "beta": 167.646,
      "gamma": 69.788,
      "delta": 82.826,
      "epsilon": -162.287,
      "zeta": -59.159,
      "epsilon_zeta": -103.128,
      "bb_type": "BI",
      "chi": -151.997,
      "glyco_bond": "anti",
      "C5prime_xyz": [
        -1.628,
        8.811,
        0.167
      ],
      "P_xyz": [
        0.975,
        9.271,
        0.17
      ],
      "form": "A",
      "ssZp": 3.881,
      "Dp": 4.511,
      "splay_angle": 22.198,
      "splay_distance": 3.752,
      "splay_ratio": 0.197,
      "eta": 177.129,
      "theta": -137.396,
      "eta_prime": -167.776,
      "theta_prime": -140.593,
      "eta_base": -138.81,
      "theta_base": -120.466,
      "v0": 11.104,
      "v1": -31.845,
      "v2": 38.816,
      "v3": -33.87,
      "v4": 14.632,
      "amplitude": 38.858,
      "phase_angle": 2.661,
      "puckering": "C3'-endo",
      "sugar_class": "~C3'-endo",
      "bin": "33p",
      "cluster": "1a",
      "suiteness": 0.455,
      "filter_rmsd": 0.026,
      "frame": {
        "rmsd": 0.026,
        "origin": [
          6.816,
          -8.647,
          11.145
        ],
        "x_axis": [
          -0.26,
          0.956,
          0.132
        ],
        "y_axis": [
          0.927,
          0.286,
          -0.244
        ],
        "z_axis": [
          -0.272,
          0.059,
          -0.961
        ],
        "quaternion": [
          -0.127,
          0.595,
          0.792,
          -0.059
        ]
      },
      "sse": {
        "sse": null
      },
      "binding_protein": null,
      "binding_ion": "ISI",
      "binding_small-molecule": "",
      "TotalAsa": 183.63513234053988,
      "PolarAsa": 140.2759654355964,
      "ApolarAsa": 43.35916690494353,
      "id": "2ku0.A.4"
    },
    {
      "index": 5,
      "index_chain": 5,
      "chain_name": "A",
      "nt_resnum": 5,
      "nt_name": "G",
      "nt_code": "G",
      "nt_id": "A.G5",
      "nt_type": "RNA",
      "dbn": "(",
      "summary": "anti,~C3'-endo,canonical,non-pair-contact,helix,stem-end,coaxial-stack,bulge,phosphate",
      "alpha": -78.656,
      "beta": -174.304,
      "gamma": 59.24,
      "delta": 96.238,
      "epsilon": -66.001,
      "zeta": -50.679,
      "epsilon_zeta": -15.322,
      "bb_type": "--",
      "chi": -150.633,
      "glyco_bond": "anti",
      "C5prime_xyz": [
        -1.926,
        8.953,
        0.262
      ],
      "P_xyz": [
        0.461,
        9.875,
        0.903
      ],
      "form": ".",
      "ssZp": 2.916,
      "Dp": 3.318,
      "splay_angle": 40.931,
      "splay_distance": 6.905,
      "splay_ratio": 0.362,
      "eta": -162.005,
      "theta": -28.119,
      "eta_prime": -153.184,
      "theta_prime": -63.359,
      "eta_base": -126.037,
      "theta_base": -103.497,
      "v0": -9.229,
      "v1": -6.335,
      "v2": 17.926,
      "v3": -24.165,
      "v4": 21.282,
      "amplitude": 23.834,
      "phase_angle": 41.225,
      "puckering": "C4'-exo",
      "sugar_class": "~C3'-endo",
      "bin": "33p",
      "cluster": "1a",
      "suiteness": 0.348,
      "filter_rmsd": 0.034,
      "frame": {
        "rmsd": 0.034,
        "origin": [
          4.317,
          -8.038,
          8.412
        ],
        "x_axis": [
          0.315,
          0.923,
          0.22
        ],
        "y_axis": [
          0.932,
          -0.257,
          -0.256
        ],
        "z_axis": [
          -0.18,
          0.285,
          -0.941
        ],
        "quaternion": [
          -0.171,
          0.793,
          0.585,
          0.013
        ]
      },
      "sse": {
        "sse": "bulge_2"
      },
      "binding_protein": null,
      "binding_ion": "ISI",
      "binding_small-molecule": "",
      "TotalAsa": 162.03308117153054,
      "PolarAsa": 123.9999285726117,
      "ApolarAsa": 38.03315259891885,
      "id": "2ku0.A.5"
    },
    {
      "index": 6,
      "index_chain": 6,
      "chain_name": "A",
      "nt_resnum": 6,
      "nt_name": "A",
      "nt_code": "A",
      "nt_id": "A.A6",
      "nt_type": "RNA",
      "dbn": ".",
      "summary": "anti,~C2'-endo,non-pair-contact,bulge,splayed-apart",
      "alpha": -152.318,
      "beta": 155.986,
      "gamma": 58.617,
      "delta": 153.385,
      "epsilon": -137.059,
      "zeta": -124.541,
      "epsilon_zeta": -12.518,
      "bb_type": "--",
      "chi": -135.563,
      "glyco_bond": "anti",
      "C5prime_xyz": [
        -1.452,
        8.559,
        -0.456
      ],
      "P_xyz": [
        0.688,
        8.488,
        1.134
      ],
      "form": ".",
      "ssZp": -0.377,
      "Dp": 1.318,
      "splay_angle": 145.548,
      "splay_distance": 16.254,
      "splay_ratio": 0.956,
      "eta": 37.817,
      "theta": -89.277,
      "eta_prime": 113.833,
      "theta_prime": -136.553,
      "eta_base": 112.783,
      "theta_base": -176.539,
      "v0": -12.575,
      "v1": 33.602,
      "v2": -39.886,
      "v3": 33.969,
      "v4": -13.926,
      "amplitude": 39.89,
      "phase_angle": 180.802,
      "puckering": "C3'-exo",
      "sugar_class": "~C2'-endo",
      "bin": "32p",
      "cluster": "!!",
      "suiteness": 0.0,
      "filter_rmsd": 0.076,
      "frame": {
        "rmsd": 0.06,
        "origin": [
          5.062,
          -7.307,
          1.587
        ],
        "x_axis": [
          -0.682,
          -0.73,
          0.055
        ],
        "y_axis": [
          0.728,
          -0.684,
          -0.044
        ],
        "z_axis": [
          0.07,
          0.01,
          0.997
        ],
        "quaternion": [
          -0.398,
          0.034,
          -0.009,
          0.917
        ]
      },
      "sse": {
        "sse": "bulge_2"
      },
      "binding_protein": null,
      "binding_ion": "ISI",
      "binding_small-molecule": "",
      "TotalAsa": 208.92024148995168,
      "PolarAsa": 136.92324007171453,
      "ApolarAsa": 71.99700141823715,
      "id": "2ku0.A.6"
    },
    {
      "index": 7,
      "index_chain": 7,
      "chain_name": "A",
      "nt_resnum": 7,
      "nt_name": "A",
      "nt_code": "A",
      "nt_id": "A.A7",
      "nt_type": "RNA",
      "dbn": ".",
      "summary": "turn,anti,non-pair-contact,bulge,splayed-apart",
      "alpha": 55.159,
      "beta": 162.281,
      "gamma": 46.57,
      "delta": 114.188,
      "epsilon": -94.94,
      "zeta": -69.755,
      "epsilon_zeta": -25.185,
      "bb_type": "--",
      "chi": 174.534,
      "glyco_bond": "anti",
      "C5prime_xyz": [
        -1.183,
        7.393,
        2.183
      ],
      "P_xyz": [
        1.077,
        6.356,
        3.08
      ],
      "form": ".",
      "ssZp": 3.952,
      "Dp": 4.415,
      "splay_angle": 28.23,
      "splay_distance": 4.808,
      "splay_ratio": 0.246,
      "eta": -66.326,
      "theta": -72.551,
      "eta_prime": -41.91,
      "theta_prime": -80.421,
      "eta_base": -4.6,
      "theta_base": -76.297,
      "v0": 28.549,
      "v1": -28.47,
      "v2": 17.956,
      "v3": -1.754,
      "v4": -16.891,
      "amplitude": 29.531,
      "phase_angle": 307.448,
      "puckering": "C1'-endo",
      "sugar_class": "--",
      "bin": "trig",
      "cluster": "!!",
      "suiteness": 0.0,
      "filter_rmsd": 0.058,
      "frame": {
        "rmsd": 0.035,
        "origin": [
          20.84,
          -4.228,
          -0.818
        ],
        "x_axis": [
          0.398,
          -0.911,
          0.109
        ],
        "y_axis": [
          -0.768,
          -0.265,
          0.583
        ],
        "z_axis": [
          -0.502,
          -0.316,
          -0.805
        ],
        "quaternion": [
          0.286,
          0.785,
          -0.534,
          -0.125
        ]
      },
      "sse": {
        "sse": "bulge_2"
      },
      "binding_protein": null,
      "binding_ion": "ISI",
      "binding_small-molecule": "",
      "TotalAsa": 262.9852594095544,
      "PolarAsa": 179.94880118916657,
      "ApolarAsa": 83.0364582203878,
      "id": "2ku0.A.7"
    },
    {
      "index": 8,
      "index_chain": 8,
      "chain_name": "A",
      "nt_resnum": 8,
      "nt_name": "C",
      "nt_code": "C",
      "nt_id": "A.C8",
      "nt_type": "RNA",
      "dbn": ".",
      "summary": "anti,~C2'-endo,non-pair-contact,bulge,cap-donor,phosphate,splayed-apart",
      "alpha": -80.675,
      "beta": 174.169,
      "gamma": 50.968,
      "delta": 131.089,
      "epsilon": -93.569,
      "zeta": -61.954,
      "epsilon_zeta": -31.615,
      "bb_type": "--",
      "chi": -142.998,
      "glyco_bond": "anti",
      "C5prime_xyz": [
        -2.275,
        8.94,
        0.325
      ],
      "P_xyz": [
        0.014,
        10.06,
        1.008
      ],
      "form": ".",
      "ssZp": 2.737,
      "Dp": 1.475,
      "splay_angle": 93.535,
      "splay_distance": 14.371,
      "splay_ratio": 0.729,
      "eta": 153.515,
      "theta": -53.957,
      "eta_prime": -168.594,
      "theta_prime": -58.5,
      "eta_base": -137.851,
      "theta_base": -32.017,
      "v0": -30.524,
      "v1": 37.198,
      "v2": -28.927,
      "v3": 12.162,
      "v4": 11.386,
      "amplitude": 36.193,
      "phase_angle": 143.058,
      "puckering": "C1'-exo",
      "sugar_class": "~C2'-endo",
      "bin": "trig",
      "cluster": "!!",
      "suiteness": 0.0,
      "filter_rmsd": 0.057,
      "frame": {
        "rmsd": 0.021,
        "origin": [
          19.87,
          -6.355,
          -5.019
        ],
        "x_axis": [
          0.173,
          -0.605,
          0.777
        ],
        "y_axis": [
          -0.766,
          0.413,
          0.493
        ],
        "z_axis": [
          -0.619,
          -0.68,
          -0.392
        ],
        "quaternion": [
          0.546,
          0.537,
          -0.639,
          0.073
        ]
      },
      "sse": {
        "sse": "bulge_2"
      },
      "binding_protein": null,
      "binding_ion": "ISI",
      "binding_small-molecule": null,
      "TotalAsa": 207.808374654858,
      "PolarAsa": 158.09165849318384,
      "ApolarAsa": 49.71671616167418,
      "id": "2ku0.A.8"
    },
    {
      "index": 9,
      "index_chain": 9,
      "chain_name": "A",
      "nt_resnum": 9,
      "nt_name": "U",
      "nt_code": "U",
      "nt_id": "A.U9",
      "nt_type": "RNA",
      "dbn": ".",
      "summary": "anti,~C3'-endo,BI,non-stack,bulge,cap-acceptor,splayed-apart",
      "alpha": -67.74,
      "beta": 159.8,
      "gamma": 60.584,
      "delta": 75.361,
      "epsilon": -161.812,
      "zeta": -67.414,
      "epsilon_zeta": -94.398,
      "bb_type": "BI",
      "chi": -160.407,
      "glyco_bond": "anti",
      "C5prime_xyz": [
        -1.62,
        8.834,
        0.811
      ],
      "P_xyz": [
        0.736,
        9.654,
        -0.041
      ],
      "form": ".",
      "ssZp": 4.786,
      "Dp": 4.677,
      "splay_angle": 26.398,
      "splay_distance": 4.5,
      "splay_ratio": 0.245,
      "eta": 138.778,
      "theta": -152.71,
      "eta_prime": -171.025,
      "theta_prime": -156.674,
      "eta_base": -123.79,
      "theta_base": -148.597,
      "v0": 3.202,
      "v1": -28.895,
      "v2": 41.122,
      "v3": -40.951,
      "v4": 24.224,
      "amplitude": 42.503,
      "phase_angle": 14.647,
      "puckering": "C3'-endo",
      "sugar_class": "~C3'-endo",
      "bin": "23p",
      "cluster": "2a",
      "suiteness": 0.263,
      "filter_rmsd": 0.098,
      "frame": {
        "rmsd": 0.025,
        "origin": [
          6.6,
          -6.354,
          0.496
        ],
        "x_axis": [
          -0.156,
          0.901,
          0.405
        ],
        "y_axis": [
          0.483,
          0.427,
          -0.765
        ],
        "z_axis": [
          -0.862,
          0.076,
          -0.501
        ],
        "quaternion": [
          -0.439,
          0.479,
          0.722,
          -0.239
        ]
      },
      "sse": {
        "sse": "bulge_2"
      },
      "binding_protein": null,
      "binding_ion": "ISI",
      "binding_small-molecule": null,
      "TotalAsa": 204.6022382358625,
      "PolarAsa": 141.77518086332609,
      "ApolarAsa": 62.82705737253643,
      "id": "2ku0.A.9"
    }
  ],
  "links": [
    {
      "LW": "B53",
      "backbone": true,
      "source": "2ku0.A.1",
      "target": "2ku0.A.2"
    },
    {
      "index": 1,
      "nt1": "A.G1",
      "nt2": "A.C38",
      "bp": "G-C",
      "name": "WC",
      "Saenger": "19-XIX",
      "LW": "cWW",
      "DSSR": "cW-W",
      "source": "2ku0.A.1",
      "target": "2ku0.A.38"
    },
    {
      "LW": "B53",
      "backbone": true,
      "source": "2ku0.A.10",
      "target": "2ku0.A.11"
    },
    {
      "LW": "B35",
      "backbone": true,
      "source": "2ku0.A.10",
      "target": "2ku0.A.9"
    },
    {
      "LW": "B53",
      "backbone": true,
      "source": "2ku0.A.11",
      "target": "2ku0.A.12"
    },
    {
      "LW": "B35",
      "backbone": true,
      "source": "2ku0.A.11",
      "target": "2ku0.A.10"
    },
    {
      "index": 6,
      "nt1": "A.C11",
      "nt2": "A.G33",
      "bp": "C-G",
      "name": "WC",
      "Saenger": "19-XIX",
      "LW": "cWW",
      "DSSR": "cW-W",
      "source": "2ku0.A.11",
      "target": "2ku0.A.33"
    },
    {
      "LW": "B53",
      "backbone": true,
      "source": "2ku0.A.12",
      "target": "2ku0.A.13"
    },
    {
      "LW": "B35",
      "backbone": true,
      "source": "2ku0.A.12",
      "target": "2ku0.A.11"
    },
    {
      "index": 7,
      "nt1": "A.U12",
      "nt2": "A.A32",
      "bp": "U-A",
      "name": "WC",
      "Saenger": "20-XX",
      "LW": "cWW",
      "DSSR": "cW-W",
      "source": "2ku0.A.12",
      "target": "2ku0.A.32"
    },
    {
      "LW": "B53",
      "backbone": true,
      "source": "2ku0.A.13",
      "target": "2ku0.A.14"
    },
    {
      "LW": "B35",
      "backbone": true,
      "source": "2ku0.A.13",
      "target": "2ku0.A.12"
    },
    {
      "index": 8,
      "nt1": "A.G13",
      "nt2": "A.C31",
      "bp": "G-C",
      "name": "WC",
      "Saenger": "19-XIX",
      "LW": "cWW",
      "DSSR": "cW-W",
      "source": "2ku0.A.13",
      "target": "2ku0.A.31"
    },
    {
      "LW": "B53",
      "backbone": true,
      "source": "2ku0.A.14",
      "target": "2ku0.A.15"
    },
    {
      "LW": "B35",
      "backbone": true,
      "source": "2ku0.A.14",
      "target": "2ku0.A.13"
    },
    {
      "index": 9,
      "nt1": "A.U14",
      "nt2": "A.G30",
      "bp": "U-G",
      "name": "Wobble",
      "Saenger": "28-XXVIII",
      "LW": "cWW",
      "DSSR": "cW-W",
      "source": "2ku0.A.14",
      "target": "2ku0.A.30"
    },
    {
      "LW": "B53",
      "backbone": true,
      "source": "2ku0.A.15",
      "target": "2ku0.A.16"
    },
    {
      "LW": "B35",
      "backbone": true,
      "source": "2ku0.A.15",
      "target": "2ku0.A.14"
    },
    {
      "index": 10,
      "nt1": "A.C15",
      "nt2": "A.G28",
      "bp": "C-G",
      "name": "WC",
      "Saenger": "19-XIX",
      "LW": "cWW",
      "DSSR": "cW-W",
      "source": "2ku0.A.15",
      "target": "2ku0.A.28"
    },
    {
      "LW": "B53",
      "backbone": true,
      "source": "2ku0.A.16",
      "target": "2ku0.A.17"
    },
    {
      "LW": "B35",
      "backbone": true,
      "source": "2ku0.A.16",
      "target": "2ku0.A.15"
    },
    {
      "index": 11,
      "nt1": "A.U16",
      "nt2": "A.C27",
      "bp": "U-C",
      "name": "--",
      "Saenger": "18-XVIII",
      "LW": "cWW",
      "DSSR": "cW-W",
      "source": "2ku0.A.16",
      "target": "2ku0.A.27"
    },
    {
      "LW": "B53",
      "backbone": true,
      "source": "2ku0.A.17",
      "target": "2ku0.A.18"
    },
    {
      "LW": "B35",
      "backbone": true,
      "source": "2ku0.A.17",
      "target": "2ku0.A.16"
    },
    {
      "index": 12,
      "nt1": "A.U17",
      "nt2": "A.U26",
      "bp": "U-U",
      "name": "--",
      "Saenger": "16-XVI",
      "LW": "cWW",
      "DSSR": "cW-W",
      "source": "2ku0.A.17",
      "target": "2ku0.A.26"
    },
    {
      "LW": "B53",
      "backbone": true,
      "source": "2ku0.A.18",
      "target": "2ku0.A.19"
    },
    {
      "LW": "B35",
      "backbone": true,
      "source": "2ku0.A.18",
      "target": "2ku0.A.17"
    },
    {
      "index": 13,
      "nt1": "A.C18",
      "nt2": "A.G25",
      "bp": "C-G",
      "name": "WC",
      "Saenger": "19-XIX",
      "LW": "cWW",
      "DSSR": "cW-W",
      "source": "2ku0.A.18",
      "target": "2ku0.A.25"
    },
    {
      "LW": "B53",
      "backbone": true,
      "source": "2ku0.A.19",
      "target": "2ku0.A.20"
    },
    {
      "LW": "B35",
      "backbone": true,
      "source": "2ku0.A.19",
      "target": "2ku0.A.18"
    },
    {
      "index": 14,
      "nt1": "A.C19",
      "nt2": "A.G24",
      "bp": "C-G",
      "name": "WC",
      "Saenger": "19-XIX",
      "LW": "cWW",
      "DSSR": "cW-W",
      "source": "2ku0.A.19",
      "target": "2ku0.A.24"
    },
    {
      "LW": "B53",
      "backbone": true,
      "source": "2ku0.A.2",
      "target": "2ku0.A.3"
    },
    {
      "LW": "B35",
      "backbone": true,
      "source": "2ku0.A.2",
      "target": "2ku0.A.1"
    },
    {
      "index": 2,
      "nt1": "A.G2",
      "nt2": "A.C37",
      "bp": "G-C",
      "name": "WC",
      "Saenger": "19-XIX",
      "LW": "cWW",
      "DSSR": "cW-W",
      "source": "2ku0.A.2",
      "target": "2ku0.A.37"
    },
    {
      "LW": "B53",
      "backbone": true,
      "source": "2ku0.A.20",
      "target": "2ku0.A.21"
    },
    {
      "LW": "B35",
      "backbone": true,
      "source": "2ku0.A.20",
      "target": "2ku0.A.19"
    },
    {
      "index": 15,
      "nt1": "A.U20",
      "nt2": "A.G23",
      "bp": "U+G",
      "name": "--",
      "Saenger": "--",
      "LW": "tSW",
      "DSSR": "tm+W",
      "source": "2ku0.A.20",
      "target": "2ku0.A.23"
    },
    {
      "LW": "B53",
      "backbone": true,
      "source": "2ku0.A.21",
      "target": "2ku0.A.22"
    },
    {
      "LW": "B35",
      "backbone": true,
      "source": "2ku0.A.21",
      "target": "2ku0.A.20"
    },
    {
      "LW": "B53",
      "backbone": true,
      "source": "2ku0.A.22",
      "target": "2ku0.A.23"
    },
    {
      "LW": "B35",
      "backbone": true,
      "source": "2ku0.A.22",
      "target": "2ku0.A.21"
    },
    {
      "LW": "B53",
      "backbone": true,
      "source": "2ku0.A.23",
      "target": "2ku0.A.24"
    },
    {
      "LW": "B35",
      "backbone": true,
      "source": "2ku0.A.23",
      "target": "2ku0.A.22"
    },
    {
      "index": 15,
      "nt1": "A.G23",
      "nt2": "A.U20",
      "bp": "G+U",
      "name": "--",
      "Saenger": "--",
      "LW": "tWS",
      "DSSR": "tm+W",
      "source": "2ku0.A.23",
      "target": "2ku0.A.20"
    },
    {
      "LW": "B53",
      "backbone": true,
      "source": "2ku0.A.24",
      "target": "2ku0.A.25"
    },
    {
      "LW": "B35",
      "backbone": true,
      "source": "2ku0.A.24",
      "target": "2ku0.A.23"
    },
    {
      "index": 14,
      "nt1": "A.G24",
      "nt2": "A.C19",
      "bp": "G-C",
      "name": "WC",
      "Saenger": "19-XIX",
      "LW": "cWW",
      "DSSR": "cW-W",
      "source": "2ku0.A.24",
      "target": "2ku0.A.19"
    },
    {
      "LW": "B53",
      "backbone": true,
      "source": "2ku0.A.25",
      "target": "2ku0.A.26"
    },
    {
      "LW": "B35",
      "backbone": true,
      "source": "2ku0.A.25",
      "target": "2ku0.A.24"
    },
    {
      "index": 13,
      "nt1": "A.G25",
      "nt2": "A.C18",
      "bp": "G-C",
      "name": "WC",
      "Saenger": "19-XIX",
      "LW": "cWW",
      "DSSR": "cW-W",
      "source": "2ku0.A.25",
      "target": "2ku0.A.18"
    },
    {
      "LW": "B53",
      "backbone": true,
      "source": "2ku0.A.26",
      "target": "2ku0.A.27"
    },
    {
      "LW": "B35",
      "backbone": true,
      "source": "2ku0.A.26",
      "target": "2ku0.A.25"
    },
    {
      "index": 12,
      "nt1": "A.U26",
      "nt2": "A.U17",
      "bp": "U-U",
      "name": "--",
      "Saenger": "16-XVI",
      "LW": "cWW",
      "DSSR": "cW-W",
      "source": "2ku0.A.26",
      "target": "2ku0.A.17"
    },
    {
      "LW": "B53",
      "backbone": true,
      "source": "2ku0.A.27",
      "target": "2ku0.A.28"
    },
    {
      "LW": "B35",
      "backbone": true,
      "source": "2ku0.A.27",
      "target": "2ku0.A.26"
    },
    {
      "index": 11,
      "nt1": "A.C27",
      "nt2": "A.U16",
      "bp": "C-U",
      "name": "--",
      "Saenger": "18-XVIII",
      "LW": "cWW",
      "DSSR": "cW-W",
      "source": "2ku0.A.27",
      "target": "2ku0.A.16"
    },
    {
      "LW": "B53",
      "backbone": true,
      "source": "2ku0.A.28",
      "target": "2ku0.A.29"
    },
    {
      "LW": "B35",
      "backbone": true,
      "source": "2ku0.A.28",
      "target": "2ku0.A.27"
    },
    {
      "index": 10,
      "nt1": "A.G28",
      "nt2": "A.C15",
      "bp": "G-C",
      "name": "WC",
      "Saenger": "19-XIX",
      "LW": "cWW",
      "DSSR": "cW-W",
      "source": "2ku0.A.28",
      "target": "2ku0.A.15"
    },
    {
      "LW": "B53",
      "backbone": true,
      "source": "2ku0.A.29",
      "target": "2ku0.A.30"
    },
    {
      "LW": "B35",
      "backbone": true,
      "source": "2ku0.A.29",
      "target": "2ku0.A.28"
    },
    {
      "LW": "B53",
      "backbone": true,
      "source": "2ku0.A.3",
      "target": "2ku0.A.4"
    },
    {
      "LW": "B35",
      "backbone": true,
      "source": "2ku0.A.3",
      "target": "2ku0.A.2"
    },
    {
      "index": 3,
      "nt1": "A.A3",
      "nt2": "A.U36",
      "bp": "A-U",
      "name": "WC",
      "Saenger": "20-XX",
      "LW": "cWW",
      "DSSR": "cW-W",
      "source": "2ku0.A.3",
      "target": "2ku0.A.36"
    },
    {
      "LW": "B53",
      "backbone": true,
      "source": "2ku0.A.30",
      "target": "2ku0.A.31"
    },
    {
      "LW": "B35",
      "backbone": true,
      "source": "2ku0.A.30",
      "target": "2ku0.A.29"
    },
    {
      "index": 9,
      "nt1": "A.G30",
      "nt2": "A.U14",
      "bp": "G-U",
      "name": "Wobble",
      "Saenger": "28-XXVIII",
      "LW": "cWW",
      "DSSR": "cW-W",
      "source": "2ku0.A.30",
      "target": "2ku0.A.14"
    },
    {
      "LW": "B53",
      "backbone": true,
      "source": "2ku0.A.31",
      "target": "2ku0.A.32"
    },
    {
      "LW": "B35",
      "backbone": true,
      "source": "2ku0.A.31",
      "target": "2ku0.A.30"
    },
    {
      "index": 8,
      "nt1": "A.C31",
      "nt2": "A.G13",
      "bp": "C-G",
      "name": "WC",
      "Saenger": "19-XIX",
      "LW": "cWW",
      "DSSR": "cW-W",
      "source": "2ku0.A.31",
      "target": "2ku0.A.13"
    },
    {
      "LW": "B53",
      "backbone": true,
      "source": "2ku0.A.32",
      "target": "2ku0.A.33"
    },
    {
      "LW": "B35",
      "backbone": true,
      "source": "2ku0.A.32",
      "target": "2ku0.A.31"
    },
    {
      "index": 7,
      "nt1": "A.A32",
      "nt2": "A.U12",
      "bp": "A-U",
      "name": "WC",
      "Saenger": "20-XX",
      "LW": "cWW",
      "DSSR": "cW-W",
      "source": "2ku0.A.32",
      "target": "2ku0.A.12"
    },
    {
      "LW": "B53",
      "backbone": true,
      "source": "2ku0.A.33",
      "target": "2ku0.A.34"
    },
    {
      "LW": "B35",
      "backbone": true,
      "source": "2ku0.A.33",
      "target": "2ku0.A.32"
    },
    {
      "index": 6,
      "nt1": "A.G33",
      "nt2": "A.C11",
      "bp": "G-C",
      "name": "WC",
      "Saenger": "19-XIX",
      "LW": "cWW",
      "DSSR": "cW-W",
      "source": "2ku0.A.33",
      "target": "2ku0.A.11"
    },
    {
      "LW": "B53",
      "backbone": true,
      "source": "2ku0.A.34",
      "target": "2ku0.A.35"
    },
    {
      "LW": "B35",
      "backbone": true,
      "source": "2ku0.A.34",
      "target": "2ku0.A.33"
    },
    {
      "index": 5,
      "nt1": "A.C34",
      "nt2": "A.G5",
      "bp": "C-G",
      "name": "WC",
      "Saenger": "19-XIX",
      "LW": "cWW",
      "DSSR": "cW-W",
      "source": "2ku0.A.34",
      "target": "2ku0.A.5"
    },
    {
      "LW": "B53",
      "backbone": true,
      "source": "2ku0.A.35",
      "target": "2ku0.A.36"
    },
    {
      "LW": "B35",
      "backbone": true,
      "source": "2ku0.A.35",
      "target": "2ku0.A.34"
    },
    {
      "index": 4,
      "nt1": "A.C35",
      "nt2": "A.G4",
      "bp": "C-G",
      "name": "WC",
      "Saenger": "19-XIX",
      "LW": "cWW",
      "DSSR": "cW-W",
      "source": "2ku0.A.35",
      "target": "2ku0.A.4"
    },
    {
      "LW": "B53",
      "backbone": true,
      "source": "2ku0.A.36",
      "target": "2ku0.A.37"
    },
    {
      "LW": "B35",
      "backbone": true,
      "source": "2ku0.A.36",
      "target": "2ku0.A.35"
    },
    {
      "index": 3,
      "nt1": "A.U36",
      "nt2": "A.A3",
      "bp": "U-A",
      "name": "WC",
      "Saenger": "20-XX",
      "LW": "cWW",
      "DSSR": "cW-W",
      "source": "2ku0.A.36",
      "target": "2ku0.A.3"
    },
    {
      "LW": "B35",
      "backbone": true,
      "source": "2ku0.A.37",
      "target": "2ku0.A.36"
    },
    {
      "index": 2,
      "nt1": "A.C37",
      "nt2": "A.G2",
      "bp": "C-G",
      "name": "WC",
      "Saenger": "19-XIX",
      "LW": "cWW",
      "DSSR": "cW-W",
      "source": "2ku0.A.37",
      "target": "2ku0.A.2"
    },
    {
      "index": 1,
      "nt1": "A.C38",
      "nt2": "A.G1",
      "bp": "C-G",
      "name": "WC",
      "Saenger": "19-XIX",
      "LW": "cWW",
      "DSSR": "cW-W",
      "source": "2ku0.A.38",
      "target": "2ku0.A.1"
    },
    {
      "LW": "B53",
      "backbone": true,
      "source": "2ku0.A.4",
      "target": "2ku0.A.5"
    },
    {
      "LW": "B35",
      "backbone": true,
      "source": "2ku0.A.4",
      "target": "2ku0.A.3"
    },
    {
      "index": 4,
      "nt1": "A.G4",
      "nt2": "A.C35",
      "bp": "G-C",
      "name": "WC",
      "Saenger": "19-XIX",
      "LW": "cWW",
      "DSSR": "cW-W",
      "source": "2ku0.A.4",
      "target": "2ku0.A.35"
    },
    {
      "LW": "B53",
      "backbone": true,
      "source": "2ku0.A.5",
      "target": "2ku0.A.6"
    },
    {
      "LW": "B35",
      "backbone": true,
      "source": "2ku0.A.5",
      "target": "2ku0.A.4"
    },
    {
      "index": 5,
      "nt1": "A.G5",
      "nt2": "A.C34",
      "bp": "G-C",
      "name": "WC",
      "Saenger": "19-XIX",
      "LW": "cWW",
      "DSSR": "cW-W",
      "source": "2ku0.A.5",
      "target": "2ku0.A.34"
    },
    {
      "LW": "B53",
      "backbone": true,
      "source": "2ku0.A.6",
      "target": "2ku0.A.7"
    },
    {
      "LW": "B35",
      "backbone": true,
      "source": "2ku0.A.6",
      "target": "2ku0.A.5"
    },
    {
      "LW": "B53",
      "backbone": true,
      "source": "2ku0.A.7",
      "target": "2ku0.A.8"
    },
    {
      "LW": "B35",
      "backbone": true,
      "source": "2ku0.A.7",
      "target": "2ku0.A.6"
    },
    {
      "LW": "B53",
      "backbone": true,
      "source": "2ku0.A.8",
      "target": "2ku0.A.9"
    },
    {
      "LW": "B35",
      "backbone": true,
      "source": "2ku0.A.8",
      "target": "2ku0.A.7"
    },
    {
      "LW": "B53",
      "backbone": true,
      "source": "2ku0.A.9",
      "target": "2ku0.A.10"
    },
    {
      "LW": "B35",
      "backbone": true,
      "source": "2ku0.A.9",
      "target": "2ku0.A.8"
    }
  ]
}