{
  "directed": true,
  "multigraph": false,
  "graph": {
    "dbn": {
      "all_chains": {
        "num_nts": 27,
        "num_chars": 27,
        "bseq": "GGCUGCUUGUCCUUUAAUGGUCCAGUC",
        "sstr": "(((((...(.((......)).))))))",
        "form": "A.AB....B...A....AA...AA..-"
      },
      "single_chains": {
        "m1_chain_A": {
          "num_nts": 27,
          "num_chars": 27,
          "bseq": "GGCUGCUUGUCCUUUAAUGGUCCAGUC",
          "sstr": "(((((...(.((......)).))))))",
          "form": "A.AB....B...A....AA...AA..-"
        }
      }
    },
    "resolution_low": null,
    "resolution_high": null
  },
  "nodes": [
    {
      "index": 1,
      "index_chain": 1,
      "chain_name": "A",
      "nt_resnum": 1,
      "nt_name": "G",
      "nt_code": "G",
      "nt_id": "A.G1",
      "nt_type": "RNA",
      "dbn": "(",
      "summary": "anti,~C3'-endo,BI,canonical,non-pair-contact,helix-end,stem-end,coaxial-stack",
      "alpha": null,
      "beta": null,
      "gamma": 160.959,
      "delta": 85.993,
      "epsilon": -149.373,
      "zeta": -60.493,
      "epsilon_zeta": -88.88,
      "bb_type": "BI",
      "chi": -166.96,
      "glyco_bond": "anti",
      "C5prime_xyz": [
        -1.19,
        8.482,
        1.013
      ],
      "P_xyz": [
        null,
        null,
        null
      ],
      "form": "A",
      "ssZp": 4.345,
      "Dp": 4.667,
      "splay_angle": 23.14,
      "splay_distance": 3.916,
      "splay_ratio": 0.21,
      "eta": null,
      "theta": null,
      "eta_prime": null,
      "theta_prime": null,
      "eta_base": null,
      "theta_base": null,
      "v0": 12.151,
      "v1": -32.024,
      "v2": 38.507,
      "v3": -32.913,
      "v4": 13.264,
      "amplitude": 38.512,
      "phase_angle": 0.968,
      "puckering": "C3'-endo",
      "sugar_class": "~C3'-endo",
      "bin": "inc",
      "cluster": "__",
      "suiteness": 0.0,
      "filter_rmsd": 0.023,
      "frame": {
        "rmsd": 0.023,
        "origin": [
          -9.796,
          -13.602,
          2.854
        ],
        "x_axis": [
          0.667,
          -0.278,
          -0.692
        ],
        "y_axis": [
          -0.517,
          0.496,
          -0.698
        ],
        "z_axis": [
          0.536,
          0.823,
          0.187
        ],
        "quaternion": [
          0.766,
          -0.496,
          0.401,
          0.078
        ]
      },
      "sse": {
        "sse": null
      },
      "binding_protein": null,
      "binding_ion": null,
      "binding_small-molecule": null,
      "TotalAsa": 268.16370423241233,
      "PolarAsa": 173.46522898800933,
      "ApolarAsa": 94.698475244403,
      "id": "2n0j.A.1"
    },
    {
      "index": 10,
      "index_chain": 10,
      "chain_name": "A",
      "nt_resnum": 10,
      "nt_name": "U",
      "nt_code": "U",
      "nt_id": "A.U10",
      "nt_type": "RNA",
      "dbn": ".",
      "summary": "anti,~C3'-endo,BI,non-canonical,non-pair-contact,helix,internal-loop,phosphate",
      "alpha": -99.179,
      "beta": 166.824,
      "gamma": 64.321,
      "delta": 83.031,
      "epsilon": -165.921,
      "zeta": -70.984,
      "epsilon_zeta": -94.937,
      "bb_type": "BI",
      "chi": -149.378,
      "glyco_bond": "anti",
      "C5prime_xyz": [
        -1.882,
        8.928,
        -0.587
      ],
      "P_xyz": [
        0.59,
        9.769,
        -0.797
      ],
      "form": ".",
      "ssZp": 3.426,
      "Dp": 4.357,
      "splay_angle": 19.241,
      "splay_distance": 3.26,
      "splay_ratio": 0.168,
      "eta": 128.874,
      "theta": -158.834,
      "eta_prime": 163.257,
      "theta_prime": -165.874,
      "eta_base": -140.738,
      "theta_base": -156.452,
      "v0": -1.522,
      "v1": -21.569,
      "v2": 34.411,
      "v3": -36.123,
      "v4": 24.31,
      "amplitude": 36.828,
      "phase_angle": 20.874,
      "puckering": "C3'-endo",
      "sugar_class": "~C3'-endo",
      "bin": "33p",
      "cluster": "1a",
      "suiteness": 0.024,
      "filter_rmsd": 0.099,
      "frame": {
        "rmsd": 0.037,
        "origin": [
          1.238,
          0.382,
          -2.109
        ],
        "x_axis": [
          -0.035,
          -0.082,
          0.996
        ],
        "y_axis": [
          0.999,
          -0.014,
          0.034
        ],
        "z_axis": [
          0.011,
          0.997,
          0.083
        ],
        "quaternion": [
          0.509,
          -0.473,
          -0.484,
          -0.532
        ]
      },
      "sse": {
        "sse": null
      },
      "binding_protein": null,
      "binding_ion": null,
      "binding_small-molecule": "",
      "TotalAsa": 161.92407423019807,
      "PolarAsa": 104.59788329275072,
      "ApolarAsa": 57.32619093744732,
      "id": "2n0j.A.10"
    },
    {
      "index": 11,
      "index_chain": 11,
      "chain_name": "A",
      "nt_resnum": 11,
      "nt_name": "C",
      "nt_code": "C",
      "nt_id": "A.C11",
      "nt_type": "RNA",
      "dbn": "(",
      "summary": "anti,~C3'-endo,canonical,non-pair-contact,helix,stem-end,coaxial-stack,internal-loop",
      "alpha": -90.68,
      "beta": 156.656,
      "gamma": 86.128,
      "delta": 82.798,
      "epsilon": -126.123,
      "zeta": -86.158,
      "epsilon_zeta": -39.966,
      "bb_type": "--",
      "chi": -152.186,
      "glyco_bond": "anti",
      "C5prime_xyz": [
        -1.825,
        8.982,
        -0.149
      ],
      "P_xyz": [
        0.426,
        9.759,
        -1.241
      ],
      "form": ".",
      "ssZp": 3.697,
      "Dp": 4.502,
      "splay_angle": 24.741,
      "splay_distance": 4.276,
      "splay_ratio": 0.215,
      "eta": 174.344,
      "theta": -150.101,
      "eta_prime": -178.316,
      "theta_prime": -153.265,
      "eta_base": -159.363,
      "theta_base": -139.025,
      "v0": -2.015,
      "v1": -20.136,
      "v2": 32.89,
      "v3": -35.281,
      "v4": 23.723,
      "amplitude": 35.471,
      "phase_angle": 21.993,
      "puckering": "C3'-endo",
      "sugar_class": "~C3'-endo",
      "bin": "33p",
      "cluster": "1a",
      "suiteness": 0.01,
      "filter_rmsd": 0.067,
      "frame": {
        "rmsd": 0.016,
        "origin": [
          -0.024,
          3.257,
          -2.99
        ],
        "x_axis": [
          0.289,
          0.095,
          0.953
        ],
        "y_axis": [
          0.932,
          0.197,
          -0.303
        ],
        "z_axis": [
          -0.217,
          0.976,
          -0.031
        ],
        "quaternion": [
          0.603,
          -0.53,
          -0.485,
          -0.347
        ]
      },
      "sse": {
        "sse": null
      },
      "binding_protein": null,
      "binding_ion": null,
      "binding_small-molecule": "",
      "TotalAsa": 189.2434520521276,
      "PolarAsa": 131.19604398090223,
      "ApolarAsa": 58.04740807122537,
      "id": "2n0j.A.11"
    },
    {
      "index": 12,
      "index_chain": 12,
      "chain_name": "A",
      "nt_resnum": 12,
      "nt_name": "C",
      "nt_code": "C",
      "nt_id": "A.C12",
      "nt_type": "RNA",
      "dbn": "(",
      "summary": "anti,~C3'-endo,BI,canonical,non-pair-contact,helix,stem-end,coaxial-stack,hairpin-loop",
      "alpha": -73.653,
      "beta": 146.84,
      "gamma": 74.401,
      "delta": 80.627,
      "epsilon": -155.313,
      "zeta": -57.013,
      "epsilon_zeta": -98.3,
      "bb_type": "BI",
      "chi": -163.983,
      "glyco_bond": "anti",
      "C5prime_xyz": [
        -2.259,
        9.012,
        0.384
      ],
      "P_xyz": [
        0.024,
        10.108,
        -0.229
      ],
      "form": ".",
      "ssZp": 4.105,
      "Dp": 4.466,
      "splay_angle": 28.302,
      "splay_distance": 4.606,
      "splay_ratio": 0.245,
      "eta": 159.988,
      "theta": -136.606,
      "eta_prime": 177.517,
      "theta_prime": -140.263,
      "eta_base": -154.416,
      "theta_base": -88.586,
      "v0": -6.69,
      "v1": -19.3,
      "v2": 35.34,
      "v3": -40.256,
      "v4": 30.279,
      "amplitude": 40.039,
      "phase_angle": 28.038,
      "puckering": "C3'-endo",
      "sugar_class": "~C3'-endo",
      "bin": "33p",
      "cluster": "1a",
      "suiteness": 0.207,
      "filter_rmsd": 0.066,
      "frame": {
        "rmsd": 0.016,
        "origin": [
          -1.696,
          7.156,
          -2.46
        ],
        "x_axis": [
          0.633,
          -0.161,
          0.757
        ],
        "y_axis": [
          0.774,
          0.129,
          -0.62
        ],
        "z_axis": [
          0.003,
          0.979,
          0.206
        ],
        "quaternion": [
          0.701,
          -0.57,
          -0.269,
          -0.333
        ]
      },
      "sse": {
        "sse": "hairpin_1"
      },
      "binding_protein": null,
      "binding_ion": null,
      "binding_small-molecule": "",
      "TotalAsa": 178.39253105893312,
      "PolarAsa": 128.11266277650148,
      "ApolarAsa": 50.27986828243162,
      "id": "2n0j.A.12"
    },
    {
      "index": 13,
      "index_chain": 13,
      "chain_name": "A",
      "nt_resnum": 13,
      "nt_name": "U",
      "nt_code": "U",
      "nt_id": "A.U13",
      "nt_type": "RNA",
      "dbn": ".",
      "summary": "anti,~C3'-endo,BI,non-canonical,non-pair-contact,helix-end,hairpin-loop",
      "alpha": -69.884,
      "beta": 170.67,
      "gamma": 47.177,
      "delta": 86.238,
      "epsilon": -161.841,
      "zeta": -56.028,
      "epsilon_zeta": -105.814,
      "bb_type": "BI",
      "chi": -157.387,
      "glyco_bond": "anti",
      "C5prime_xyz": [
        -1.562,
        8.771,
        0.198
      ],
      "P_xyz": [
        0.932,
        9.549,
        0.181
      ],
      "form": "A",
      "ssZp": 4.205,
      "Dp": 4.562,
      "splay_angle": 24.394,
      "splay_distance": 4.165,
      "splay_ratio": 0.218,
      "eta": 159.837,
      "theta": -142.266,
      "eta_prime": -176.572,
      "theta_prime": -144.201,
      "eta_base": -103.423,
      "theta_base": -127.196,
      "v0": 8.902,
      "v1": -30.691,
      "v2": 39.52,
      "v3": -35.629,
      "v4": 17.019,
      "amplitude": 39.747,
      "phase_angle": 6.126,
      "puckering": "C3'-endo",
      "sugar_class": "~C3'-endo",
      "bin": "33p",
      "cluster": "1a",
      "suiteness": 0.769,
      "filter_rmsd": 0.101,
      "frame": {
        "rmsd": 0.023,
        "origin": [
          0.763,
          10.093,
          0.1
        ],
        "x_axis": [
          0.997,
          -0.043,
          -0.062
        ],
        "y_axis": [
          -0.049,
          0.264,
          -0.963
        ],
        "z_axis": [
          0.058,
          0.964,
          0.261
        ],
        "quaternion": [
          0.794,
          -0.607,
          0.038,
          0.002
        ]
      },
      "sse": {
        "sse": "hairpin_1"
      },
      "binding_protein": null,
      "binding_ion": null,
      "binding_small-molecule": "",
      "TotalAsa": 183.9301825793705,
      "PolarAsa": 135.44703025041164,
      "ApolarAsa": 48.48315232895883,
      "id": "2n0j.A.13"
    },
    {
      "index": 14,
      "index_chain": 14,
      "chain_name": "A",
      "nt_resnum": 14,
      "nt_name": "U",
      "nt_code": "U",
      "nt_id": "A.U14",
      "nt_type": "RNA",
      "dbn": ".",
      "summary": "u-turn,anti,~C3'-endo,BI,non-pair-contact,hairpin-loop,cap-acceptor",
      "alpha": -84.783,
      "beta": 177.53,
      "gamma": 68.213,
      "delta": 80.086,
      "epsilon": -160.41,
      "zeta": -76.244,
      "epsilon_zeta": -84.166,
      "bb_type": "BI",
      "chi": -153.311,
      "glyco_bond": "anti",
      "C5prime_xyz": [
        -1.92,
        8.935,
        0.086
      ],
      "P_xyz": [
        0.42,
        10.069,
        -0.048
      ],
      "form": ".",
      "ssZp": 4.106,
      "Dp": 4.481,
      "splay_angle": 67.518,
      "splay_distance": 10.989,
      "splay_ratio": 0.558,
      "eta": 170.55,
      "theta": -132.715,
      "eta_prime": -174.558,
      "theta_prime": -167.596,
      "eta_base": -143.923,
      "theta_base": 146.658,
      "v0": -2.97,
      "v1": -21.821,
      "v2": 36.005,
      "v3": -39.118,
      "v4": 27.037,
      "amplitude": 39.149,
      "phase_angle": 23.117,
      "puckering": "C3'-endo",
      "sugar_class": "~C3'-endo",
      "bin": "33p",
      "cluster": "1a",
      "suiteness": 0.409,
      "filter_rmsd": 0.094,
      "frame": {
        "rmsd": 0.026,
        "origin": [
          1.969,
          13.038,
          2.787
        ],
        "x_axis": [
          0.854,
          -0.016,
          -0.521
        ],
        "y_axis": [
          -0.489,
          0.32,
          -0.812
        ],
        "z_axis": [
          0.18,
          0.947,
          0.265
        ],
        "quaternion": [
          0.781,
          -0.563,
          0.224,
          0.151
        ]
      },
      "sse": {
        "sse": "hairpin_1"
      },
      "binding_protein": null,
      "binding_ion": null,
      "binding_small-molecule": null,
      "TotalAsa": 167.53165120230344,
      "PolarAsa": 118.78861190602366,
      "ApolarAsa": 48.7430392962798,
      "id": "2n0j.A.14"
    },
    {
      "index": 15,
      "index_chain": 15,
      "chain_name": "A",
      "nt_resnum": 15,
      "nt_name": "U",
      "nt_code": "U",
      "nt_id": "A.U15",
      "nt_type": "RNA",
      "dbn": ".",
      "summary": "turn,u-turn,anti,~C3'-endo,BI,non-pair-contact,hairpin-loop",
      "alpha": 161.621,
      "beta": -176.244,
      "gamma": 58.149,
      "delta": 80.491,
      "epsilon": -151.981,
      "zeta": -57.074,
      "epsilon_zeta": -94.907,
      "bb_type": "BI",
      "chi": -163.845,
      "glyco_bond": "anti",
      "C5prime_xyz": [
        -2.308,
        8.978,
        -0.205
      ],
      "P_xyz": [
        -0.453,
        10.398,
        0.904
      ],
      "form": ".",
      "ssZp": 3.012,
      "Dp": 4.388,
      "splay_angle": 32.448,
      "splay_distance": 5.159,
      "splay_ratio": 0.281,
      "eta": 39.923,
      "theta": -133.394,
      "eta_prime": 52.958,
      "theta_prime": -126.214,
      "eta_base": 28.098,
      "theta_base": -52.67,
      "v0": -7.607,
      "v1": -18.403,
      "v2": 34.967,
      "v3": -40.584,
      "v4": 31.027,
      "amplitude": 40.165,
      "phase_angle": 29.471,
      "puckering": "C3'-endo",
      "sugar_class": "~C3'-endo",
      "bin": "33p",
      "cluster": "1g",
      "suiteness": 0.583,
      "filter_rmsd": 0.107,
      "frame": {
        "rmsd": 0.047,
        "origin": [
          -6.121,
          16.678,
          9.272
        ],
        "x_axis": [
          -0.939,
          -0.247,
          -0.24
        ],
        "y_axis": [
          0.151,
          0.331,
          -0.931
        ],
        "z_axis": [
          0.31,
          -0.911,
          -0.273
        ],
        "quaternion": [
          0.172,
          -0.03,
          0.797,
          -0.578
        ]
      },
      "sse": {
        "sse": "hairpin_1"
      },
      "binding_protein": null,
      "binding_ion": null,
      "binding_small-molecule": null,
      "TotalAsa": 279.09620090725736,
      "PolarAsa": 190.7341315580179,
      "ApolarAsa": 88.36206934923942,
      "id": "2n0j.A.15"
    },
    {
      "index": 16,
      "index_chain": 16,
      "chain_name": "A",
      "nt_resnum": 16,
      "nt_name": "A",
      "nt_code": "A",
      "nt_id": "A.A16",
      "nt_type": "RNA",
      "dbn": ".",
      "summary": "u-turn,anti,~C3'-endo,BI,non-pair-contact,hairpin-loop,cap-donor,cap-acceptor,phosphate,splayed-apart",
      "alpha": -83.044,
      "beta": 175.105,
      "gamma": 55.692,
      "delta": 86.467,
      "epsilon": -156.749,
      "zeta": -66.919,
      "epsilon_zeta": -89.83,
      "bb_type": "BI",
      "chi": -133.529,
      "glyco_bond": "anti",
      "C5prime_xyz": [
        -1.334,
        8.631,
        -0.729
      ],
      "P_xyz": [
        1.266,
        8.751,
        -1.163
      ],
      "form": ".",
      "ssZp": 3.584,
      "Dp": 4.462,
      "splay_angle": 107.888,
      "splay_distance": 16.376,
      "splay_ratio": 0.809,
      "eta": 154.93,
      "theta": -125.535,
      "eta_prime": -176.042,
      "theta_prime": -156.763,
      "eta_base": -89.245,
      "theta_base": -158.971,
      "v0": 9.669,
      "v1": -28.034,
      "v2": 34.837,
      "v3": -30.462,
      "v4": 13.229,
      "amplitude": 34.892,
      "phase_angle": 3.197,
      "puckering": "C3'-endo",
      "sugar_class": "~C3'-endo",
      "bin": "33p",
      "cluster": "1a",
      "suiteness": 0.632,
      "filter_rmsd": 0.056,
      "frame": {
        "rmsd": 0.034,
        "origin": [
          -7.402,
          14.246,
          4.907
        ],
        "x_axis": [
          -0.196,
          0.18,
          -0.964
        ],
        "y_axis": [
          0.961,
          0.233,
          -0.151
        ],
        "z_axis": [
          0.198,
          -0.956,
          -0.219
        ],
        "quaternion": [
          0.453,
          0.444,
          0.642,
          -0.431
        ]
      },
      "sse": {
        "sse": "hairpin_1"
      },
      "binding_protein": null,
      "binding_ion": null,
      "binding_small-molecule": null,
      "TotalAsa": 165.14370816722746,
      "PolarAsa": 110.87460901321096,
      "ApolarAsa": 54.26909915401653,
      "id": "2n0j.A.16"
    },
    {
      "index": 17,
      "index_chain": 17,
      "chain_name": "A",
      "nt_resnum": 17,
      "nt_name": "A",
      "nt_code": "A",
      "nt_id": "A.A17",
      "nt_type": "RNA",
      "dbn": ".",
      "summary": "turn,u-turn,anti,~C2'-endo,non-stack,non-pair-contact,hairpin-loop,cap-acceptor,phosphate,splayed-apart",
      "alpha": -158.868,
      "beta": -179.833,
      "gamma": -67.347,
      "delta": 158.362,
      "epsilon": -104.239,
      "zeta": 94.194,
      "epsilon_zeta": 161.567,
      "bb_type": "--",
      "chi": -117.154,
      "glyco_bond": "anti",
      "C5prime_xyz": [
        -1.265,
        8.182,
        -1.176
      ],
      "P_xyz": [
        -0.329,
        10.621,
        -0.969
      ],
      "form": ".",
      "ssZp": -0.127,
      "Dp": 1.048,
      "splay_angle": 79.467,
      "splay_distance": 12.851,
      "splay_ratio": 0.639,
      "eta": -14.378,
      "theta": 90.501,
      "eta_prime": -3.316,
      "theta_prime": 69.667,
      "eta_base": -30.093,
      "theta_base": 54.269,
      "v0": -5.553,
      "v1": 25.829,
      "v2": -34.864,
      "v3": 32.861,
      "v4": -17.531,
      "amplitude": 35.407,
      "phase_angle": 190.047,
      "puckering": "C3'-exo",
      "sugar_class": "~C2'-endo",
      "bin": "32m",
      "cluster": "!!",
      "suiteness": 0.0,
      "filter_rmsd": 0.047,
      "frame": {
        "rmsd": 0.022,
        "origin": [
          3.311,
          1.882,
          5.652
        ],
        "x_axis": [
          0.907,
          0.052,
          -0.418
        ],
        "y_axis": [
          -0.058,
          0.998,
          -0.001
        ],
        "z_axis": [
          0.418,
          0.025,
          0.908
        ],
        "quaternion": [
          0.976,
          -0.007,
          0.214,
          0.028
        ]
      },
      "sse": {
        "sse": "hairpin_1"
      },
      "binding_protein": null,
      "binding_ion": null,
      "binding_small-molecule": "",
      "TotalAsa": 275.75190045529405,
      "PolarAsa": 177.95567471897323,
      "ApolarAsa": 97.79622573632082,
      "id": "2n0j.A.17"
    },
    {
      "index": 18,
      "index_chain": 18,
      "chain_name": "A",
      "nt_resnum": 18,
      "nt_name": "U",
      "nt_code": "U",
      "nt_id": "A.U18",
      "nt_type": "RNA",
      "dbn": ".",
      "summary": "anti,~C3'-endo,BI,non-canonical,non-pair-contact,helix-end,hairpin-loop,cap-donor,phosphate",
      "alpha": 150.149,
      "beta": -175.705,
      "gamma": 67.65,
      "delta": 83.36,
      "epsilon": -165.672,
      "zeta": -71.267,
      "epsilon_zeta": -94.405,
      "bb_type": "BI",
      "chi": -158.786,
      "glyco_bond": "anti",
      "C5prime_xyz": [
        -1.778,
        8.878,
        0.584
      ],
      "P_xyz": [
        0.678,
        9.742,
        0.879
      ],
      "form": "A",
      "ssZp": 4.291,
      "Dp": 4.415,
      "splay_angle": 23.217,
      "splay_distance": 3.629,
      "splay_ratio": 0.201,
      "eta": 84.456,
      "theta": -152.086,
      "eta_prime": 86.401,
      "theta_prime": -149.516,
      "eta_base": 95.081,
      "theta_base": -112.763,
      "v0": -0.746,
      "v1": -21.638,
      "v2": 34.032,
      "v3": -35.472,
      "v4": 23.2,
      "amplitude": 36.178,
      "phase_angle": 19.834,
      "puckering": "C3'-endo",
      "sugar_class": "~C3'-endo",
      "bin": "23p",
      "cluster": "!!",
      "suiteness": 0.0,
      "filter_rmsd": 0.1,
      "frame": {
        "rmsd": 0.035,
        "origin": [
          -1.899,
          11.001,
          -1.755
        ],
        "x_axis": [
          0.972,
          -0.205,
          0.114
        ],
        "y_axis": [
          -0.116,
          0.002,
          0.993
        ],
        "z_axis": [
          -0.204,
          -0.979,
          -0.022
        ],
        "quaternion": [
          0.698,
          0.706,
          -0.114,
          -0.032
        ]
      },
      "sse": {
        "sse": "hairpin_1"
      },
      "binding_protein": null,
      "binding_ion": null,
      "binding_small-molecule": "",
      "TotalAsa": 105.93817334039674,
      "PolarAsa": 87.89149296169249,
      "ApolarAsa": 18.046680378704263,
      "id": "2n0j.A.18"
    },
    {
      "index": 19,
      "index_chain": 19,
      "chain_name": "A",
      "nt_resnum": 19,
      "nt_name": "G",
      "nt_code": "G",
      "nt_id": "A.G19",
      "nt_type": "RNA",
      "dbn": ")",
      "summary": "anti,~C3'-endo,BI,canonical,non-pair-contact,helix,stem-end,coaxial-stack,hairpin-loop,phosphate",
      "alpha": -95.106,
      "beta": -170.804,
      "gamma": 70.685,
      "delta": 83.326,
      "epsilon": -159.655,
      "zeta": -57.321,
      "epsilon_zeta": -102.334,
      "bb_type": "BI",
      "chi": -146.731,
      "glyco_bond": "anti",
      "C5prime_xyz": [
        -1.34,
        8.78,
        -0.387
      ],
      "P_xyz": [
        1.293,
        8.919,
        -0.645
      ],
      "form": "A",
      "ssZp": 3.91,
      "Dp": 4.645,
      "splay_angle": 22.829,
      "splay_distance": 3.892,
      "splay_ratio": 0.203,
      "eta": 165.354,
      "theta": -132.054,
      "eta_prime": 178.991,
      "theta_prime": -136.522,
      "eta_base": -132.855,
      "theta_base": -119.066,
      "v0": 7.44,
      "v1": -29.125,
      "v2": 38.072,
      "v3": -34.889,
      "v4": 17.625,
      "amplitude": 38.423,
      "phase_angle": 7.751,
      "puckering": "C3'-endo",
      "sugar_class": "~C3'-endo",
      "bin": "33p",
      "cluster": "1a",
      "suiteness": 0.182,
      "filter_rmsd": 0.033,
      "frame": {
        "rmsd": 0.033,
        "origin": [
          -1.577,
          7.445,
          -2.406
        ],
        "x_axis": [
          0.665,
          -0.199,
          0.72
        ],
        "y_axis": [
          -0.738,
          -0.027,
          0.674
        ],
        "z_axis": [
          -0.115,
          -0.98,
          -0.165
        ],
        "quaternion": [
          0.607,
          0.681,
          -0.344,
          0.222
        ]
      },
      "sse": {
        "sse": "hairpin_1"
      },
      "binding_protein": null,
      "binding_ion": null,
      "binding_small-molecule": "",
      "TotalAsa": 199.73807663946943,
      "PolarAsa": 151.43786887671644,
      "ApolarAsa": 48.300207762752976,
      "id": "2n0j.A.19"
    },
    {
      "index": 2,
      "index_chain": 2,
      "chain_name": "A",
      "nt_resnum": 2,
      "nt_name": "G",
      "nt_code": "G",
      "nt_id": "A.G2",
      "nt_type": "RNA",
      "dbn": "(",
      "summary": "anti,~C3'-endo,BI,canonical,non-pair-contact,helix,stem,coaxial-stack",
      "alpha": -72.574,
      "beta": 174.386,
      "gamma": 64.543,
      "delta": 84.81,
      "epsilon": -128.911,
      "zeta": -67.998,
      "epsilon_zeta": -60.913,
      "bb_type": "BI",
      "chi": -164.277,
      "glyco_bond": "anti",
      "C5prime_xyz": [
        -1.903,
        8.883,
        0.516
      ],
      "P_xyz": [
        0.478,
        9.856,
        0.968
      ],
      "form": ".",
      "ssZp": 3.863,
      "Dp": 4.537,
      "splay_angle": 18.439,
      "splay_distance": 3.176,
      "splay_ratio": 0.163,
      "eta": 177.847,
      "theta": -132.192,
      "eta_prime": -167.324,
      "theta_prime": -136.619,
      "eta_base": -134.866,
      "theta_base": -105.663,
      "v0": -1.283,
      "v1": -21.452,
      "v2": 34.119,
      "v3": -36.338,
      "v4": 24.02,
      "amplitude": 36.532,
      "phase_angle": 20.943,
      "puckering": "C3'-endo",
      "sugar_class": "~C3'-endo",
      "bin": "33p",
      "cluster": "1a",
      "suiteness": 0.707,
      "filter_rmsd": 0.033,
      "frame": {
        "rmsd": 0.033,
        "origin": [
          -6.399,
          -12.274,
          4.281
        ],
        "x_axis": [
          0.253,
          -0.103,
          -0.962
        ],
        "y_axis": [
          -0.763,
          0.59,
          -0.263
        ],
        "z_axis": [
          0.595,
          0.801,
          0.07
        ],
        "quaternion": [
          0.692,
          -0.385,
          0.563,
          0.239
        ]
      },
      "sse": {
        "sse": null
      },
      "binding_protein": null,
      "binding_ion": null,
      "binding_small-molecule": null,
      "TotalAsa": 178.8917549865462,
      "PolarAsa": 144.32590500085718,
      "ApolarAsa": 34.56584998568902,
      "id": "2n0j.A.2"
    },
    {
      "index": 20,
      "index_chain": 20,
      "chain_name": "A",
      "nt_resnum": 20,
      "nt_name": "G",
      "nt_code": "G",
      "nt_id": "A.G20",
      "nt_type": "RNA",
      "dbn": ")",
      "summary": "anti,~C3'-endo,BI,canonical,non-pair-contact,helix,stem-end,coaxial-stack,internal-loop",
      "alpha": -76.355,
      "beta": 167.512,
      "gamma": 73.107,
      "delta": 80.528,
      "epsilon": -165.83,
      "zeta": -75.59,
      "epsilon_zeta": -90.24,
      "bb_type": "BI",
      "chi": -159.47,
      "glyco_bond": "anti",
      "C5prime_xyz": [
        -1.98,
        8.933,
        0.47
      ],
      "P_xyz": [
        0.347,
        10.022,
        -0.033
      ],
      "form": ".",
      "ssZp": 4.361,
      "Dp": 4.453,
      "splay_angle": 28.946,
      "splay_distance": 4.998,
      "splay_ratio": 0.259,
      "eta": 171.71,
      "theta": -164.291,
      "eta_prime": -169.072,
      "theta_prime": -167.647,
      "eta_base": -131.011,
      "theta_base": -167.563,
      "v0": -2.258,
      "v1": -21.427,
      "v2": 34.837,
      "v3": -37.345,
      "v4": 25.495,
      "amplitude": 37.616,
      "phase_angle": 22.161,
      "puckering": "C3'-endo",
      "sugar_class": "~C3'-endo",
      "bin": "33p",
      "cluster": "1a",
      "suiteness": 0.353,
      "filter_rmsd": 0.036,
      "frame": {
        "rmsd": 0.036,
        "origin": [
          0.046,
          3.915,
          -2.642
        ],
        "x_axis": [
          0.283,
          -0.073,
          0.956
        ],
        "y_axis": [
          -0.959,
          -0.004,
          0.284
        ],
        "z_axis": [
          -0.017,
          -0.997,
          -0.071
        ],
        "quaternion": [
          0.55,
          0.583,
          -0.443,
          0.403
        ]
      },
      "sse": {
        "sse": null
      },
      "binding_protein": null,
      "binding_ion": null,
      "binding_small-molecule": "",
      "TotalAsa": 193.81774581513884,
      "PolarAsa": 149.29554532824395,
      "ApolarAsa": 44.5222004868949,
      "id": "2n0j.A.20"
    },
    {
      "index": 21,
      "index_chain": 21,
      "chain_name": "A",
      "nt_resnum": 21,
      "nt_name": "U",
      "nt_code": "U",
      "nt_id": "A.U21",
      "nt_type": "RNA",
      "dbn": ".",
      "summary": "anti,~C3'-endo,BI,non-canonical,non-pair-contact,helix,internal-loop",
      "alpha": -83.18,
      "beta": 174.49,
      "gamma": 77.319,
      "delta": 80.006,
      "epsilon": -143.835,
      "zeta": -57.293,
      "epsilon_zeta": -86.542,
      "bb_type": "BI",
      "chi": -159.403,
      "glyco_bond": "anti",
      "C5prime_xyz": [
        -2.274,
        8.974,
        0.452
      ],
      "P_xyz": [
        -0.036,
        10.324,
        0.156
      ],
      "form": ".",
      "ssZp": 4.262,
      "Dp": 4.42,
      "splay_angle": 32.258,
      "splay_distance": 5.398,
      "splay_ratio": 0.28,
      "eta": -178.907,
      "theta": -131.145,
      "eta_prime": -173.883,
      "theta_prime": -128.717,
      "eta_base": -167.948,
      "theta_base": -80.928,
      "v0": -6.703,
      "v1": -18.388,
      "v2": 34.233,
      "v3": -39.725,
      "v4": 29.796,
      "amplitude": 39.052,
      "phase_angle": 28.764,
      "puckering": "C3'-endo",
      "sugar_class": "~C3'-endo",
      "bin": "33p",
      "cluster": "1a",
      "suiteness": 0.169,
      "filter_rmsd": 0.102,
      "frame": {
        "rmsd": 0.027,
        "origin": [
          2.501,
          0.525,
          -5.373
        ],
        "x_axis": [
          0.118,
          -0.109,
          0.987
        ],
        "y_axis": [
          -0.992,
          -0.056,
          0.113
        ],
        "z_axis": [
          0.043,
          -0.992,
          -0.115
        ],
        "quaternion": [
          0.487,
          0.568,
          -0.485,
          0.454
        ]
      },
      "sse": {
        "sse": null
      },
      "binding_protein": null,
      "binding_ion": null,
      "binding_small-molecule": "",
      "TotalAsa": 185.58094052146197,
      "PolarAsa": 140.6097781997081,
      "ApolarAsa": 44.97116232175386,
      "id": "2n0j.A.21"
    },
    {
      "index": 22,
      "index_chain": 22,
      "chain_name": "A",
      "nt_resnum": 22,
      "nt_name": "C",
      "nt_code": "C",
      "nt_id": "A.C22",
      "nt_type": "RNA",
      "dbn": ")",
      "summary": "anti,~C3'-endo,BI,isolated-canonical,non-pair-contact,helix,bulge,internal-loop",
      "alpha": -73.734,
      "beta": 168.008,
      "gamma": 64.041,
      "delta": 80.782,
      "epsilon": -157.222,
      "zeta": -54.616,
      "epsilon_zeta": -102.606,
      "bb_type": "BI",
      "chi": -151.825,
      "glyco_bond": "anti",
      "C5prime_xyz": [
        -1.839,
        8.983,
        -0.18
      ],
      "P_xyz": [
        0.567,
        9.946,
        -0.393
      ],
      "form": ".",
      "ssZp": 3.809,
      "Dp": 4.424,
      "splay_angle": 21.173,
      "splay_distance": 3.634,
      "splay_ratio": 0.185,
      "eta": 166.196,
      "theta": -138.999,
      "eta_prime": -168.9,
      "theta_prime": -141.953,
      "eta_base": -105.303,
      "theta_base": -108.724,
      "v0": -4.469,
      "v1": -20.115,
      "v2": 34.69,
      "v3": -38.709,
      "v4": 27.901,
      "amplitude": 38.44,
      "phase_angle": 25.517,
      "puckering": "C3'-endo",
      "sugar_class": "~C3'-endo",
      "bin": "33p",
      "cluster": "1a",
      "suiteness": 0.703,
      "filter_rmsd": 0.066,
      "frame": {
        "rmsd": 0.012,
        "origin": [
          1.951,
          -3.254,
          -1.559
        ],
        "x_axis": [
          -0.734,
          0.139,
          0.665
        ],
        "y_axis": [
          -0.678,
          -0.096,
          -0.729
        ],
        "z_axis": [
          -0.038,
          -0.986,
          0.165
        ],
        "quaternion": [
          0.289,
          0.222,
          -0.607,
          0.706
        ]
      },
      "sse": {
        "sse": "bulge_1"
      },
      "binding_protein": null,
      "binding_ion": null,
      "binding_small-molecule": "",
      "TotalAsa": 183.6550332455003,
      "PolarAsa": 131.9560202902252,
      "ApolarAsa": 51.6990129552751,
      "id": "2n0j.A.22"
    },
    {
      "index": 23,
      "index_chain": 23,
      "chain_name": "A",
      "nt_resnum": 23,
      "nt_name": "C",
      "nt_code": "C",
      "nt_id": "A.C23",
      "nt_type": "RNA",
      "dbn": ")",
      "summary": "anti,~C3'-endo,BI,canonical,non-pair-contact,helix,stem-end,coaxial-stack,bulge",
      "alpha": -85.052,
      "beta": 167.975,
      "gamma": 63.94,
      "delta": 82.457,
      "epsilon": -150.722,
      "zeta": -70.56,
      "epsilon_zeta": -80.162,
      "bb_type": "BI",
      "chi": -149.285,
      "glyco_bond": "anti",
      "C5prime_xyz": [
        -1.83,
        8.975,
        -0.155
      ],
      "P_xyz": [
        0.46,
        10.002,
        -0.822
      ],
      "form": "A",
      "ssZp": 4.054,
      "Dp": 4.468,
      "splay_angle": 21.736,
      "splay_distance": 3.598,
      "splay_ratio": 0.189,
      "eta": 160.201,
      "theta": -150.165,
      "eta_prime": 178.476,
      "theta_prime": -150.266,
      "eta_base": -133.435,
      "theta_base": -118.37,
      "v0": -3.261,
      "v1": -19.475,
      "v2": 32.852,
      "v3": -35.958,
      "v4": 25.17,
      "amplitude": 35.948,
      "phase_angle": 23.951,
      "puckering": "C3'-endo",
      "sugar_class": "~C3'-endo",
      "bin": "33p",
      "cluster": "1a",
      "suiteness": 0.506,
      "filter_rmsd": 0.065,
      "frame": {
        "rmsd": 0.009,
        "origin": [
          0.932,
          -6.091,
          0.47
        ],
        "x_axis": [
          -0.977,
          0.182,
          0.109
        ],
        "y_axis": [
          -0.161,
          -0.303,
          -0.939
        ],
        "z_axis": [
          -0.138,
          -0.935,
          0.326
        ],
        "quaternion": [
          0.106,
          -0.009,
          -0.581,
          0.807
        ]
      },
      "sse": {
        "sse": "bulge_1"
      },
      "binding_protein": null,
      "binding_ion": null,
      "binding_small-molecule": "",
      "TotalAsa": 177.29922990909492,
      "PolarAsa": 124.61416637113417,
      "ApolarAsa": 52.68506353796071,
      "id": "2n0j.A.23"
    },
    {
      "index": 24,
      "index_chain": 24,
      "chain_name": "A",
      "nt_resnum": 24,
      "nt_name": "A",
      "nt_code": "A",
      "nt_id": "A.A24",
      "nt_type": "RNA",
      "dbn": ")",
      "summary": "anti,~C3'-endo,BI,canonical,non-pair-contact,helix,stem,coaxial-stack",
      "alpha": -81.938,
      "beta": 160.63,
      "gamma": 76.786,
      "delta": 84.481,
      "epsilon": -163.272,
      "zeta": -56.414,
      "epsilon_zeta": -106.857,
      "bb_type": "BI",
      "chi": -153.287,
      "glyco_bond": "anti",
      "C5prime_xyz": [
        -1.738,
        8.8,
        -0.053
      ],
      "P_xyz": [
        0.655,
        9.541,
        -0.813
      ],
      "form": "A",
      "ssZp": 3.943,
      "Dp": 4.449,
      "splay_angle": 20.983,
      "splay_distance": 3.563,
      "splay_ratio": 0.185,
      "eta": 166.899,
      "theta": -142.809,
      "eta_prime": -173.791,
      "theta_prime": -149.834,
      "eta_base": -128.737,
      "theta_base": -121.516,
      "v0": 3.714,
      "v1": -24.825,
      "v2": 34.662,
      "v3": -33.671,
      "v4": 19.395,
      "amplitude": 35.567,
      "phase_angle": 12.948,
      "puckering": "C3'-endo",
      "sugar_class": "~C3'-endo",
      "bin": "33p",
      "cluster": "1a",
      "suiteness": 0.209,
      "filter_rmsd": 0.041,
      "frame": {
        "rmsd": 0.02,
        "origin": [
          -1.034,
          -8.661,
          2.043
        ],
        "x_axis": [
          -0.863,
          0.176,
          -0.473
        ],
        "y_axis": [
          0.326,
          -0.522,
          -0.788
        ],
        "z_axis": [
          -0.386,
          -0.835,
          0.393
        ],
        "quaternion": [
          -0.045,
          -0.258,
          -0.487,
          0.833
        ]
      },
      "sse": {
        "sse": null
      },
      "binding_protein": null,
      "binding_ion": null,
      "binding_small-molecule": null,
      "TotalAsa": 183.67919470816932,
      "PolarAsa": 133.67080078104846,
      "ApolarAsa": 50.00839392712086,
      "id": "2n0j.A.24"
    },
    {
      "index": 25,
      "index_chain": 25,
      "chain_name": "A",
      "nt_resnum": 25,
      "nt_name": "G",
      "nt_code": "G",
      "nt_id": "A.G25",
      "nt_type": "RNA",
      "dbn": ")",
      "summary": "anti,~C3'-endo,BI,canonical,non-pair-contact,helix,stem,coaxial-stack",
      "alpha": -80.702,
      "beta": 167.854,
      "gamma": 61.078,
      "delta": 80.099,
      "epsilon": -158.851,
      "zeta": -56.637,
      "epsilon_zeta": -102.214,
      "bb_type": "BI",
      "chi": -158.883,
      "glyco_bond": "anti",
      "C5prime_xyz": [
        -1.659,
        8.983,
        0.178
      ],
      "P_xyz": [
        0.757,
        9.919,
        -0.109
      ],
      "form": ".",
      "ssZp": 4.255,
      "Dp": 4.609,
      "splay_angle": 23.515,
      "splay_distance": 3.816,
      "splay_ratio": 0.205,
      "eta": 159.31,
      "theta": -141.055,
      "eta_prime": 176.868,
      "theta_prime": -140.097,
      "eta_base": -135.615,
      "theta_base": -93.742,
      "v0": -3.189,
      "v1": -22.77,
      "v2": 37.598,
      "v3": -40.429,
      "v4": 28.299,
      "amplitude": 40.849,
      "phase_angle": 23.012,
      "puckering": "C3'-endo",
      "sugar_class": "~C3'-endo",
      "bin": "33p",
      "cluster": "1a",
      "suiteness": 0.61,
      "filter_rmsd": 0.03,
      "frame": {
        "rmsd": 0.03,
        "origin": [
          -3.669,
          -10.53,
          3.545
        ],
        "x_axis": [
          -0.502,
          -0.09,
          -0.86
        ],
        "y_axis": [
          0.712,
          -0.608,
          -0.352
        ],
        "z_axis": [
          -0.492,
          -0.789,
          0.369
        ],
        "quaternion": [
          -0.254,
          -0.429,
          -0.362,
          0.787
        ]
      },
      "sse": {
        "sse": null
      },
      "binding_protein": null,
      "binding_ion": null,
      "binding_small-molecule": null,
      "TotalAsa": 186.97000682874275,
      "PolarAsa": 145.1337631516729,
      "ApolarAsa": 41.83624367706986,
      "id": "2n0j.A.25"
    },
    {
      "index": 26,
      "index_chain": 26,
      "chain_name": "A",
      "nt_resnum": 26,
      "nt_name": "U",
      "nt_code": "U",
      "nt_id": "A.U26",
      "nt_type": "RNA",
      "dbn": ")",
      "summary": "anti,~C3'-endo,BI,canonical,non-pair-contact,helix,stem,coaxial-stack",
      "alpha": -76.103,
      "beta": 171.441,
      "gamma": 59.867,
      "delta": 80.693,
      "epsilon": -166.286,
      "zeta": -82.543,
      "epsilon_zeta": -83.743,
      "bb_type": "BI",
      "chi": -154.228,
      "glyco_bond": "anti",
      "C5prime_xyz": [
        -1.581,
        8.807,
        0.203
      ],
      "P_xyz": [
        0.912,
        9.479,
        -0.081
      ],
      "form": ".",
      "ssZp": 4.287,
      "Dp": 4.514,
      "splay_angle": 20.707,
      "splay_distance": 3.515,
      "splay_ratio": 0.186,
      "eta": 163.27,
      "theta": -145.939,
      "eta_prime": -174.553,
      "theta_prime": -155.419,
      "eta_base": -109.543,
      "theta_base": -152.496,
      "v0": 3.847,
      "v1": -25.795,
      "v2": 36.352,
      "v3": -35.517,
      "v4": 20.222,
      "amplitude": 37.327,
      "phase_angle": 13.13,
      "puckering": "C3'-endo",
      "sugar_class": "~C3'-endo",
      "bin": "33p",
      "cluster": "1a",
      "suiteness": 0.732,
      "filter_rmsd": 0.1,
      "frame": {
        "rmsd": 0.029,
        "origin": [
          -6.383,
          -12.887,
          2.265
        ],
        "x_axis": [
          0.146,
          -0.44,
          -0.886
        ],
        "y_axis": [
          0.764,
          -0.519,
          0.383
        ],
        "z_axis": [
          -0.629,
          -0.733,
          0.26
        ],
        "quaternion": [
          -0.471,
          -0.593,
          -0.137,
          0.639
        ]
      },
      "sse": {
        "sse": null
      },
      "binding_protein": null,
      "binding_ion": null,
      "binding_small-molecule": null,
      "TotalAsa": 189.14171975788022,
      "PolarAsa": 137.16376495667066,
      "ApolarAsa": 51.97795480120956,
      "id": "2n0j.A.26"
    },
    {
      "index": 27,
      "index_chain": 27,
      "chain_name": "A",
      "nt_resnum": 27,
      "nt_name": "C",
      "nt_code": "C",
      "nt_id": "A.C27",
      "nt_type": "RNA",
      "dbn": ")",
      "summary": "anti,~C3'-endo,canonical,non-pair-contact,helix-end,stem-end,coaxial-stack",
      "alpha": 160.249,
      "beta": -177.587,
      "gamma": 171.189,
      "delta": 87.778,
      "epsilon": null,
      "zeta": null,
      "epsilon_zeta": null,
      "bb_type": "--",
      "chi": -166.637,
      "glyco_bond": "anti",
      "C5prime_xyz": [
        -1.173,
        8.361,
        0.896
      ],
      "P_xyz": [
        0.699,
        9.888,
        -0.029
      ],
      "form": "-",
      "ssZp": null,
      "Dp": null,
      "splay_angle": null,
      "splay_distance": null,
      "splay_ratio": null,
      "eta": null,
      "theta": null,
      "eta_prime": null,
      "theta_prime": null,
      "eta_base": null,
      "theta_base": null,
      "v0": 18.839,
      "v1": -35.132,
      "v2": 37.706,
      "v3": -28.147,
      "v4": 5.779,
      "amplitude": 38.264,
      "phase_angle": 350.2,
      "puckering": "C2'-exo",
      "sugar_class": "~C3'-endo",
      "bin": "33t",
      "cluster": "1c",
      "suiteness": 0.744,
      "filter_rmsd": 0.071,
      "frame": {
        "rmsd": 0.021,
        "origin": [
          -9.792,
          -13.701,
          2.529
        ],
        "x_axis": [
          0.614,
          -0.309,
          -0.726
        ],
        "y_axis": [
          0.558,
          -0.48,
          0.677
        ],
        "z_axis": [
          -0.558,
          -0.821,
          -0.123
        ],
        "quaternion": [
          0.503,
          0.744,
          0.084,
          -0.431
        ]
      },
      "sse": {
        "sse": null
      },
      "binding_protein": null,
      "binding_ion": null,
      "binding_small-molecule": null,
      "TotalAsa": 266.89225145130564,
      "PolarAsa": 185.77221660490684,
      "ApolarAsa": 81.12003484639884,
      "id": "2n0j.A.27"
    },
    {
      "index": 3,
      "index_chain": 3,
      "chain_name": "A",
      "nt_resnum": 3,
      "nt_name": "C",
      "nt_code": "C",
      "nt_id": "A.C3",
      "nt_type": "RNA",
      "dbn": "(",
      "summary": "anti,~C3'-endo,BI,canonical,non-pair-contact,helix,stem,coaxial-stack",
      "alpha": -101.051,
      "beta": 146.912,
      "gamma": 94.236,
      "delta": 81.415,
      "epsilon": -165.234,
      "zeta": -64.826,
      "epsilon_zeta": -100.409,
      "bb_type": "BI",
      "chi": -158.336,
      "glyco_bond": "anti",
      "C5prime_xyz": [
        -1.808,
        8.992,
        0.222
      ],
      "P_xyz": [
        0.213,
        9.973,
        -1.13
      ],
      "form": "A",
      "ssZp": 4.095,
      "Dp": 4.425,
      "splay_angle": 23.338,
      "splay_distance": 3.807,
      "splay_ratio": 0.203,
      "eta": 154.387,
      "theta": -157.31,
      "eta_prime": 176.621,
      "theta_prime": -156.973,
      "eta_base": -136.276,
      "theta_base": -125.17,
      "v0": -0.531,
      "v1": -22.597,
      "v2": 34.989,
      "v3": -36.504,
      "v4": 23.951,
      "amplitude": 37.146,
      "phase_angle": 19.62,
      "puckering": "C3'-endo",
      "sugar_class": "~C3'-endo",
      "bin": "33p",
      "cluster": "!!",
      "suiteness": 0.0,
      "filter_rmsd": 0.065,
      "frame": {
        "rmsd": 0.012,
        "origin": [
          -3.75,
          -10.681,
          3.551
        ],
        "x_axis": [
          -0.258,
          0.16,
          -0.953
        ],
        "y_axis": [
          -0.633,
          0.717,
          0.292
        ],
        "z_axis": [
          0.73,
          0.678,
          -0.084
        ],
        "quaternion": [
          0.586,
          -0.165,
          0.717,
          0.338
        ]
      },
      "sse": {
        "sse": null
      },
      "binding_protein": null,
      "binding_ion": null,
      "binding_small-molecule": null,
      "TotalAsa": 180.34413767480464,
      "PolarAsa": 118.01753180248117,
      "ApolarAsa": 62.32660587232345,
      "id": "2n0j.A.3"
    },
    {
      "index": 4,
      "index_chain": 4,
      "chain_name": "A",
      "nt_resnum": 4,
      "nt_name": "U",
      "nt_code": "U",
      "nt_id": "A.U4",
      "nt_type": "RNA",
      "dbn": "(",
      "summary": "anti,~C3'-endo,BI,canonical,non-pair-contact,helix,stem,coaxial-stack,phosphate",
      "alpha": -87.253,
      "beta": 176.309,
      "gamma": 72.532,
      "delta": 83.074,
      "epsilon": -164.609,
      "zeta": -60.706,
      "epsilon_zeta": -103.903,
      "bb_type": "BI",
      "chi": -154.078,
      "glyco_bond": "anti",
      "C5prime_xyz": [
        -1.792,
        8.853,
        -0.395
      ],
      "P_xyz": [
        0.742,
        9.489,
        -0.021
      ],
      "form": "B",
      "ssZp": 3.114,
      "Dp": 4.424,
      "splay_angle": 20.211,
      "splay_distance": 3.341,
      "splay_ratio": 0.175,
      "eta": 171.426,
      "theta": -141.227,
      "eta_prime": -169.041,
      "theta_prime": -137.177,
      "eta_base": -125.246,
      "theta_base": -111.433,
      "v0": 2.25,
      "v1": -23.952,
      "v2": 34.828,
      "v3": -34.843,
      "v4": 20.948,
      "amplitude": 36.131,
      "phase_angle": 15.432,
      "puckering": "C3'-endo",
      "sugar_class": "~C3'-endo",
      "bin": "33p",
      "cluster": "1a",
      "suiteness": 0.274,
      "filter_rmsd": 0.106,
      "frame": {
        "rmsd": 0.041,
        "origin": [
          -1.022,
          -8.59,
          1.914
        ],
        "x_axis": [
          -0.737,
          0.382,
          -0.557
        ],
        "y_axis": [
          -0.308,
          0.544,
          0.781
        ],
        "z_axis": [
          0.601,
          0.747,
          -0.283
        ],
        "quaternion": [
          0.362,
          0.023,
          0.801,
          0.477
        ]
      },
      "sse": {
        "sse": null
      },
      "binding_protein": null,
      "binding_ion": null,
      "binding_small-molecule": "",
      "TotalAsa": 172.57239539106018,
      "PolarAsa": 121.70091059806327,
      "ApolarAsa": 50.871484792996924,
      "id": "2n0j.A.4"
    },
    {
      "index": 5,
      "index_chain": 5,
      "chain_name": "A",
      "nt_resnum": 5,
      "nt_name": "G",
      "nt_code": "G",
      "nt_id": "A.G5",
      "nt_type": "RNA",
      "dbn": "(",
      "summary": "anti,~C2'-endo,canonical,non-pair-contact,helix,stem-end,coaxial-stack,bulge,phosphate,splayed-apart",
      "alpha": -72.32,
      "beta": 175.598,
      "gamma": 68.868,
      "delta": 140.575,
      "epsilon": -86.099,
      "zeta": -87.584,
      "epsilon_zeta": 1.485,
      "bb_type": "--",
      "chi": -112.377,
      "glyco_bond": "anti",
      "C5prime_xyz": [
        -2.023,
        8.485,
        -1.77
      ],
      "P_xyz": [
        0.384,
        9.417,
        -1.333
      ],
      "form": ".",
      "ssZp": -0.286,
      "Dp": 0.746,
      "splay_angle": 91.189,
      "splay_distance": 14.031,
      "splay_ratio": 0.715,
      "eta": -155.715,
      "theta": -44.49,
      "eta_prime": -131.077,
      "theta_prime": -72.028,
      "eta_base": -105.77,
      "theta_base": -32.508,
      "v0": -23.373,
      "v1": 35.197,
      "v2": -34.091,
      "v3": 21.7,
      "v4": 0.957,
      "amplitude": 36.238,
      "phase_angle": 160.174,
      "puckering": "C2'-endo",
      "sugar_class": "~C2'-endo",
      "bin": "32p",
      "cluster": "1b",
      "suiteness": 0.582,
      "filter_rmsd": 0.042,
      "frame": {
        "rmsd": 0.042,
        "origin": [
          0.703,
          -6.123,
          0.466
        ],
        "x_axis": [
          -0.894,
          0.446,
          0.024
        ],
        "y_axis": [
          0.201,
          0.354,
          0.913
        ],
        "z_axis": [
          0.399,
          0.822,
          -0.406
        ],
        "quaternion": [
          0.115,
          0.199,
          0.815,
          0.533
        ]
      },
      "sse": {
        "sse": "bulge_1"
      },
      "binding_protein": null,
      "binding_ion": null,
      "binding_small-molecule": "",
      "TotalAsa": 133.3115270390947,
      "PolarAsa": 95.5138235722272,
      "ApolarAsa": 37.7977034668675,
      "id": "2n0j.A.5"
    },
    {
      "index": 6,
      "index_chain": 6,
      "chain_name": "A",
      "nt_resnum": 6,
      "nt_name": "C",
      "nt_code": "C",
      "nt_id": "A.C6",
      "nt_type": "RNA",
      "dbn": ".",
      "summary": "anti,~C3'-endo,BI,non-stack,non-pair-contact,bulge,splayed-apart",
      "alpha": 41.184,
      "beta": -178.371,
      "gamma": -100.541,
      "delta": 97.529,
      "epsilon": -159.513,
      "zeta": -68.72,
      "epsilon_zeta": -90.793,
      "bb_type": "BI",
      "chi": 164.901,
      "glyco_bond": "anti",
      "C5prime_xyz": [
        -0.545,
        7.19,
        2.405
      ],
      "P_xyz": [
        1.065,
        8.454,
        3.991
      ],
      "form": ".",
      "ssZp": 4.717,
      "Dp": 4.699,
      "splay_angle": 113.285,
      "splay_distance": 15.297,
      "splay_ratio": 0.841,
      "eta": 111.77,
      "theta": -177.875,
      "eta_prime": 154.83,
      "theta_prime": 166.037,
      "eta_base": -158.656,
      "theta_base": 160.265,
      "v0": 32.464,
      "v1": -45.184,
      "v2": 41.774,
      "v3": -22.164,
      "v4": -6.696,
      "amplitude": 46.403,
      "phase_angle": 334.19,
      "puckering": "C2'-exo",
      "sugar_class": "~C3'-endo",
      "bin": "trig",
      "cluster": "!!",
      "suiteness": 0.0,
      "filter_rmsd": 0.074,
      "frame": {
        "rmsd": 0.029,
        "origin": [
          3.934,
          1.701,
          11.657
        ],
        "x_axis": [
          -0.859,
          -0.506,
          -0.077
        ],
        "y_axis": [
          0.389,
          -0.547,
          -0.741
        ],
        "z_axis": [
          0.333,
          -0.667,
          0.667
        ],
        "quaternion": [
          -0.255,
          0.073,
          -0.401,
          0.877
        ]
      },
      "sse": {
        "sse": "bulge_1"
      },
      "binding_protein": null,
      "binding_ion": null,
      "binding_small-molecule": null,
      "TotalAsa": 196.46213547501088,
      "PolarAsa": 174.9943155319716,
      "ApolarAsa": 21.467819943039316,
      "id": "2n0j.A.6"
    },
    {
      "index": 7,
      "index_chain": 7,
      "chain_name": "A",
      "nt_resnum": 7,
      "nt_name": "U",
      "nt_code": "U",
      "nt_id": "A.U7",
      "nt_type": "RNA",
      "dbn": ".",
      "summary": "turn,anti,~C3'-endo,non-stack,non-pair-contact,bulge,splayed-apart",
      "alpha": -62.402,
      "beta": 175.749,
      "gamma": -145.791,
      "delta": 95.119,
      "epsilon": -178.711,
      "zeta": 162.254,
      "epsilon_zeta": 19.034,
      "bb_type": "--",
      "chi": -134.356,
      "glyco_bond": "anti",
      "C5prime_xyz": [
        -1.345,
        8.48,
        -0.79
      ],
      "P_xyz": [
        -0.898,
        10.401,
        -2.46
      ],
      "form": ".",
      "ssZp": 3.766,
      "Dp": 4.259,
      "splay_angle": 112.55,
      "splay_distance": 15.407,
      "splay_ratio": 0.832,
      "eta": -9.311,
      "theta": 24.911,
      "eta_prime": -14.644,
      "theta_prime": 138.815,
      "eta_base": -54.922,
      "theta_base": -154.554,
      "v0": 11.402,
      "v1": -27.066,
      "v2": 31.8,
      "v3": -26.331,
      "v4": 9.535,
      "amplitude": 31.811,
      "phase_angle": 358.477,
      "puckering": "C2'-exo",
      "sugar_class": "~C3'-endo",
      "bin": "33t",
      "cluster": "!!",
      "suiteness": 0.0,
      "filter_rmsd": 0.102,
      "frame": {
        "rmsd": 0.026,
        "origin": [
          18.784,
          3.67,
          14.758
        ],
        "x_axis": [
          0.678,
          -0.642,
          -0.357
        ],
        "y_axis": [
          -0.718,
          -0.473,
          -0.511
        ],
        "z_axis": [
          0.159,
          0.603,
          -0.782
        ],
        "quaternion": [
          -0.325,
          0.856,
          -0.397,
          -0.058
        ]
      },
      "sse": {
        "sse": "bulge_1"
      },
      "binding_protein": null,
      "binding_ion": null,
      "binding_small-molecule": null,
      "TotalAsa": 343.6012748343986,
      "PolarAsa": 246.4754742108217,
      "ApolarAsa": 97.12580062357698,
      "id": "2n0j.A.7"
    },
    {
      "index": 8,
      "index_chain": 8,
      "chain_name": "A",
      "nt_resnum": 8,
      "nt_name": "U",
      "nt_code": "U",
      "nt_id": "A.U8",
      "nt_type": "RNA",
      "dbn": ".",
      "summary": "anti,~C2'-endo,non-stack,non-pair-contact,bulge,phosphate,splayed-apart",
      "alpha": -104.856,
      "beta": -171.77,
      "gamma": 168.84,
      "delta": 158.176,
      "epsilon": -84.943,
      "zeta": -100.864,
      "epsilon_zeta": 15.921,
      "bb_type": "--",
      "chi": -160.677,
      "glyco_bond": "anti",
      "C5prime_xyz": [
        -1.225,
        8.098,
        1.543
      ],
      "P_xyz": [
        1.13,
        9.038,
        0.909
      ],
      "form": ".",
      "ssZp": 2.163,
      "Dp": 1.16,
      "splay_angle": 128.021,
      "splay_distance": 16.987,
      "splay_ratio": 0.899,
      "eta": -25.937,
      "theta": -66.563,
      "eta_prime": -136.593,
      "theta_prime": -120.87,
      "eta_base": 153.265,
      "theta_base": 175.043,
      "v0": -5.537,
      "v1": 25.602,
      "v2": -34.671,
      "v3": 32.428,
      "v4": -16.899,
      "amplitude": 35.171,
      "phase_angle": 189.673,
      "puckering": "C3'-exo",
      "sugar_class": "~C2'-endo",
      "bin": "32t",
      "cluster": "!!",
      "suiteness": 0.0,
      "filter_rmsd": 0.099,
      "frame": {
        "rmsd": 0.023,
        "origin": [
          13.835,
          8.428,
          0.965
        ],
        "x_axis": [
          0.735,
          0.359,
          0.575
        ],
        "y_axis": [
          -0.373,
          -0.494,
          0.785
        ],
        "z_axis": [
          0.566,
          -0.792,
          -0.229
        ],
        "quaternion": [
          0.503,
          0.784,
          -0.005,
          0.364
        ]
      },
      "sse": {
        "sse": "bulge_1"
      },
      "binding_protein": null,
      "binding_ion": null,
      "binding_small-molecule": null,
      "TotalAsa": 276.40142435388884,
      "PolarAsa": 192.60182876055165,
      "ApolarAsa": 83.79959559333717,
      "id": "2n0j.A.8"
    },
    {
      "index": 9,
      "index_chain": 9,
      "chain_name": "A",
      "nt_resnum": 9,
      "nt_name": "G",
      "nt_code": "G",
      "nt_id": "A.G9",
      "nt_type": "RNA",
      "dbn": "(",
      "summary": "turn,anti,~C3'-endo,isolated-canonical,non-pair-contact,helix,bulge,internal-loop,phosphate,splayed-apart",
      "alpha": 93.539,
      "beta": 142.384,
      "gamma": 56.088,
      "delta": 88.408,
      "epsilon": -104.764,
      "zeta": -66.326,
      "epsilon_zeta": -38.437,
      "bb_type": "--",
      "chi": 170.375,
      "glyco_bond": "anti",
      "C5prime_xyz": [
        -2.286,
        8.267,
        2.276
      ],
      "P_xyz": [
        0.097,
        8.251,
        3.44
      ],
      "form": "B",
      "ssZp": 3.91,
      "Dp": 4.285,
      "splay_angle": 23.645,
      "splay_distance": 3.959,
      "splay_ratio": 0.206,
      "eta": -71.871,
      "theta": -90.754,
      "eta_prime": -2.362,
      "theta_prime": -100.122,
      "eta_base": 51.845,
      "theta_base": -69.8,
      "v0": -0.555,
      "v1": -21.47,
      "v2": 33.317,
      "v3": -34.484,
      "v4": 22.599,
      "amplitude": 35.329,
      "phase_angle": 19.428,
      "puckering": "C3'-endo",
      "sugar_class": "~C3'-endo",
      "bin": "23p",
      "cluster": "8d",
      "suiteness": 0.14,
      "filter_rmsd": 0.05,
      "frame": {
        "rmsd": 0.05,
        "origin": [
          2.041,
          -3.482,
          -1.796
        ],
        "x_axis": [
          -0.735,
          0.298,
          0.609
        ],
        "y_axis": [
          0.662,
          0.118,
          0.74
        ],
        "z_axis": [
          0.149,
          0.947,
          -0.284
        ],
        "quaternion": [
          -0.158,
          0.328,
          0.731,
          0.577
        ]
      },
      "sse": {
        "sse": "bulge_1"
      },
      "binding_protein": null,
      "binding_ion": null,
      "binding_small-molecule": "",
      "TotalAsa": 124.91227437658581,
      "PolarAsa": 82.23402025407633,
      "ApolarAsa": 42.67825412250951,
      "id": "2n0j.A.9"
    }
  ],
  "links": [
    {
      "LW": "B53",
      "backbone": true,
      "source": "2n0j.A.1",
      "target": "2n0j.A.2"
    },
    {
      "index": 1,
      "nt1": "A.G1",
      "nt2": "A.C27",
      "bp": "G-C",
      "name": "WC",
      "Saenger": "19-XIX",
      "LW": "cWW",
      "DSSR": "cW-W",
      "source": "2n0j.A.1",
      "target": "2n0j.A.27"
    },
    {
      "LW": "B53",
      "backbone": true,
      "source": "2n0j.A.10",
      "target": "2n0j.A.11"
    },
    {
      "LW": "B35",
      "backbone": true,
      "source": "2n0j.A.10",
      "target": "2n0j.A.9"
    },
    {
      "index": 7,
      "nt1": "A.U10",
      "nt2": "A.U21",
      "bp": "U-U",
      "name": "--",
      "Saenger": "16-XVI",
      "LW": "cWW",
      "DSSR": "cW-W",
      "source": "2n0j.A.10",
      "target": "2n0j.A.21"
    },
    {
      "LW": "B53",
      "backbone": true,
      "source": "2n0j.A.11",
      "target": "2n0j.A.12"
    },
    {
      "LW": "B35",
      "backbone": true,
      "source": "2n0j.A.11",
      "target": "2n0j.A.10"
    },
    {
      "index": 8,
      "nt1": "A.C11",
      "nt2": "A.G20",
      "bp": "C-G",
      "name": "WC",
      "Saenger": "19-XIX",
      "LW": "cWW",
      "DSSR": "cW-W",
      "source": "2n0j.A.11",
      "target": "2n0j.A.20"
    },
    {
      "LW": "B53",
      "backbone": true,
      "source": "2n0j.A.12",
      "target": "2n0j.A.13"
    },
    {
      "LW": "B35",
      "backbone": true,
      "source": "2n0j.A.12",
      "target": "2n0j.A.11"
    },
    {
      "index": 9,
      "nt1": "A.C12",
      "nt2": "A.G19",
      "bp": "C-G",
      "name": "WC",
      "Saenger": "19-XIX",
      "LW": "cWW",
      "DSSR": "cW-W",
      "source": "2n0j.A.12",
      "target": "2n0j.A.19"
    },
    {
      "LW": "B53",
      "backbone": true,
      "source": "2n0j.A.13",
      "target": "2n0j.A.14"
    },
    {
      "LW": "B35",
      "backbone": true,
      "source": "2n0j.A.13",
      "target": "2n0j.A.12"
    },
    {
      "index": 10,
      "nt1": "A.U13",
      "nt2": "A.U18",
      "bp": "U-U",
      "name": "--",
      "Saenger": "16-XVI",
      "LW": "cWW",
      "DSSR": "cW-W",
      "source": "2n0j.A.13",
      "target": "2n0j.A.18"
    },
    {
      "LW": "B53",
      "backbone": true,
      "source": "2n0j.A.14",
      "target": "2n0j.A.15"
    },
    {
      "LW": "B35",
      "backbone": true,
      "source": "2n0j.A.14",
      "target": "2n0j.A.13"
    },
    {
      "LW": "B53",
      "backbone": true,
      "source": "2n0j.A.15",
      "target": "2n0j.A.16"
    },
    {
      "LW": "B35",
      "backbone": true,
      "source": "2n0j.A.15",
      "target": "2n0j.A.14"
    },
    {
      "LW": "B53",
      "backbone": true,
      "source": "2n0j.A.16",
      "target": "2n0j.A.17"
    },
    {
      "LW": "B35",
      "backbone": true,
      "source": "2n0j.A.16",
      "target": "2n0j.A.15"
    },
    {
      "LW": "B53",
      "backbone": true,
      "source": "2n0j.A.17",
      "target": "2n0j.A.18"
    },
    {
      "LW": "B35",
      "backbone": true,
      "source": "2n0j.A.17",
      "target": "2n0j.A.16"
    },
    {
      "LW": "B53",
      "backbone": true,
      "source": "2n0j.A.18",
      "target": "2n0j.A.19"
    },
    {
      "LW": "B35",
      "backbone": true,
      "source": "2n0j.A.18",
      "target": "2n0j.A.17"
    },
    {
      "index": 10,
      "nt1": "A.U18",
      "nt2": "A.U13",
      "bp": "U-U",
      "name": "--",
      "Saenger": "16-XVI",
      "LW": "cWW",
      "DSSR": "cW-W",
      "source": "2n0j.A.18",
      "target": "2n0j.A.13"
    },
    {
      "LW": "B53",
      "backbone": true,
      "source": "2n0j.A.19",
      "target": "2n0j.A.20"
    },
    {
      "LW": "B35",
      "backbone": true,
      "source": "2n0j.A.19",
      "target": "2n0j.A.18"
    },
    {
      "index": 9,
      "nt1": "A.G19",
      "nt2": "A.C12",
      "bp": "G-C",
      "name": "WC",
      "Saenger": "19-XIX",
      "LW": "cWW",
      "DSSR": "cW-W",
      "source": "2n0j.A.19",
      "target": "2n0j.A.12"
    },
    {
      "LW": "B53",
      "backbone": true,
      "source": "2n0j.A.2",
      "target": "2n0j.A.3"
    },
    {
      "LW": "B35",
      "backbone": true,
      "source": "2n0j.A.2",
      "target": "2n0j.A.1"
    },
    {
      "index": 2,
      "nt1": "A.G2",
      "nt2": "A.U26",
      "bp": "G-U",
      "name": "Wobble",
      "Saenger": "28-XXVIII",
      "LW": "cWW",
      "DSSR": "cW-W",
      "source": "2n0j.A.2",
      "target": "2n0j.A.26"
    },
    {
      "LW": "B53",
      "backbone": true,
      "source": "2n0j.A.20",
      "target": "2n0j.A.21"
    },
    {
      "LW": "B35",
      "backbone": true,
      "source": "2n0j.A.20",
      "target": "2n0j.A.19"
    },
    {
      "index": 8,
      "nt1": "A.G20",
      "nt2": "A.C11",
      "bp": "G-C",
      "name": "WC",
      "Saenger": "19-XIX",
      "LW": "cWW",
      "DSSR": "cW-W",
      "source": "2n0j.A.20",
      "target": "2n0j.A.11"
    },
    {
      "LW": "B53",
      "backbone": true,
      "source": "2n0j.A.21",
      "target": "2n0j.A.22"
    },
    {
      "LW": "B35",
      "backbone": true,
      "source": "2n0j.A.21",
      "target": "2n0j.A.20"
    },
    {
      "index": 7,
      "nt1": "A.U21",
      "nt2": "A.U10",
      "bp": "U-U",
      "name": "--",
      "Saenger": "16-XVI",
      "LW": "cWW",
      "DSSR": "cW-W",
      "source": "2n0j.A.21",
      "target": "2n0j.A.10"
    },
    {
      "LW": "B53",
      "backbone": true,
      "source": "2n0j.A.22",
      "target": "2n0j.A.23"
    },
    {
      "LW": "B35",
      "backbone": true,
      "source": "2n0j.A.22",
      "target": "2n0j.A.21"
    },
    {
      "index": 6,
      "nt1": "A.C22",
      "nt2": "A.G9",
      "bp": "C-G",
      "name": "WC",
      "Saenger": "19-XIX",
      "LW": "cWW",
      "DSSR": "cW-W",
      "source": "2n0j.A.22",
      "target": "2n0j.A.9"
    },
    {
      "LW": "B53",
      "backbone": true,
      "source": "2n0j.A.23",
      "target": "2n0j.A.24"
    },
    {
      "LW": "B35",
      "backbone": true,
      "source": "2n0j.A.23",
      "target": "2n0j.A.22"
    },
    {
      "index": 5,
      "nt1": "A.C23",
      "nt2": "A.G5",
      "bp": "C-G",
      "name": "WC",
      "Saenger": "19-XIX",
      "LW": "cWW",
      "DSSR": "cW-W",
      "source": "2n0j.A.23",
      "target": "2n0j.A.5"
    },
    {
      "LW": "B53",
      "backbone": true,
      "source": "2n0j.A.24",
      "target": "2n0j.A.25"
    },
    {
      "LW": "B35",
      "backbone": true,
      "source": "2n0j.A.24",
      "target": "2n0j.A.23"
    },
    {
      "index": 4,
      "nt1": "A.A24",
      "nt2": "A.U4",
      "bp": "A-U",
      "name": "WC",
      "Saenger": "20-XX",
      "LW": "cWW",
      "DSSR": "cW-W",
      "source": "2n0j.A.24",
      "target": "2n0j.A.4"
    },
    {
      "LW": "B53",
      "backbone": true,
      "source": "2n0j.A.25",
      "target": "2n0j.A.26"
    },
    {
      "LW": "B35",
      "backbone": true,
      "source": "2n0j.A.25",
      "target": "2n0j.A.24"
    },
    {
      "index": 3,
      "nt1": "A.G25",
      "nt2": "A.C3",
      "bp": "G-C",
      "name": "WC",
      "Saenger": "19-XIX",
      "LW": "cWW",
      "DSSR": "cW-W",
      "source": "2n0j.A.25",
      "target": "2n0j.A.3"
    },
    {
      "LW": "B53",
      "backbone": true,
      "source": "2n0j.A.26",
      "target": "2n0j.A.27"
    },
    {
      "LW": "B35",
      "backbone": true,
      "source": "2n0j.A.26",
      "target": "2n0j.A.25"
    },
    {
      "index": 2,
      "nt1": "A.U26",
      "nt2": "A.G2",
      "bp": "U-G",
      "name": "Wobble",
      "Saenger": "28-XXVIII",
      "LW": "cWW",
      "DSSR": "cW-W",
      "source": "2n0j.A.26",
      "target": "2n0j.A.2"
    },
    {
      "LW": "B35",
      "backbone": true,
      "source": "2n0j.A.27",
      "target": "2n0j.A.26"
    },
    {
      "index": 1,
      "nt1": "A.C27",
      "nt2": "A.G1",
      "bp": "C-G",
      "name": "WC",
      "Saenger": "19-XIX",
      "LW": "cWW",
      "DSSR": "cW-W",
      "source": "2n0j.A.27",
      "target": "2n0j.A.1"
    },
    {
      "LW": "B53",
      "backbone": true,
      "source": "2n0j.A.3",
      "target": "2n0j.A.4"
    },
    {
      "LW": "B35",
      "backbone": true,
      "source": "2n0j.A.3",
      "target": "2n0j.A.2"
    },
    {
      "index": 3,
      "nt1": "A.C3",
      "nt2": "A.G25",
      "bp": "C-G",
      "name": "WC",
      "Saenger": "19-XIX",
      "LW": "cWW",
      "DSSR": "cW-W",
      "source": "2n0j.A.3",
      "target": "2n0j.A.25"
    },
    {
      "LW": "B53",
      "backbone": true,
      "source": "2n0j.A.4",
      "target": "2n0j.A.5"
    },
    {
      "LW": "B35",
      "backbone": true,
      "source": "2n0j.A.4",
      "target": "2n0j.A.3"
    },
    {
      "index": 4,
      "nt1": "A.U4",
      "nt2": "A.A24",
      "bp": "U-A",
      "name": "WC",
      "Saenger": "20-XX",
      "LW": "cWW",
      "DSSR": "cW-W",
      "source": "2n0j.A.4",
      "target": "2n0j.A.24"
    },
    {
      "LW": "B53",
      "backbone": true,
      "source": "2n0j.A.5",
      "target": "2n0j.A.6"
    },
    {
      "LW": "B35",
      "backbone": true,
      "source": "2n0j.A.5",
      "target": "2n0j.A.4"
    },
    {
      "index": 5,
      "nt1": "A.G5",
      "nt2": "A.C23",
      "bp": "G-C",
      "name": "WC",
      "Saenger": "19-XIX",
      "LW": "cWW",
      "DSSR": "cW-W",
      "source": "2n0j.A.5",
      "target": "2n0j.A.23"
    },
    {
      "LW": "B53",
      "backbone": true,
      "source": "2n0j.A.6",
      "target": "2n0j.A.7"
    },
    {
      "LW": "B35",
      "backbone": true,
      "source": "2n0j.A.6",
      "target": "2n0j.A.5"
    },
    {
      "LW": "B53",
      "backbone": true,
      "source": "2n0j.A.7",
      "target": "2n0j.A.8"
    },
    {
      "LW": "B35",
      "backbone": true,
      "source": "2n0j.A.7",
      "target": "2n0j.A.6"
    },
    {
      "LW": "B53",
      "backbone": true,
      "source": "2n0j.A.8",
      "target": "2n0j.A.9"
    },
    {
      "LW": "B35",
      "backbone": true,
      "source": "2n0j.A.8",
      "target": "2n0j.A.7"
    },
    {
      "LW": "B53",
      "backbone": true,
      "source": "2n0j.A.9",
      "target": "2n0j.A.10"
    },
    {
      "LW": "B35",
      "backbone": true,
      "source": "2n0j.A.9",
      "target": "2n0j.A.8"
    },
    {
      "index": 6,
      "nt1": "A.G9",
      "nt2": "A.C22",
      "bp": "G-C",
      "name": "WC",
      "Saenger": "19-XIX",
      "LW": "cWW",
      "DSSR": "cW-W",
      "source": "2n0j.A.9",
      "target": "2n0j.A.22"
    }
  ]
}