{
    "directed": true,
    "multigraph": false,
    "graph": {
        "dbn": {
            "all_chains": {
                "num_nts": 23,
                "num_chars": 23,
                "bseq": "GGACUGGGCGAGAAGUUUAGUCC",
                "sstr": "(((((((((.....)))))))))",
                "form": ".AAA.A.A......AAA.AA..-"
            },
            "single_chains": {
                "m1_chain_A": {
                    "num_nts": 23,
                    "num_chars": 23,
                    "bseq": "GGACUGGGCGAGAAGUUUAGUCC",
                    "sstr": "(((((((((.....)))))))))",
                    "form": ".AAA.A.A......AAA.AA..-"
                }
            }
        },
        "resolution_low": null,
        "resolution_high": null
    },
    "nodes": [
        {
            "index": 7,
            "index_chain": 7,
            "chain_name": "A",
            "nt_resnum": 10,
            "nt_name": "G",
            "nt_code": "G",
            "nt_id": "A.G10",
            "nt_type": "RNA",
            "dbn": "(",
            "summary": "anti,~C3'-endo,BI,canonical,non-pair-contact,helix,stem",
            "alpha": 133.5,
            "beta": -131.3,
            "gamma": 177.8,
            "delta": 85.1,
            "epsilon": -133.8,
            "zeta": -68.7,
            "epsilon_zeta": -65.2,
            "bb_type": "BI",
            "chi": 175.1,
            "glyco_bond": "anti",
            "C5prime_xyz": [
                -1.987,
                8.431,
                1.989
            ],
            "P_xyz": [
                -0.014,
                9.943,
                1.06
            ],
            "form": ".",
            "ssZp": 4.34,
            "Dp": 4.45,
            "splay_angle": 26.477,
            "splay_distance": 4.539,
            "splay_ratio": 0.242,
            "eta": 154.7,
            "theta": -117.9,
            "eta_prime": -175.9,
            "theta_prime": -135.2,
            "eta_base": -115.2,
            "theta_base": -102.7,
            "v0": 0.5,
            "v1": -21.3,
            "v2": 33.2,
            "v3": -33.5,
            "v4": 20.6,
            "amplitude": 34.8,
            "phase_angle": 17.5,
            "puckering": "C3'-endo",
            "sugar_class": "~C3'-endo",
            "bin": "33p",
            "cluster": "1a",
            "suiteness": 0.675,
            "filter_rmsd": 0.027,
            "frame": {
                "rmsd": 0.027,
                "origin": [
                    -6.419,
                    -0.626,
                    -4.585
                ],
                "x_axis": [
                    0.834,
                    0.111,
                    0.54
                ],
                "y_axis": [
                    -0.54,
                    -0.031,
                    0.841
                ],
                "z_axis": [
                    0.11,
                    -0.993,
                    0.034
                ],
                "quaternion": [
                    0.678,
                    0.677,
                    -0.159,
                    0.24
                ]
            },
            "sse": {
                "sse": null
            },
            "binding_protein": null,
            "binding_ion": null,
            "binding_small-molecule": true,
            "TotalAsa": 199.05153127980762,
            "PolarAsa": 159.99161654133806,
            "ApolarAsa": 39.05991473846954,
            "id": "1nem.A.10"
        },
        {
            "index": 8,
            "index_chain": 8,
            "chain_name": "A",
            "nt_resnum": 11,
            "nt_name": "G",
            "nt_code": "G",
            "nt_id": "A.G11",
            "nt_type": "RNA",
            "dbn": "(",
            "summary": "anti,~C3'-endo,canonical,non-pair-contact,helix,stem",
            "alpha": 143.1,
            "beta": 178.8,
            "gamma": -176.4,
            "delta": 85.7,
            "epsilon": -152.4,
            "zeta": -86.8,
            "epsilon_zeta": -65.6,
            "bb_type": "--",
            "chi": -179.1,
            "glyco_bond": "anti",
            "C5prime_xyz": [
                -1.543,
                8.415,
                1.818
            ],
            "P_xyz": [
                -0.092,
                10.562,
                1.38
            ],
            "form": "A",
            "ssZp": 4.43,
            "Dp": 4.49,
            "splay_angle": 23.698,
            "splay_distance": 4.056,
            "splay_ratio": 0.212,
            "eta": 147.6,
            "theta": -157.6,
            "eta_prime": 169.6,
            "theta_prime": -152.6,
            "eta_base": -133.0,
            "theta_base": -119.2,
            "v0": 9.7,
            "v1": -27.7,
            "v2": 34.3,
            "v3": -29.5,
            "v4": 12.5,
            "amplitude": 34.3,
            "phase_angle": 2.5,
            "puckering": "C3'-endo",
            "sugar_class": "~C3'-endo",
            "bin": "33t",
            "cluster": "1c",
            "suiteness": 0.363,
            "filter_rmsd": 0.029,
            "frame": {
                "rmsd": 0.029,
                "origin": [
                    -3.322,
                    -3.912,
                    -5.043
                ],
                "x_axis": [
                    0.237,
                    0.296,
                    0.925
                ],
                "y_axis": [
                    -0.966,
                    -0.026,
                    0.256
                ],
                "z_axis": [
                    0.1,
                    -0.955,
                    0.28
                ],
                "quaternion": [
                    0.61,
                    0.496,
                    -0.338,
                    0.517
                ]
            },
            "sse": {
                "sse": null
            },
            "binding_protein": null,
            "binding_ion": "BDR",
            "binding_small-molecule": true,
            "TotalAsa": 179.23660488181451,
            "PolarAsa": 152.75277255611647,
            "ApolarAsa": 26.483832325698028,
            "id": "1nem.A.11"
        },
        {
            "index": 9,
            "index_chain": 9,
            "chain_name": "A",
            "nt_resnum": 12,
            "nt_name": "C",
            "nt_code": "C",
            "nt_id": "A.C12",
            "nt_type": "RNA",
            "dbn": "(",
            "summary": "anti,~C3'-endo,canonical,non-pair-contact,helix,stem-end,hairpin-loop",
            "alpha": 156.8,
            "beta": -139.3,
            "gamma": 167.5,
            "delta": 84.8,
            "epsilon": -113.1,
            "zeta": -57.8,
            "epsilon_zeta": -55.3,
            "bb_type": "--",
            "chi": 178.9,
            "glyco_bond": "anti",
            "C5prime_xyz": [
                -2.138,
                8.727,
                1.643
            ],
            "P_xyz": [
                0.139,
                9.935,
                1.14
            ],
            "form": ".",
            "ssZp": 3.93,
            "Dp": 4.13,
            "splay_angle": 29.437,
            "splay_distance": 5.494,
            "splay_ratio": 0.263,
            "eta": 173.8,
            "theta": -91.9,
            "eta_prime": -166.4,
            "theta_prime": -105.5,
            "eta_base": -122.8,
            "theta_base": -62.0,
            "v0": -3.0,
            "v1": -17.2,
            "v2": 30.3,
            "v3": -32.4,
            "v4": 22.2,
            "amplitude": 33.0,
            "phase_angle": 23.4,
            "puckering": "C3'-endo",
            "sugar_class": "~C3'-endo",
            "bin": "33p",
            "cluster": "1a",
            "suiteness": 0.276,
            "filter_rmsd": 0.08,
            "frame": {
                "rmsd": 0.03,
                "origin": [
                    -1.162,
                    -6.553,
                    -2.85
                ],
                "x_axis": [
                    -0.403,
                    0.326,
                    0.855
                ],
                "y_axis": [
                    -0.915,
                    -0.162,
                    -0.37
                ],
                "z_axis": [
                    0.018,
                    -0.931,
                    0.364
                ],
                "quaternion": [
                    0.447,
                    0.314,
                    -0.468,
                    0.694
                ]
            },
            "sse": {
                "sse": "hairpin_1"
            },
            "binding_protein": null,
            "binding_ion": null,
            "binding_small-molecule": true,
            "TotalAsa": 156.04998131075618,
            "PolarAsa": 120.20496655560787,
            "ApolarAsa": 35.845014755148355,
            "id": "1nem.A.12"
        },
        {
            "index": 10,
            "index_chain": 10,
            "chain_name": "A",
            "nt_resnum": 13,
            "nt_name": "G",
            "nt_code": "G",
            "nt_id": "A.G13",
            "nt_type": "RNA",
            "dbn": ".",
            "summary": "u-turn,anti,~C3'-endo,BI,non-canonical,non-pair-contact,helix-end,hairpin-loop,cap-acceptor",
            "alpha": 94.2,
            "beta": -146.9,
            "gamma": -153.2,
            "delta": 70.9,
            "epsilon": -125.1,
            "zeta": -65.4,
            "epsilon_zeta": -59.7,
            "bb_type": "BI",
            "chi": -176.9,
            "glyco_bond": "anti",
            "C5prime_xyz": [
                -1.725,
                8.85,
                1.512
            ],
            "P_xyz": [
                -1.286,
                11.232,
                0.405
            ],
            "form": ".",
            "ssZp": 4.79,
            "Dp": 4.83,
            "splay_angle": 78.164,
            "splay_distance": 10.756,
            "splay_ratio": 0.631,
            "eta": 131.0,
            "theta": -156.1,
            "eta_prime": 159.5,
            "theta_prime": 166.2,
            "eta_base": -127.5,
            "theta_base": 117.1,
            "v0": -1.5,
            "v1": -26.5,
            "v2": 44.0,
            "v3": -45.5,
            "v4": 29.4,
            "amplitude": 46.9,
            "phase_angle": 20.3,
            "puckering": "C3'-endo",
            "sugar_class": "~C3'-endo",
            "bin": "33t",
            "cluster": "!!",
            "suiteness": 0.0,
            "filter_rmsd": 0.03,
            "frame": {
                "rmsd": 0.03,
                "origin": [
                    -4.121,
                    -7.776,
                    1.614
                ],
                "x_axis": [
                    -0.933,
                    0.339,
                    0.123
                ],
                "y_axis": [
                    -0.269,
                    -0.427,
                    -0.863
                ],
                "z_axis": [
                    -0.24,
                    -0.838,
                    0.489
                ],
                "quaternion": [
                    0.18,
                    -0.035,
                    -0.504,
                    0.844
                ]
            },
            "sse": {
                "sse": "hairpin_1"
            },
            "binding_protein": null,
            "binding_ion": "BDR",
            "binding_small-molecule": true,
            "TotalAsa": 179.42103188715518,
            "PolarAsa": 151.07452919478,
            "ApolarAsa": 28.34650269237517,
            "id": "1nem.A.13"
        },
        {
            "index": 11,
            "index_chain": 11,
            "chain_name": "A",
            "nt_resnum": 14,
            "nt_name": "A",
            "nt_code": "A",
            "nt_id": "A.A14",
            "nt_type": "RNA",
            "dbn": ".",
            "summary": "turn,u-turn,anti,~C3'-endo,BI,non-pair-contact,hairpin-loop",
            "alpha": 178.8,
            "beta": 130.4,
            "gamma": 58.7,
            "delta": 83.2,
            "epsilon": -134.1,
            "zeta": -72.8,
            "epsilon_zeta": -61.3,
            "bb_type": "BI",
            "chi": -174.9,
            "glyco_bond": "anti",
            "C5prime_xyz": [
                -1.623,
                8.64,
                1.456
            ],
            "P_xyz": [
                1.009,
                8.575,
                1.333
            ],
            "form": ".",
            "ssZp": 4.52,
            "Dp": 4.58,
            "splay_angle": 21.688,
            "splay_distance": 3.466,
            "splay_ratio": 0.188,
            "eta": 21.3,
            "theta": -126.5,
            "eta_prime": 52.1,
            "theta_prime": -130.9,
            "eta_base": 27.7,
            "theta_base": -88.7,
            "v0": 4.6,
            "v1": -25.1,
            "v2": 35.2,
            "v3": -33.2,
            "v4": 18.1,
            "amplitude": 35.9,
            "phase_angle": 11.3,
            "puckering": "C3'-endo",
            "sugar_class": "~C3'-endo",
            "bin": "33p",
            "cluster": "1g",
            "suiteness": 0.488,
            "filter_rmsd": 0.043,
            "frame": {
                "rmsd": 0.023,
                "origin": [
                    3.535,
                    -15.195,
                    0.195
                ],
                "x_axis": [
                    0.102,
                    -0.045,
                    -0.994
                ],
                "y_axis": [
                    -0.987,
                    -0.127,
                    -0.095
                ],
                "z_axis": [
                    -0.122,
                    0.991,
                    -0.057
                ],
                "quaternion": [
                    -0.479,
                    0.567,
                    -0.455,
                    -0.492
                ]
            },
            "sse": {
                "sse": "hairpin_1"
            },
            "binding_protein": null,
            "binding_ion": null,
            "binding_small-molecule": null,
            "TotalAsa": 288.3093379158274,
            "PolarAsa": 191.75019198401824,
            "ApolarAsa": 96.55914593180918,
            "id": "1nem.A.14"
        },
        {
            "index": 12,
            "index_chain": 12,
            "chain_name": "A",
            "nt_resnum": 15,
            "nt_name": "G",
            "nt_code": "G",
            "nt_id": "A.G15",
            "nt_type": "RNA",
            "dbn": ".",
            "summary": "u-turn,anti,~C3'-endo,non-pair-contact,hairpin-loop,cap-donor,phosphate,splayed-apart",
            "alpha": -67.3,
            "beta": 164.8,
            "gamma": 56.7,
            "delta": 84.0,
            "epsilon": -99.0,
            "zeta": -156.9,
            "epsilon_zeta": 57.9,
            "bb_type": "--",
            "chi": -155.8,
            "glyco_bond": "anti",
            "C5prime_xyz": [
                -1.192,
                8.888,
                0.357
            ],
            "P_xyz": [
                1.429,
                9.124,
                0.364
            ],
            "form": ".",
            "ssZp": 3.85,
            "Dp": 4.63,
            "splay_angle": 122.026,
            "splay_distance": 16.256,
            "splay_ratio": 0.875,
            "eta": 174.6,
            "theta": -141.0,
            "eta_prime": -169.3,
            "theta_prime": -145.4,
            "eta_base": -109.6,
            "theta_base": -127.4,
            "v0": 7.2,
            "v1": -26.4,
            "v2": 35.0,
            "v3": -31.6,
            "v4": 15.3,
            "amplitude": 35.3,
            "phase_angle": 7.0,
            "puckering": "C3'-endo",
            "sugar_class": "~C3'-endo",
            "bin": "33p",
            "cluster": "1a",
            "suiteness": 0.689,
            "filter_rmsd": 0.031,
            "frame": {
                "rmsd": 0.031,
                "origin": [
                    3.621,
                    -12.268,
                    -1.657
                ],
                "x_axis": [
                    -0.638,
                    -0.126,
                    -0.76
                ],
                "y_axis": [
                    -0.77,
                    0.078,
                    0.633
                ],
                "z_axis": [
                    -0.02,
                    0.989,
                    -0.147
                ],
                "quaternion": [
                    0.271,
                    -0.328,
                    0.683,
                    0.594
                ]
            },
            "sse": {
                "sse": "hairpin_1"
            },
            "binding_protein": null,
            "binding_ion": "BDR",
            "binding_small-molecule": "",
            "TotalAsa": 175.90338023379093,
            "PolarAsa": 135.84440173099773,
            "ApolarAsa": 40.058978502793195,
            "id": "1nem.A.15"
        },
        {
            "index": 13,
            "index_chain": 13,
            "chain_name": "A",
            "nt_resnum": 16,
            "nt_name": "A",
            "nt_code": "A",
            "nt_id": "A.A16",
            "nt_type": "RNA",
            "dbn": ".",
            "summary": "turn,u-turn,anti,~C2'-endo,non-stack,non-pair-contact,hairpin-loop,cap-acceptor,phosphate,splayed-apart",
            "alpha": 156.4,
            "beta": -115.9,
            "gamma": -73.4,
            "delta": 146.2,
            "epsilon": -97.5,
            "zeta": 93.7,
            "epsilon_zeta": 168.8,
            "bb_type": "--",
            "chi": -100.5,
            "glyco_bond": "anti",
            "C5prime_xyz": [
                -2.728,
                8.215,
                -2.046
            ],
            "P_xyz": [
                -3.979,
                9.867,
                -3.681
            ],
            "form": ".",
            "ssZp": 0.87,
            "Dp": 0.93,
            "splay_angle": 81.305,
            "splay_distance": 14.307,
            "splay_ratio": 0.654,
            "eta": -16.6,
            "theta": 78.2,
            "eta_prime": -28.7,
            "theta_prime": 73.5,
            "eta_base": -66.6,
            "theta_base": 65.8,
            "v0": -25.7,
            "v1": 40.0,
            "v2": -38.4,
            "v3": 24.6,
            "v4": 0.6,
            "amplitude": 40.7,
            "phase_angle": 160.6,
            "puckering": "C2'-endo",
            "sugar_class": "~C2'-endo",
            "bin": "32t",
            "cluster": "!!",
            "suiteness": 0.0,
            "filter_rmsd": 0.04,
            "frame": {
                "rmsd": 0.015,
                "origin": [
                    -2.383,
                    1.97,
                    3.391
                ],
                "x_axis": [
                    -0.856,
                    0.211,
                    0.473
                ],
                "y_axis": [
                    0.217,
                    -0.683,
                    0.698
                ],
                "z_axis": [
                    0.47,
                    0.7,
                    0.538
                ],
                "quaternion": [
                    -0.002,
                    0.269,
                    0.398,
                    0.877
                ]
            },
            "sse": {
                "sse": "hairpin_1"
            },
            "binding_protein": null,
            "binding_ion": "BDR",
            "binding_small-molecule": true,
            "TotalAsa": 233.25388623536935,
            "PolarAsa": 121.36173462160524,
            "ApolarAsa": 111.89215161376411,
            "id": "1nem.A.16"
        },
        {
            "index": 14,
            "index_chain": 14,
            "chain_name": "A",
            "nt_resnum": 17,
            "nt_name": "A",
            "nt_code": "A",
            "nt_id": "A.A17",
            "nt_type": "RNA",
            "dbn": ".",
            "summary": "anti,~C3'-endo,BI,non-canonical,non-pair-contact,helix-end,hairpin-loop,phosphate",
            "alpha": 83.7,
            "beta": 93.8,
            "gamma": -176.5,
            "delta": 106.1,
            "epsilon": -113.4,
            "zeta": -80.0,
            "epsilon_zeta": -33.5,
            "bb_type": "BI",
            "chi": 178.0,
            "glyco_bond": "anti",
            "C5prime_xyz": [
                -1.172,
                7.767,
                2.121
            ],
            "P_xyz": [
                -0.611,
                10.331,
                1.823
            ],
            "form": ".",
            "ssZp": 4.28,
            "Dp": 4.35,
            "splay_angle": 25.716,
            "splay_distance": 4.269,
            "splay_ratio": 0.223,
            "eta": 99.6,
            "theta": -142.5,
            "eta_prime": 77.8,
            "theta_prime": -138.0,
            "eta_base": 77.3,
            "theta_base": -75.8,
            "v0": 20.4,
            "v1": -24.5,
            "v2": 19.7,
            "v3": -8.2,
            "v4": -7.8,
            "amplitude": 24.4,
            "phase_angle": 323.7,
            "puckering": "C1'-endo",
            "sugar_class": "~C3'-endo",
            "bin": "23m",
            "cluster": "0k",
            "suiteness": 0.533,
            "filter_rmsd": 0.044,
            "frame": {
                "rmsd": 0.025,
                "origin": [
                    1.851,
                    -9.723,
                    -3.682
                ],
                "x_axis": [
                    -0.997,
                    0.001,
                    0.071
                ],
                "y_axis": [
                    0.068,
                    0.311,
                    0.948
                ],
                "z_axis": [
                    -0.021,
                    0.95,
                    -0.31
                ],
                "quaternion": [
                    -0.028,
                    0.021,
                    0.809,
                    0.586
                ]
            },
            "sse": {
                "sse": "hairpin_1"
            },
            "binding_protein": null,
            "binding_ion": "BDR",
            "binding_small-molecule": true,
            "TotalAsa": 172.17821530636888,
            "PolarAsa": 128.98504321305577,
            "ApolarAsa": 43.1931720933131,
            "id": "1nem.A.17"
        },
        {
            "index": 15,
            "index_chain": 15,
            "chain_name": "A",
            "nt_resnum": 18,
            "nt_name": "G",
            "nt_code": "G",
            "nt_id": "A.G18",
            "nt_type": "RNA",
            "dbn": ")",
            "summary": "anti,~C3'-endo,BI,canonical,non-pair-contact,helix,stem-end,hairpin-loop,phosphate",
            "alpha": 110.7,
            "beta": -140.7,
            "gamma": -173.8,
            "delta": 93.1,
            "epsilon": -135.5,
            "zeta": -64.9,
            "epsilon_zeta": -70.6,
            "bb_type": "BI",
            "chi": -179.9,
            "glyco_bond": "anti",
            "C5prime_xyz": [
                -1.037,
                8.257,
                1.753
            ],
            "P_xyz": [
                0.695,
                9.85,
                0.424
            ],
            "form": "A",
            "ssZp": 4.65,
            "Dp": 4.69,
            "splay_angle": 21.752,
            "splay_distance": 3.443,
            "splay_ratio": 0.193,
            "eta": 140.9,
            "theta": -149.0,
            "eta_prime": 176.0,
            "theta_prime": -146.3,
            "eta_base": -98.9,
            "theta_base": -106.5,
            "v0": 16.7,
            "v1": -32.3,
            "v2": 35.5,
            "v3": -26.4,
            "v4": 6.2,
            "amplitude": 35.9,
            "phase_angle": 351.5,
            "puckering": "C2'-exo",
            "sugar_class": "~C3'-endo",
            "bin": "33t",
            "cluster": "1c",
            "suiteness": 0.216,
            "filter_rmsd": 0.029,
            "frame": {
                "rmsd": 0.029,
                "origin": [
                    -1.056,
                    -6.603,
                    -3.492
                ],
                "x_axis": [
                    -0.511,
                    0.205,
                    0.834
                ],
                "y_axis": [
                    0.85,
                    0.267,
                    0.455
                ],
                "z_axis": [
                    -0.129,
                    0.942,
                    -0.311
                ],
                "quaternion": [
                    -0.333,
                    0.365,
                    0.723,
                    0.483
                ]
            },
            "sse": {
                "sse": "hairpin_1"
            },
            "binding_protein": null,
            "binding_ion": "BDR",
            "binding_small-molecule": true,
            "TotalAsa": 187.6786622226769,
            "PolarAsa": 150.6590033540262,
            "ApolarAsa": 37.01965886865068,
            "id": "1nem.A.18"
        },
        {
            "index": 16,
            "index_chain": 16,
            "chain_name": "A",
            "nt_resnum": 19,
            "nt_name": "U",
            "nt_code": "U",
            "nt_id": "A.U19",
            "nt_type": "RNA",
            "dbn": ")",
            "summary": "anti,~C3'-endo,BI,canonical,non-pair-contact,helix,stem",
            "alpha": -73.8,
            "beta": 162.7,
            "gamma": 68.2,
            "delta": 81.4,
            "epsilon": -151.3,
            "zeta": -71.5,
            "epsilon_zeta": -79.8,
            "bb_type": "BI",
            "chi": -160.5,
            "glyco_bond": "anti",
            "C5prime_xyz": [
                -1.516,
                8.867,
                0.641
            ],
            "P_xyz": [
                1.061,
                9.337,
                0.248
            ],
            "form": "A",
            "ssZp": 4.49,
            "Dp": 4.62,
            "splay_angle": 22.435,
            "splay_distance": 3.842,
            "splay_ratio": 0.196,
            "eta": 163.1,
            "theta": -146.2,
            "eta_prime": -169.2,
            "theta_prime": -148.5,
            "eta_base": -108.3,
            "theta_base": -125.0,
            "v0": 9.7,
            "v1": -31.0,
            "v2": 39.4,
            "v3": -34.2,
            "v4": 15.6,
            "amplitude": 39.5,
            "phase_angle": 4.3,
            "puckering": "C3'-endo",
            "sugar_class": "~C3'-endo",
            "bin": "33p",
            "cluster": "1a",
            "suiteness": 0.451,
            "filter_rmsd": 0.116,
            "frame": {
                "rmsd": 0.031,
                "origin": [
                    -3.139,
                    -3.934,
                    -2.866
                ],
                "x_axis": [
                    0.224,
                    0.43,
                    0.874
                ],
                "y_axis": [
                    0.907,
                    0.237,
                    -0.349
                ],
                "z_axis": [
                    -0.357,
                    0.871,
                    -0.337
                ],
                "quaternion": [
                    0.53,
                    -0.575,
                    -0.581,
                    -0.225
                ]
            },
            "sse": {
                "sse": null
            },
            "binding_protein": null,
            "binding_ion": "IDG",
            "binding_small-molecule": true,
            "TotalAsa": 182.96984352920475,
            "PolarAsa": 126.83167812645797,
            "ApolarAsa": 56.13816540274676,
            "id": "1nem.A.19"
        },
        {
            "index": 17,
            "index_chain": 17,
            "chain_name": "A",
            "nt_resnum": 20,
            "nt_name": "U",
            "nt_code": "U",
            "nt_id": "A.U20",
            "nt_type": "RNA",
            "dbn": ")",
            "summary": "anti,~C3'-endo,BI,canonical,non-pair-contact,helix,stem",
            "alpha": -74.7,
            "beta": 177.8,
            "gamma": 55.5,
            "delta": 82.7,
            "epsilon": -107.5,
            "zeta": -126.1,
            "epsilon_zeta": 18.6,
            "bb_type": "BI",
            "chi": -160.8,
            "glyco_bond": "anti",
            "C5prime_xyz": [
                -1.444,
                8.822,
                0.656
            ],
            "P_xyz": [
                1.12,
                9.263,
                1.038
            ],
            "form": "A",
            "ssZp": 4.2,
            "Dp": 4.71,
            "splay_angle": 21.257,
            "splay_distance": 3.307,
            "splay_ratio": 0.185,
            "eta": 177.4,
            "theta": -132.9,
            "eta_prime": -174.5,
            "theta_prime": -137.2,
            "eta_base": -141.6,
            "theta_base": -116.3,
            "v0": 8.2,
            "v1": -28.6,
            "v2": 37.4,
            "v3": -33.1,
            "v4": 15.7,
            "amplitude": 37.6,
            "phase_angle": 6.0,
            "puckering": "C3'-endo",
            "sugar_class": "~C3'-endo",
            "bin": "33t",
            "cluster": "1c",
            "suiteness": 0.589,
            "filter_rmsd": 0.117,
            "frame": {
                "rmsd": 0.031,
                "origin": [
                    -5.497,
                    -0.926,
                    -3.251
                ],
                "x_axis": [
                    0.727,
                    0.195,
                    0.658
                ],
                "y_axis": [
                    0.666,
                    0.033,
                    -0.745
                ],
                "z_axis": [
                    -0.167,
                    0.98,
                    -0.106
                ],
                "quaternion": [
                    0.643,
                    -0.671,
                    -0.321,
                    -0.183
                ]
            },
            "sse": {
                "sse": null
            },
            "binding_protein": null,
            "binding_ion": "BDR",
            "binding_small-molecule": true,
            "TotalAsa": 180.9167923606395,
            "PolarAsa": 139.95559982573806,
            "ApolarAsa": 40.961192534901414,
            "id": "1nem.A.20"
        },
        {
            "index": 18,
            "index_chain": 18,
            "chain_name": "A",
            "nt_resnum": 21,
            "nt_name": "U",
            "nt_code": "U",
            "nt_id": "A.U21",
            "nt_type": "RNA",
            "dbn": ")",
            "summary": "anti,~C3'-endo,canonical,non-pair-contact,helix,stem",
            "alpha": 92.5,
            "beta": -111.0,
            "gamma": -170.3,
            "delta": 78.8,
            "epsilon": 115.0,
            "zeta": 71.9,
            "epsilon_zeta": 43.1,
            "bb_type": "--",
            "chi": -170.3,
            "glyco_bond": "anti",
            "C5prime_xyz": [
                -1.366,
                8.458,
                1.32
            ],
            "P_xyz": [
                0.078,
                9.685,
                -0.569
            ],
            "form": ".",
            "ssZp": 3.58,
            "Dp": 3.74,
            "splay_angle": 24.172,
            "splay_distance": 4.181,
            "splay_ratio": 0.211,
            "eta": -165.2,
            "theta": -148.3,
            "eta_prime": -162.3,
            "theta_prime": -137.0,
            "eta_base": -128.6,
            "theta_base": -104.6,
            "v0": 18.7,
            "v1": -34.8,
            "v2": 38.4,
            "v3": -28.4,
            "v4": 6.2,
            "amplitude": 38.9,
            "phase_angle": 351.0,
            "puckering": "C2'-exo",
            "sugar_class": "~C3'-endo",
            "bin": "33t",
            "cluster": "1c",
            "suiteness": 0.221,
            "filter_rmsd": 0.118,
            "frame": {
                "rmsd": 0.031,
                "origin": [
                    -5.535,
                    2.175,
                    -2.101
                ],
                "x_axis": [
                    0.998,
                    0.065,
                    0.014
                ],
                "y_axis": [
                    0.01,
                    0.06,
                    -0.998
                ],
                "z_axis": [
                    -0.066,
                    0.996,
                    0.059
                ],
                "quaternion": [
                    0.727,
                    -0.685,
                    -0.027,
                    0.019
                ]
            },
            "sse": {
                "sse": null
            },
            "binding_protein": null,
            "binding_ion": "BDR",
            "binding_small-molecule": true,
            "TotalAsa": 171.4978646464756,
            "PolarAsa": 120.64926046966886,
            "ApolarAsa": 50.848604176806745,
            "id": "1nem.A.21"
        },
        {
            "index": 19,
            "index_chain": 19,
            "chain_name": "A",
            "nt_resnum": 22,
            "nt_name": "A",
            "nt_code": "A",
            "nt_id": "A.A22",
            "nt_type": "RNA",
            "dbn": ")",
            "summary": "anti,~C3'-endo,BI,canonical,non-pair-contact,helix,stem,phosphate",
            "alpha": -129.7,
            "beta": 162.5,
            "gamma": 58.0,
            "delta": 113.7,
            "epsilon": 52.8,
            "zeta": 74.3,
            "epsilon_zeta": -21.5,
            "bb_type": "BI",
            "chi": -135.4,
            "glyco_bond": "anti",
            "C5prime_xyz": [
                -2.556,
                8.914,
                -0.825
            ],
            "P_xyz": [
                -0.223,
                10.144,
                -0.654
            ],
            "form": "A",
            "ssZp": 0.99,
            "Dp": 1.49,
            "splay_angle": 21.597,
            "splay_distance": 3.73,
            "splay_ratio": 0.196,
            "eta": 157.2,
            "theta": -108.9,
            "eta_prime": -147.5,
            "theta_prime": -152.9,
            "eta_base": -105.4,
            "theta_base": -118.3,
            "v0": -35.6,
            "v1": 37.3,
            "v2": -25.0,
            "v3": 5.1,
            "v4": 19.2,
            "amplitude": 37.8,
            "phase_angle": 131.5,
            "puckering": "C1'-exo",
            "sugar_class": "~C3'-endo",
            "bin": "trig",
            "cluster": "!!",
            "suiteness": 0.0,
            "filter_rmsd": 0.034,
            "frame": {
                "rmsd": 0.018,
                "origin": [
                    -6.214,
                    5.846,
                    -0.22
                ],
                "x_axis": [
                    0.886,
                    0.086,
                    -0.456
                ],
                "y_axis": [
                    -0.461,
                    0.038,
                    -0.887
                ],
                "z_axis": [
                    -0.059,
                    0.996,
                    0.073
                ],
                "quaternion": [
                    0.707,
                    -0.666,
                    0.141,
                    0.193
                ]
            },
            "sse": {
                "sse": null
            },
            "binding_protein": null,
            "binding_ion": null,
            "binding_small-molecule": true,
            "TotalAsa": 188.49849113672576,
            "PolarAsa": 146.42322761871418,
            "ApolarAsa": 42.07526351801162,
            "id": "1nem.A.22"
        },
        {
            "index": 20,
            "index_chain": 20,
            "chain_name": "A",
            "nt_resnum": 23,
            "nt_name": "G",
            "nt_code": "G",
            "nt_id": "A.G23",
            "nt_type": "RNA",
            "dbn": ")",
            "summary": "anti,~C3'-endo,BI,canonical,non-pair-contact,helix,stem",
            "alpha": 79.6,
            "beta": 173.2,
            "gamma": 166.6,
            "delta": 73.5,
            "epsilon": -164.3,
            "zeta": -82.4,
            "epsilon_zeta": -81.9,
            "bb_type": "BI",
            "chi": -168.0,
            "glyco_bond": "anti",
            "C5prime_xyz": [
                -2.574,
                9.154,
                0.506
            ],
            "P_xyz": [
                -1.768,
                11.09,
                -1.159
            ],
            "form": "A",
            "ssZp": 4.14,
            "Dp": 4.15,
            "splay_angle": 21.325,
            "splay_distance": 3.769,
            "splay_ratio": 0.195,
            "eta": 128.2,
            "theta": -173.8,
            "eta_prime": 146.9,
            "theta_prime": -174.7,
            "eta_base": -163.7,
            "theta_base": -138.9,
            "v0": -22.6,
            "v1": -4.8,
            "v2": 28.4,
            "v3": -41.4,
            "v4": 40.8,
            "amplitude": 43.2,
            "phase_angle": 48.9,
            "puckering": "C4'-exo",
            "sugar_class": "~C3'-endo",
            "bin": "33t",
            "cluster": "1c",
            "suiteness": 0.776,
            "filter_rmsd": 0.03,
            "frame": {
                "rmsd": 0.03,
                "origin": [
                    -4.924,
                    8.739,
                    1.749
                ],
                "x_axis": [
                    0.549,
                    0.06,
                    -0.834
                ],
                "y_axis": [
                    -0.836,
                    0.059,
                    -0.546
                ],
                "z_axis": [
                    0.016,
                    0.996,
                    0.083
                ],
                "quaternion": [
                    0.65,
                    -0.593,
                    0.327,
                    0.345
                ]
            },
            "sse": {
                "sse": null
            },
            "binding_protein": null,
            "binding_ion": null,
            "binding_small-molecule": null,
            "TotalAsa": 190.63183319601328,
            "PolarAsa": 150.96320570771798,
            "ApolarAsa": 39.66862748829527,
            "id": "1nem.A.23"
        },
        {
            "index": 21,
            "index_chain": 21,
            "chain_name": "A",
            "nt_resnum": 24,
            "nt_name": "U",
            "nt_code": "U",
            "nt_id": "A.U24",
            "nt_type": "RNA",
            "dbn": ")",
            "summary": "anti,~C3'-endo,BI,canonical,non-pair-contact,helix,stem",
            "alpha": 145.7,
            "beta": -159.7,
            "gamma": -176.2,
            "delta": 84.9,
            "epsilon": -153.2,
            "zeta": -77.4,
            "epsilon_zeta": -75.8,
            "bb_type": "BI",
            "chi": -169.2,
            "glyco_bond": "anti",
            "C5prime_xyz": [
                -1.602,
                8.736,
                1.169
            ],
            "P_xyz": [
                -0.114,
                10.552,
                -0.076
            ],
            "form": ".",
            "ssZp": 4.43,
            "Dp": 4.47,
            "splay_angle": 19.1,
            "splay_distance": 3.648,
            "splay_ratio": 0.184,
            "eta": 169.8,
            "theta": -146.4,
            "eta_prime": -178.4,
            "theta_prime": -148.9,
            "eta_base": -130.4,
            "theta_base": -127.8,
            "v0": 5.7,
            "v1": -25.3,
            "v2": 34.6,
            "v3": -31.6,
            "v4": 16.4,
            "amplitude": 35.0,
            "phase_angle": 9.0,
            "puckering": "C3'-endo",
            "sugar_class": "~C3'-endo",
            "bin": "33t",
            "cluster": "1c",
            "suiteness": 0.467,
            "filter_rmsd": 0.117,
            "frame": {
                "rmsd": 0.034,
                "origin": [
                    -2.591,
                    11.691,
                    1.536
                ],
                "x_axis": [
                    -0.011,
                    0.036,
                    -0.999
                ],
                "y_axis": [
                    -0.993,
                    0.116,
                    0.015
                ],
                "z_axis": [
                    0.117,
                    0.993,
                    0.034
                ],
                "quaternion": [
                    0.534,
                    -0.458,
                    0.523,
                    0.482
                ]
            },
            "sse": {
                "sse": null
            },
            "binding_protein": null,
            "binding_ion": null,
            "binding_small-molecule": null,
            "TotalAsa": 189.32817081661668,
            "PolarAsa": 135.61131055830066,
            "ApolarAsa": 53.71686025831601,
            "id": "1nem.A.24"
        },
        {
            "index": 22,
            "index_chain": 22,
            "chain_name": "A",
            "nt_resnum": 25,
            "nt_name": "C",
            "nt_code": "C",
            "nt_id": "A.C25",
            "nt_type": "RNA",
            "dbn": ")",
            "summary": "anti,~C3'-endo,canonical,non-pair-contact,helix,stem",
            "alpha": 152.7,
            "beta": -146.1,
            "gamma": 178.9,
            "delta": 84.4,
            "epsilon": -118.8,
            "zeta": -148.1,
            "epsilon_zeta": 29.4,
            "bb_type": "--",
            "chi": -174.3,
            "glyco_bond": "anti",
            "C5prime_xyz": [
                -2.486,
                9.03,
                0.996
            ],
            "P_xyz": [
                -0.917,
                10.762,
                -0.254
            ],
            "form": ".",
            "ssZp": 3.93,
            "Dp": 3.94,
            "splay_angle": 13.203,
            "splay_distance": 2.272,
            "splay_ratio": 0.123,
            "eta": 178.4,
            "theta": 177.0,
            "eta_prime": -164.7,
            "theta_prime": -175.9,
            "eta_base": -131.6,
            "theta_base": -137.4,
            "v0": -20.7,
            "v1": -2.3,
            "v2": 22.7,
            "v3": -34.6,
            "v4": 35.1,
            "amplitude": 36.6,
            "phase_angle": 51.5,
            "puckering": "C4'-exo",
            "sugar_class": "~C3'-endo",
            "bin": "33t",
            "cluster": "1c",
            "suiteness": 0.676,
            "filter_rmsd": 0.079,
            "frame": {
                "rmsd": 0.028,
                "origin": [
                    -0.35,
                    14.053,
                    -0.109
                ],
                "x_axis": [
                    -0.558,
                    0.093,
                    -0.825
                ],
                "y_axis": [
                    -0.794,
                    0.23,
                    0.563
                ],
                "z_axis": [
                    0.242,
                    0.969,
                    -0.055
                ],
                "quaternion": [
                    0.393,
                    -0.258,
                    0.679,
                    0.564
                ]
            },
            "sse": {
                "sse": null
            },
            "binding_protein": null,
            "binding_ion": null,
            "binding_small-molecule": null,
            "TotalAsa": 180.62296338631117,
            "PolarAsa": 135.28055562142526,
            "ApolarAsa": 45.3424077648859,
            "id": "1nem.A.25"
        },
        {
            "index": 23,
            "index_chain": 23,
            "chain_name": "A",
            "nt_resnum": 26,
            "nt_name": "C",
            "nt_code": "C",
            "nt_id": "A.C26",
            "nt_type": "RNA",
            "dbn": ")",
            "summary": "anti,~C3'-endo,canonical,non-pair-contact,helix-end,stem-end",
            "alpha": 112.1,
            "beta": -117.9,
            "gamma": -179.7,
            "delta": 126.1,
            "epsilon": null,
            "zeta": null,
            "epsilon_zeta": null,
            "bb_type": "--",
            "chi": -130.4,
            "glyco_bond": "anti",
            "C5prime_xyz": [
                -1.152,
                8.639,
                -0.739
            ],
            "P_xyz": [
                0.614,
                8.165,
                -2.687
            ],
            "form": "-",
            "ssZp": null,
            "Dp": null,
            "splay_angle": null,
            "splay_distance": null,
            "splay_ratio": null,
            "eta": null,
            "theta": null,
            "eta_prime": null,
            "theta_prime": null,
            "eta_base": null,
            "theta_base": null,
            "v0": -4.1,
            "v1": 10.7,
            "v2": -13.3,
            "v3": 11.0,
            "v4": -4.3,
            "amplitude": 13.3,
            "phase_angle": 180.7,
            "puckering": "C3'-exo",
            "sugar_class": "~C3'-endo",
            "bin": "33p",
            "cluster": "1L",
            "suiteness": 0.725,
            "filter_rmsd": 0.079,
            "frame": {
                "rmsd": 0.026,
                "origin": [
                    0.162,
                    16.263,
                    -0.234
                ],
                "x_axis": [
                    -0.918,
                    0.197,
                    -0.344
                ],
                "y_axis": [
                    -0.195,
                    0.532,
                    0.824
                ],
                "z_axis": [
                    0.346,
                    0.823,
                    -0.45
                ],
                "quaternion": [
                    0.203,
                    0.001,
                    0.851,
                    0.484
                ]
            },
            "sse": {
                "sse": null
            },
            "binding_protein": null,
            "binding_ion": null,
            "binding_small-molecule": null,
            "TotalAsa": 291.04726694550993,
            "PolarAsa": 182.8242084506383,
            "ApolarAsa": 108.2230584948716,
            "id": "1nem.A.26"
        },
        {
            "index": 1,
            "index_chain": 1,
            "chain_name": "A",
            "nt_resnum": 4,
            "nt_name": "G",
            "nt_code": "G",
            "nt_id": "A.G4",
            "nt_type": "RNA",
            "dbn": "(",
            "summary": "anti,~C3'-endo,BI,canonical,non-pair-contact,helix-end,stem-end",
            "alpha": null,
            "beta": null,
            "gamma": -72.5,
            "delta": 81.4,
            "epsilon": -132.8,
            "zeta": -88.7,
            "epsilon_zeta": -44.1,
            "bb_type": "BI",
            "chi": -165.0,
            "glyco_bond": "anti",
            "C5prime_xyz": [
                -1.604,
                8.993,
                0.775
            ],
            "P_xyz": [
                null,
                null,
                null
            ],
            "form": ".",
            "ssZp": 4.29,
            "Dp": 4.49,
            "splay_angle": 19.677,
            "splay_distance": 3.163,
            "splay_ratio": 0.171,
            "eta": null,
            "theta": null,
            "eta_prime": null,
            "theta_prime": null,
            "eta_base": null,
            "theta_base": null,
            "v0": -2.0,
            "v1": -21.2,
            "v2": 35.3,
            "v3": -36.9,
            "v4": 24.6,
            "amplitude": 37.9,
            "phase_angle": 21.3,
            "puckering": "C3'-endo",
            "sugar_class": "~C3'-endo",
            "bin": "inc",
            "cluster": "__",
            "suiteness": 0.0,
            "filter_rmsd": 0.032,
            "frame": {
                "rmsd": 0.032,
                "origin": [
                    1.001,
                    16.933,
                    -0.012
                ],
                "x_axis": [
                    -0.979,
                    -0.062,
                    -0.193
                ],
                "y_axis": [
                    0.199,
                    -0.106,
                    -0.974
                ],
                "z_axis": [
                    0.04,
                    -0.992,
                    0.116
                ],
                "quaternion": [
                    -0.088,
                    -0.052,
                    -0.663,
                    0.742
                ]
            },
            "sse": {
                "sse": null
            },
            "binding_protein": null,
            "binding_ion": null,
            "binding_small-molecule": null,
            "TotalAsa": 265.06986380094446,
            "PolarAsa": 163.23725467498895,
            "ApolarAsa": 101.83260912595564,
            "id": "1nem.A.4"
        },
        {
            "index": 2,
            "index_chain": 2,
            "chain_name": "A",
            "nt_resnum": 5,
            "nt_name": "G",
            "nt_code": "G",
            "nt_id": "A.G5",
            "nt_type": "RNA",
            "dbn": "(",
            "summary": "anti,~C3'-endo,BI,canonical,non-pair-contact,helix,stem",
            "alpha": -61.0,
            "beta": 140.3,
            "gamma": 78.6,
            "delta": 144.4,
            "epsilon": -156.3,
            "zeta": -87.4,
            "epsilon_zeta": -68.9,
            "bb_type": "BI",
            "chi": -140.7,
            "glyco_bond": "anti",
            "C5prime_xyz": [
                -2.116,
                8.923,
                0.006
            ],
            "P_xyz": [
                0.526,
                9.155,
                -0.127
            ],
            "form": "A",
            "ssZp": 1.95,
            "Dp": 2.12,
            "splay_angle": 21.816,
            "splay_distance": 3.703,
            "splay_ratio": 0.195,
            "eta": 158.9,
            "theta": -97.9,
            "eta_prime": -145.8,
            "theta_prime": -138.8,
            "eta_base": -96.3,
            "theta_base": -124.3,
            "v0": -21.2,
            "v1": 38.1,
            "v2": -39.3,
            "v3": 27.5,
            "v4": -4.1,
            "amplitude": 40.4,
            "phase_angle": 167.1,
            "puckering": "C2'-endo",
            "sugar_class": "~C3'-endo",
            "bin": "33t",
            "cluster": "1c",
            "suiteness": 0.426,
            "filter_rmsd": 0.029,
            "frame": {
                "rmsd": 0.029,
                "origin": [
                    -0.275,
                    14.049,
                    0.231
                ],
                "x_axis": [
                    -0.684,
                    -0.03,
                    -0.729
                ],
                "y_axis": [
                    0.711,
                    -0.246,
                    -0.658
                ],
                "z_axis": [
                    -0.16,
                    -0.969,
                    0.19
                ],
                "quaternion": [
                    -0.254,
                    -0.305,
                    -0.559,
                    0.728
                ]
            },
            "sse": {
                "sse": null
            },
            "binding_protein": null,
            "binding_ion": "IDG",
            "binding_small-molecule": null,
            "TotalAsa": 194.69845013537167,
            "PolarAsa": 146.95431576070223,
            "ApolarAsa": 47.74413437466945,
            "id": "1nem.A.5"
        },
        {
            "index": 3,
            "index_chain": 3,
            "chain_name": "A",
            "nt_resnum": 6,
            "nt_name": "A",
            "nt_code": "A",
            "nt_id": "A.A6",
            "nt_type": "RNA",
            "dbn": "(",
            "summary": "anti,~C3'-endo,BI,canonical,non-pair-contact,helix,stem",
            "alpha": -84.1,
            "beta": -176.3,
            "gamma": 38.7,
            "delta": 131.8,
            "epsilon": -143.1,
            "zeta": -151.6,
            "epsilon_zeta": 8.5,
            "bb_type": "BI",
            "chi": -105.0,
            "glyco_bond": "anti",
            "C5prime_xyz": [
                -3.286,
                8.347,
                -2.006
            ],
            "P_xyz": [
                -1.755,
                10.519,
                -2.132
            ],
            "form": "A",
            "ssZp": 2.12,
            "Dp": 2.04,
            "splay_angle": 22.542,
            "splay_distance": 3.758,
            "splay_ratio": 0.198,
            "eta": 152.7,
            "theta": -153.5,
            "eta_prime": -179.1,
            "theta_prime": -176.0,
            "eta_base": -151.1,
            "theta_base": -126.4,
            "v0": -38.9,
            "v1": 47.5,
            "v2": -38.2,
            "v3": 16.2,
            "v4": 14.5,
            "amplitude": 47.1,
            "phase_angle": 144.3,
            "puckering": "C2'-endo",
            "sugar_class": "~C3'-endo",
            "bin": "33t",
            "cluster": "1c",
            "suiteness": 0.559,
            "filter_rmsd": 0.044,
            "frame": {
                "rmsd": 0.026,
                "origin": [
                    -2.524,
                    11.505,
                    1.71
                ],
                "x_axis": [
                    -0.21,
                    -0.033,
                    -0.977
                ],
                "y_axis": [
                    0.954,
                    -0.226,
                    -0.197
                ],
                "z_axis": [
                    -0.214,
                    -0.974,
                    0.079
                ],
                "quaternion": [
                    -0.401,
                    -0.484,
                    -0.476,
                    0.615
                ]
            },
            "sse": {
                "sse": null
            },
            "binding_protein": null,
            "binding_ion": "BDR",
            "binding_small-molecule": null,
            "TotalAsa": 187.96874048970193,
            "PolarAsa": 146.37291977394975,
            "ApolarAsa": 41.595820715752176,
            "id": "1nem.A.6"
        },
        {
            "index": 4,
            "index_chain": 4,
            "chain_name": "A",
            "nt_resnum": 7,
            "nt_name": "C",
            "nt_code": "C",
            "nt_id": "A.C7",
            "nt_type": "RNA",
            "dbn": "(",
            "summary": "anti,~C3'-endo,BI,canonical,non-pair-contact,helix,stem,phosphate",
            "alpha": 86.1,
            "beta": -130.5,
            "gamma": -165.7,
            "delta": 81.2,
            "epsilon": -136.6,
            "zeta": -71.5,
            "epsilon_zeta": -65.1,
            "bb_type": "BI",
            "chi": -172.5,
            "glyco_bond": "anti",
            "C5prime_xyz": [
                -1.766,
                8.814,
                1.319
            ],
            "P_xyz": [
                -0.531,
                10.583,
                -0.227
            ],
            "form": "A",
            "ssZp": 4.58,
            "Dp": 4.63,
            "splay_angle": 21.826,
            "splay_distance": 3.636,
            "splay_ratio": 0.193,
            "eta": 155.3,
            "theta": -166.5,
            "eta_prime": 154.9,
            "theta_prime": -166.6,
            "eta_base": -142.6,
            "theta_base": -145.7,
            "v0": 1.8,
            "v1": -24.5,
            "v2": 37.3,
            "v3": -36.7,
            "v4": 21.9,
            "amplitude": 38.7,
            "phase_angle": 15.7,
            "puckering": "C3'-endo",
            "sugar_class": "~C3'-endo",
            "bin": "33t",
            "cluster": "1c",
            "suiteness": 0.463,
            "filter_rmsd": 0.083,
            "frame": {
                "rmsd": 0.032,
                "origin": [
                    -4.688,
                    8.516,
                    1.004
                ],
                "x_axis": [
                    0.428,
                    -0.196,
                    -0.882
                ],
                "y_axis": [
                    0.871,
                    -0.17,
                    0.46
                ],
                "z_axis": [
                    -0.24,
                    -0.966,
                    0.098
                ],
                "quaternion": [
                    0.582,
                    0.612,
                    0.276,
                    -0.458
                ]
            },
            "sse": {
                "sse": null
            },
            "binding_protein": null,
            "binding_ion": "BDR",
            "binding_small-molecule": null,
            "TotalAsa": 179.12616768264223,
            "PolarAsa": 134.5641446959725,
            "ApolarAsa": 44.56202298666978,
            "id": "1nem.A.7"
        },
        {
            "index": 5,
            "index_chain": 5,
            "chain_name": "A",
            "nt_resnum": 8,
            "nt_name": "U",
            "nt_code": "U",
            "nt_id": "A.U8",
            "nt_type": "RNA",
            "dbn": "(",
            "summary": "anti,~C3'-endo,BI,canonical,non-pair-contact,helix,stem,phosphate",
            "alpha": -81.4,
            "beta": 175.1,
            "gamma": 56.6,
            "delta": 69.9,
            "epsilon": -172.8,
            "zeta": -111.4,
            "epsilon_zeta": -61.4,
            "bb_type": "BI",
            "chi": -160.2,
            "glyco_bond": "anti",
            "C5prime_xyz": [
                -1.721,
                8.976,
                0.49
            ],
            "P_xyz": [
                0.662,
                10.028,
                0.371
            ],
            "form": ".",
            "ssZp": 4.51,
            "Dp": 4.62,
            "splay_angle": 23.261,
            "splay_distance": 4.071,
            "splay_ratio": 0.211,
            "eta": 151.5,
            "theta": -177.5,
            "eta_prime": 165.7,
            "theta_prime": -176.2,
            "eta_base": -158.5,
            "theta_base": -164.7,
            "v0": 3.2,
            "v1": -29.6,
            "v2": 43.5,
            "v3": -42.4,
            "v4": 24.8,
            "amplitude": 44.9,
            "phase_angle": 14.4,
            "puckering": "C3'-endo",
            "sugar_class": "~C3'-endo",
            "bin": "33p",
            "cluster": "1a",
            "suiteness": 0.605,
            "filter_rmsd": 0.117,
            "frame": {
                "rmsd": 0.03,
                "origin": [
                    -6.183,
                    5.511,
                    -0.397
                ],
                "x_axis": [
                    0.903,
                    -0.102,
                    -0.418
                ],
                "y_axis": [
                    0.408,
                    -0.1,
                    0.907
                ],
                "z_axis": [
                    -0.134,
                    -0.99,
                    -0.049
                ],
                "quaternion": [
                    0.662,
                    0.716,
                    0.107,
                    -0.193
                ]
            },
            "sse": {
                "sse": null
            },
            "binding_protein": null,
            "binding_ion": "BDR",
            "binding_small-molecule": true,
            "TotalAsa": 138.50801977670372,
            "PolarAsa": 97.78831623947896,
            "ApolarAsa": 40.71970353722477,
            "id": "1nem.A.8"
        },
        {
            "index": 6,
            "index_chain": 6,
            "chain_name": "A",
            "nt_resnum": 9,
            "nt_name": "G",
            "nt_code": "G",
            "nt_id": "A.G9",
            "nt_type": "RNA",
            "dbn": "(",
            "summary": "anti,~C3'-endo,BI,canonical,non-pair-contact,helix,stem,phosphate",
            "alpha": 159.9,
            "beta": -137.6,
            "gamma": 172.1,
            "delta": 89.6,
            "epsilon": -116.4,
            "zeta": -97.4,
            "epsilon_zeta": -18.9,
            "bb_type": "BI",
            "chi": 174.1,
            "glyco_bond": "anti",
            "C5prime_xyz": [
                -1.368,
                8.005,
                2.22
            ],
            "P_xyz": [
                0.859,
                9.096,
                1.388
            ],
            "form": "A",
            "ssZp": 4.65,
            "Dp": 4.68,
            "splay_angle": 26.282,
            "splay_distance": 4.286,
            "splay_ratio": 0.23,
            "eta": -172.3,
            "theta": -118.7,
            "eta_prime": -172.5,
            "theta_prime": -127.2,
            "eta_base": -161.5,
            "theta_base": -94.3,
            "v0": 14.8,
            "v1": -30.1,
            "v2": 33.7,
            "v3": -25.8,
            "v4": 6.8,
            "amplitude": 34.0,
            "phase_angle": 353.3,
            "puckering": "C2'-exo",
            "sugar_class": "~C3'-endo",
            "bin": "33t",
            "cluster": "1c",
            "suiteness": 0.766,
            "filter_rmsd": 0.028,
            "frame": {
                "rmsd": 0.028,
                "origin": [
                    -8.169,
                    2.795,
                    -2.687
                ],
                "x_axis": [
                    0.992,
                    0.099,
                    -0.075
                ],
                "y_axis": [
                    0.086,
                    -0.11,
                    0.99
                ],
                "z_axis": [
                    0.089,
                    -0.989,
                    -0.117
                ],
                "quaternion": [
                    0.664,
                    0.745,
                    0.062,
                    0.005
                ]
            },
            "sse": {
                "sse": null
            },
            "binding_protein": null,
            "binding_ion": "IDG",
            "binding_small-molecule": true,
            "TotalAsa": 171.08562469177298,
            "PolarAsa": 128.7308800195579,
            "ApolarAsa": 42.354744672215055,
            "id": "1nem.A.9"
        }
    ],
    "links": [
        {
            "LW": "B53",
            "backbone": true,
            "source": "1nem.A.10",
            "target": "1nem.A.11"
        },
        {
            "LW": "B35",
            "backbone": true,
            "source": "1nem.A.10",
            "target": "1nem.A.9"
        },
        {
            "index": 7,
            "nt1": "A.G10",
            "nt2": "A.U20",
            "bp": "G-U",
            "name": "Wobble",
            "Saenger": "28-XXVIII",
            "LW": "cWW",
            "DSSR": "cW-W",
            "source": "1nem.A.10",
            "target": "1nem.A.20"
        },
        {
            "LW": "B53",
            "backbone": true,
            "source": "1nem.A.11",
            "target": "1nem.A.12"
        },
        {
            "LW": "B35",
            "backbone": true,
            "source": "1nem.A.11",
            "target": "1nem.A.10"
        },
        {
            "index": 8,
            "nt1": "A.G11",
            "nt2": "A.U19",
            "bp": "G-U",
            "name": "Wobble",
            "Saenger": "28-XXVIII",
            "LW": "cWW",
            "DSSR": "cW-W",
            "source": "1nem.A.11",
            "target": "1nem.A.19"
        },
        {
            "LW": "B53",
            "backbone": true,
            "source": "1nem.A.12",
            "target": "1nem.A.13"
        },
        {
            "LW": "B35",
            "backbone": true,
            "source": "1nem.A.12",
            "target": "1nem.A.11"
        },
        {
            "index": 9,
            "nt1": "A.C12",
            "nt2": "A.G18",
            "bp": "C-G",
            "name": "WC",
            "Saenger": "19-XIX",
            "LW": "cWW",
            "DSSR": "cW-W",
            "source": "1nem.A.12",
            "target": "1nem.A.18"
        },
        {
            "LW": "B53",
            "backbone": true,
            "source": "1nem.A.13",
            "target": "1nem.A.14"
        },
        {
            "LW": "B35",
            "backbone": true,
            "source": "1nem.A.13",
            "target": "1nem.A.12"
        },
        {
            "index": 10,
            "nt1": "A.G13",
            "nt2": "A.A17",
            "bp": "G-A",
            "name": "Sheared",
            "Saenger": "11-XI",
            "LW": "tSH",
            "DSSR": "tm-M",
            "source": "1nem.A.13",
            "target": "1nem.A.17"
        },
        {
            "LW": "B53",
            "backbone": true,
            "source": "1nem.A.14",
            "target": "1nem.A.15"
        },
        {
            "LW": "B35",
            "backbone": true,
            "source": "1nem.A.14",
            "target": "1nem.A.13"
        },
        {
            "LW": "B53",
            "backbone": true,
            "source": "1nem.A.15",
            "target": "1nem.A.16"
        },
        {
            "LW": "B35",
            "backbone": true,
            "source": "1nem.A.15",
            "target": "1nem.A.14"
        },
        {
            "LW": "B53",
            "backbone": true,
            "source": "1nem.A.16",
            "target": "1nem.A.17"
        },
        {
            "LW": "B35",
            "backbone": true,
            "source": "1nem.A.16",
            "target": "1nem.A.15"
        },
        {
            "LW": "B53",
            "backbone": true,
            "source": "1nem.A.17",
            "target": "1nem.A.18"
        },
        {
            "LW": "B35",
            "backbone": true,
            "source": "1nem.A.17",
            "target": "1nem.A.16"
        },
        {
            "index": 10,
            "nt1": "A.A17",
            "nt2": "A.G13",
            "bp": "A-G",
            "name": "Sheared",
            "Saenger": "11-XI",
            "LW": "tHS",
            "DSSR": "tm-M",
            "source": "1nem.A.17",
            "target": "1nem.A.13"
        },
        {
            "LW": "B53",
            "backbone": true,
            "source": "1nem.A.18",
            "target": "1nem.A.19"
        },
        {
            "LW": "B35",
            "backbone": true,
            "source": "1nem.A.18",
            "target": "1nem.A.17"
        },
        {
            "index": 9,
            "nt1": "A.G18",
            "nt2": "A.C12",
            "bp": "G-C",
            "name": "WC",
            "Saenger": "19-XIX",
            "LW": "cWW",
            "DSSR": "cW-W",
            "source": "1nem.A.18",
            "target": "1nem.A.12"
        },
        {
            "LW": "B53",
            "backbone": true,
            "source": "1nem.A.19",
            "target": "1nem.A.20"
        },
        {
            "LW": "B35",
            "backbone": true,
            "source": "1nem.A.19",
            "target": "1nem.A.18"
        },
        {
            "index": 8,
            "nt1": "A.U19",
            "nt2": "A.G11",
            "bp": "U-G",
            "name": "Wobble",
            "Saenger": "28-XXVIII",
            "LW": "cWW",
            "DSSR": "cW-W",
            "source": "1nem.A.19",
            "target": "1nem.A.11"
        },
        {
            "LW": "B53",
            "backbone": true,
            "source": "1nem.A.20",
            "target": "1nem.A.21"
        },
        {
            "LW": "B35",
            "backbone": true,
            "source": "1nem.A.20",
            "target": "1nem.A.19"
        },
        {
            "index": 7,
            "nt1": "A.U20",
            "nt2": "A.G10",
            "bp": "U-G",
            "name": "Wobble",
            "Saenger": "28-XXVIII",
            "LW": "cWW",
            "DSSR": "cW-W",
            "source": "1nem.A.20",
            "target": "1nem.A.10"
        },
        {
            "LW": "B53",
            "backbone": true,
            "source": "1nem.A.21",
            "target": "1nem.A.22"
        },
        {
            "LW": "B35",
            "backbone": true,
            "source": "1nem.A.21",
            "target": "1nem.A.20"
        },
        {
            "index": 6,
            "nt1": "A.U21",
            "nt2": "A.G9",
            "bp": "U-G",
            "name": "Wobble",
            "Saenger": "28-XXVIII",
            "LW": "cWW",
            "DSSR": "cW-W",
            "source": "1nem.A.21",
            "target": "1nem.A.9"
        },
        {
            "LW": "B53",
            "backbone": true,
            "source": "1nem.A.22",
            "target": "1nem.A.23"
        },
        {
            "LW": "B35",
            "backbone": true,
            "source": "1nem.A.22",
            "target": "1nem.A.21"
        },
        {
            "index": 5,
            "nt1": "A.A22",
            "nt2": "A.U8",
            "bp": "A-U",
            "name": "WC",
            "Saenger": "20-XX",
            "LW": "cWW",
            "DSSR": "cW-W",
            "source": "1nem.A.22",
            "target": "1nem.A.8"
        },
        {
            "LW": "B53",
            "backbone": true,
            "source": "1nem.A.23",
            "target": "1nem.A.24"
        },
        {
            "LW": "B35",
            "backbone": true,
            "source": "1nem.A.23",
            "target": "1nem.A.22"
        },
        {
            "index": 4,
            "nt1": "A.G23",
            "nt2": "A.C7",
            "bp": "G-C",
            "name": "WC",
            "Saenger": "19-XIX",
            "LW": "cWW",
            "DSSR": "cW-W",
            "source": "1nem.A.23",
            "target": "1nem.A.7"
        },
        {
            "LW": "B53",
            "backbone": true,
            "source": "1nem.A.24",
            "target": "1nem.A.25"
        },
        {
            "LW": "B35",
            "backbone": true,
            "source": "1nem.A.24",
            "target": "1nem.A.23"
        },
        {
            "index": 3,
            "nt1": "A.U24",
            "nt2": "A.A6",
            "bp": "U-A",
            "name": "WC",
            "Saenger": "20-XX",
            "LW": "cWW",
            "DSSR": "cW-W",
            "source": "1nem.A.24",
            "target": "1nem.A.6"
        },
        {
            "LW": "B53",
            "backbone": true,
            "source": "1nem.A.25",
            "target": "1nem.A.26"
        },
        {
            "LW": "B35",
            "backbone": true,
            "source": "1nem.A.25",
            "target": "1nem.A.24"
        },
        {
            "index": 2,
            "nt1": "A.C25",
            "nt2": "A.G5",
            "bp": "C-G",
            "name": "WC",
            "Saenger": "19-XIX",
            "LW": "cWW",
            "DSSR": "cW-W",
            "source": "1nem.A.25",
            "target": "1nem.A.5"
        },
        {
            "LW": "B35",
            "backbone": true,
            "source": "1nem.A.26",
            "target": "1nem.A.25"
        },
        {
            "index": 1,
            "nt1": "A.C26",
            "nt2": "A.G4",
            "bp": "C-G",
            "name": "WC",
            "Saenger": "19-XIX",
            "LW": "cWW",
            "DSSR": "cW-W",
            "source": "1nem.A.26",
            "target": "1nem.A.4"
        },
        {
            "LW": "B53",
            "backbone": true,
            "source": "1nem.A.4",
            "target": "1nem.A.5"
        },
        {
            "index": 1,
            "nt1": "A.G4",
            "nt2": "A.C26",
            "bp": "G-C",
            "name": "WC",
            "Saenger": "19-XIX",
            "LW": "cWW",
            "DSSR": "cW-W",
            "source": "1nem.A.4",
            "target": "1nem.A.26"
        },
        {
            "LW": "B53",
            "backbone": true,
            "source": "1nem.A.5",
            "target": "1nem.A.6"
        },
        {
            "LW": "B35",
            "backbone": true,
            "source": "1nem.A.5",
            "target": "1nem.A.4"
        },
        {
            "index": 2,
            "nt1": "A.G5",
            "nt2": "A.C25",
            "bp": "G-C",
            "name": "WC",
            "Saenger": "19-XIX",
            "LW": "cWW",
            "DSSR": "cW-W",
            "source": "1nem.A.5",
            "target": "1nem.A.25"
        },
        {
            "LW": "B53",
            "backbone": true,
            "source": "1nem.A.6",
            "target": "1nem.A.7"
        },
        {
            "LW": "B35",
            "backbone": true,
            "source": "1nem.A.6",
            "target": "1nem.A.5"
        },
        {
            "index": 3,
            "nt1": "A.A6",
            "nt2": "A.U24",
            "bp": "A-U",
            "name": "WC",
            "Saenger": "20-XX",
            "LW": "cWW",
            "DSSR": "cW-W",
            "source": "1nem.A.6",
            "target": "1nem.A.24"
        },
        {
            "LW": "B53",
            "backbone": true,
            "source": "1nem.A.7",
            "target": "1nem.A.8"
        },
        {
            "LW": "B35",
            "backbone": true,
            "source": "1nem.A.7",
            "target": "1nem.A.6"
        },
        {
            "index": 4,
            "nt1": "A.C7",
            "nt2": "A.G23",
            "bp": "C-G",
            "name": "WC",
            "Saenger": "19-XIX",
            "LW": "cWW",
            "DSSR": "cW-W",
            "source": "1nem.A.7",
            "target": "1nem.A.23"
        },
        {
            "LW": "B53",
            "backbone": true,
            "source": "1nem.A.8",
            "target": "1nem.A.9"
        },
        {
            "LW": "B35",
            "backbone": true,
            "source": "1nem.A.8",
            "target": "1nem.A.7"
        },
        {
            "index": 5,
            "nt1": "A.U8",
            "nt2": "A.A22",
            "bp": "U-A",
            "name": "WC",
            "Saenger": "20-XX",
            "LW": "cWW",
            "DSSR": "cW-W",
            "source": "1nem.A.8",
            "target": "1nem.A.22"
        },
        {
            "LW": "B53",
            "backbone": true,
            "source": "1nem.A.9",
            "target": "1nem.A.10"
        },
        {
            "LW": "B35",
            "backbone": true,
            "source": "1nem.A.9",
            "target": "1nem.A.8"
        },
        {
            "index": 6,
            "nt1": "A.G9",
            "nt2": "A.U21",
            "bp": "G-U",
            "name": "Wobble",
            "Saenger": "28-XXVIII",
            "LW": "cWW",
            "DSSR": "cW-W",
            "source": "1nem.A.9",
            "target": "1nem.A.21"
        }
    ]
}