{
    "directed": true,
    "multigraph": false,
    "graph": {
        "dbn": {
            "all_chains": {
                "num_nts": 23,
                "num_chars": 23,
                "bseq": "GGACUGGGCGAGAAGUUUAGUCC",
                "sstr": "(((((((((.....)))))))))",
                "form": ".AAA.A.A......AAA.AA..-"
            },
            "single_chains": {
                "m1_chain_A": {
                    "num_nts": 23,
                    "num_chars": 23,
                    "bseq": "GGACUGGGCGAGAAGUUUAGUCC",
                    "sstr": "(((((((((.....)))))))))",
                    "form": ".AAA.A.A......AAA.AA..-"
                }
            }
        },
        "resolution_low": null,
        "resolution_high": null
    },
    "nodes": [
        {
            "index": 7,
            "index_chain": 7,
            "chain_name": "A",
            "nt_resnum": 10,
            "nt_name": "G",
            "nt_code": "G",
            "nt_id": "A.G10",
            "nt_type": "RNA",
            "dbn": "(",
            "summary": "anti,~C3'-endo,BI,canonical,non-pair-contact,helix,stem",
            "alpha": 141.9,
            "beta": -122.5,
            "gamma": 173.0,
            "delta": 79.8,
            "epsilon": -141.8,
            "zeta": -91.4,
            "epsilon_zeta": -50.4,
            "bb_type": "BI",
            "chi": 170.7,
            "glyco_bond": "anti",
            "C5prime_xyz": [
                -1.583,
                8.099,
                2.342
            ],
            "P_xyz": [
                0.509,
                9.363,
                1.354
            ],
            "form": ".",
            "ssZp": 4.59,
            "Dp": 4.68,
            "splay_angle": 26.477,
            "splay_distance": 4.539,
            "splay_ratio": 0.242,
            "eta": 162.3,
            "theta": -133.9,
            "eta_prime": -176.4,
            "theta_prime": -140.3,
            "eta_base": -132.8,
            "theta_base": -109.8,
            "v0": 10.0,
            "v1": -30.9,
            "v2": 40.1,
            "v3": -35.1,
            "v4": 15.5,
            "amplitude": 40.3,
            "phase_angle": 4.5,
            "puckering": "C3'-endo",
            "sugar_class": "~C3'-endo",
            "bin": "33p",
            "cluster": "1a",
            "suiteness": 0.675,
            "filter_rmsd": 0.027,
            "frame": {
                "rmsd": 0.027,
                "origin": [
                    -6.419,
                    -0.626,
                    -4.585
                ],
                "x_axis": [
                    0.834,
                    0.111,
                    0.54
                ],
                "y_axis": [
                    -0.54,
                    -0.031,
                    0.841
                ],
                "z_axis": [
                    0.11,
                    -0.993,
                    0.034
                ],
                "quaternion": [
                    0.678,
                    0.677,
                    -0.159,
                    0.24
                ]
            },
            "sse": {
                "sse": null
            },
            "binding_protein": null,
            "binding_ion": null,
            "binding_small-molecule": true,
            "TotalAsa": 199.05153127980762,
            "PolarAsa": 159.99161654133806,
            "ApolarAsa": 39.05991473846954,
            "id": "1nem.A.10"
        },
        {
            "index": 8,
            "index_chain": 8,
            "chain_name": "A",
            "nt_resnum": 11,
            "nt_name": "G",
            "nt_code": "G",
            "nt_id": "A.G11",
            "nt_type": "RNA",
            "dbn": "(",
            "summary": "anti,~C3'-endo,canonical,non-pair-contact,helix,stem",
            "alpha": 171.3,
            "beta": -147.8,
            "gamma": 168.6,
            "delta": 95.2,
            "epsilon": -125.9,
            "zeta": -78.6,
            "epsilon_zeta": -47.3,
            "bb_type": "--",
            "chi": 175.0,
            "glyco_bond": "anti",
            "C5prime_xyz": [
                -1.719,
                8.059,
                2.22
            ],
            "P_xyz": [
                0.654,
                9.06,
                1.99
            ],
            "form": "A",
            "ssZp": 4.1,
            "Dp": 4.27,
            "splay_angle": 23.698,
            "splay_distance": 4.056,
            "splay_ratio": 0.212,
            "eta": -179.9,
            "theta": -107.8,
            "eta_prime": -161.7,
            "theta_prime": -120.1,
            "eta_base": -112.8,
            "theta_base": -84.4,
            "v0": 12.3,
            "v1": -24.8,
            "v2": 27.5,
            "v3": -21.0,
            "v4": 5.4,
            "amplitude": 27.7,
            "phase_angle": 352.8,
            "puckering": "C2'-exo",
            "sugar_class": "~C3'-endo",
            "bin": "33t",
            "cluster": "1c",
            "suiteness": 0.363,
            "filter_rmsd": 0.029,
            "frame": {
                "rmsd": 0.029,
                "origin": [
                    -3.322,
                    -3.912,
                    -5.043
                ],
                "x_axis": [
                    0.237,
                    0.296,
                    0.925
                ],
                "y_axis": [
                    -0.966,
                    -0.026,
                    0.256
                ],
                "z_axis": [
                    0.1,
                    -0.955,
                    0.28
                ],
                "quaternion": [
                    0.61,
                    0.496,
                    -0.338,
                    0.517
                ]
            },
            "sse": {
                "sse": null
            },
            "binding_protein": null,
            "binding_ion": "BDR",
            "binding_small-molecule": true,
            "TotalAsa": 179.23660488181451,
            "PolarAsa": 152.75277255611647,
            "ApolarAsa": 26.483832325698028,
            "id": "1nem.A.11"
        },
        {
            "index": 9,
            "index_chain": 9,
            "chain_name": "A",
            "nt_resnum": 12,
            "nt_name": "C",
            "nt_code": "C",
            "nt_id": "A.C12",
            "nt_type": "RNA",
            "dbn": "(",
            "summary": "anti,~C3'-endo,canonical,non-pair-contact,helix,stem-end,hairpin-loop",
            "alpha": 135.0,
            "beta": -146.3,
            "gamma": 179.5,
            "delta": 82.0,
            "epsilon": -109.5,
            "zeta": -70.8,
            "epsilon_zeta": -38.7,
            "bb_type": "--",
            "chi": 179.9,
            "glyco_bond": "anti",
            "C5prime_xyz": [
                -2.1,
                8.846,
                1.491
            ],
            "P_xyz": [
                -0.319,
                10.544,
                0.502
            ],
            "form": ".",
            "ssZp": 4.15,
            "Dp": 4.25,
            "splay_angle": 29.437,
            "splay_distance": 5.494,
            "splay_ratio": 0.263,
            "eta": 154.7,
            "theta": -108.6,
            "eta_prime": -178.9,
            "theta_prime": -116.4,
            "eta_base": -118.6,
            "theta_base": -59.6,
            "v0": -7.4,
            "v1": -16.0,
            "v2": 32.1,
            "v3": -36.7,
            "v4": 27.9,
            "amplitude": 36.9,
            "phase_angle": 29.6,
            "puckering": "C3'-endo",
            "sugar_class": "~C3'-endo",
            "bin": "33p",
            "cluster": "1a",
            "suiteness": 0.276,
            "filter_rmsd": 0.08,
            "frame": {
                "rmsd": 0.03,
                "origin": [
                    -1.162,
                    -6.553,
                    -2.85
                ],
                "x_axis": [
                    -0.403,
                    0.326,
                    0.855
                ],
                "y_axis": [
                    -0.915,
                    -0.162,
                    -0.37
                ],
                "z_axis": [
                    0.018,
                    -0.931,
                    0.364
                ],
                "quaternion": [
                    0.447,
                    0.314,
                    -0.468,
                    0.694
                ]
            },
            "sse": {
                "sse": "hairpin_1"
            },
            "binding_protein": null,
            "binding_ion": null,
            "binding_small-molecule": true,
            "TotalAsa": 156.04998131075618,
            "PolarAsa": 120.20496655560787,
            "ApolarAsa": 35.845014755148355,
            "id": "1nem.A.12"
        },
        {
            "index": 10,
            "index_chain": 10,
            "chain_name": "A",
            "nt_resnum": 13,
            "nt_name": "G",
            "nt_code": "G",
            "nt_id": "A.G13",
            "nt_type": "RNA",
            "dbn": ".",
            "summary": "u-turn,anti,~C3'-endo,BI,non-canonical,non-pair-contact,helix-end,hairpin-loop,cap-acceptor",
            "alpha": 105.5,
            "beta": -145.4,
            "gamma": -168.9,
            "delta": 78.2,
            "epsilon": -127.5,
            "zeta": -65.9,
            "epsilon_zeta": -61.5,
            "bb_type": "BI",
            "chi": -172.6,
            "glyco_bond": "anti",
            "C5prime_xyz": [
                -1.294,
                8.626,
                1.333
            ],
            "P_xyz": [
                -0.176,
                10.535,
                -0.114
            ],
            "form": ".",
            "ssZp": 4.78,
            "Dp": 4.86,
            "splay_angle": 78.164,
            "splay_distance": 10.756,
            "splay_ratio": 0.631,
            "eta": 127.7,
            "theta": -139.9,
            "eta_prime": 160.8,
            "theta_prime": 176.5,
            "eta_base": -114.4,
            "theta_base": 119.4,
            "v0": 8.7,
            "v1": -31.8,
            "v2": 42.5,
            "v3": -38.5,
            "v4": 18.6,
            "amplitude": 42.8,
            "phase_angle": 7.3,
            "puckering": "C3'-endo",
            "sugar_class": "~C3'-endo",
            "bin": "33t",
            "cluster": "!!",
            "suiteness": 0.0,
            "filter_rmsd": 0.03,
            "frame": {
                "rmsd": 0.03,
                "origin": [
                    -4.121,
                    -7.776,
                    1.614
                ],
                "x_axis": [
                    -0.933,
                    0.339,
                    0.123
                ],
                "y_axis": [
                    -0.269,
                    -0.427,
                    -0.863
                ],
                "z_axis": [
                    -0.24,
                    -0.838,
                    0.489
                ],
                "quaternion": [
                    0.18,
                    -0.035,
                    -0.504,
                    0.844
                ]
            },
            "sse": {
                "sse": "hairpin_1"
            },
            "binding_protein": null,
            "binding_ion": "BDR",
            "binding_small-molecule": true,
            "TotalAsa": 179.42103188715518,
            "PolarAsa": 151.07452919478,
            "ApolarAsa": 28.34650269237517,
            "id": "1nem.A.13"
        },
        {
            "index": 11,
            "index_chain": 11,
            "chain_name": "A",
            "nt_resnum": 14,
            "nt_name": "A",
            "nt_code": "A",
            "nt_id": "A.A14",
            "nt_type": "RNA",
            "dbn": ".",
            "summary": "turn,u-turn,anti,~C3'-endo,BI,non-pair-contact,hairpin-loop",
            "alpha": 172.2,
            "beta": 140.2,
            "gamma": 57.9,
            "delta": 85.1,
            "epsilon": -133.5,
            "zeta": -75.6,
            "epsilon_zeta": -57.9,
            "bb_type": "BI",
            "chi": -173.2,
            "glyco_bond": "anti",
            "C5prime_xyz": [
                -1.329,
                8.542,
                1.414
            ],
            "P_xyz": [
                1.297,
                8.386,
                1.306
            ],
            "form": ".",
            "ssZp": 4.6,
            "Dp": 4.66,
            "splay_angle": 21.688,
            "splay_distance": 3.466,
            "splay_ratio": 0.188,
            "eta": 21.4,
            "theta": -129.8,
            "eta_prime": 51.7,
            "theta_prime": -132.9,
            "eta_base": 26.1,
            "theta_base": -97.3,
            "v0": 10.5,
            "v1": -29.2,
            "v2": 36.1,
            "v3": -30.7,
            "v4": 12.8,
            "amplitude": 36.1,
            "phase_angle": 2.0,
            "puckering": "C3'-endo",
            "sugar_class": "~C3'-endo",
            "bin": "33p",
            "cluster": "1g",
            "suiteness": 0.488,
            "filter_rmsd": 0.043,
            "frame": {
                "rmsd": 0.023,
                "origin": [
                    3.535,
                    -15.195,
                    0.195
                ],
                "x_axis": [
                    0.102,
                    -0.045,
                    -0.994
                ],
                "y_axis": [
                    -0.987,
                    -0.127,
                    -0.095
                ],
                "z_axis": [
                    -0.122,
                    0.991,
                    -0.057
                ],
                "quaternion": [
                    -0.479,
                    0.567,
                    -0.455,
                    -0.492
                ]
            },
            "sse": {
                "sse": "hairpin_1"
            },
            "binding_protein": null,
            "binding_ion": null,
            "binding_small-molecule": null,
            "TotalAsa": 288.3093379158274,
            "PolarAsa": 191.75019198401824,
            "ApolarAsa": 96.55914593180918,
            "id": "1nem.A.14"
        },
        {
            "index": 12,
            "index_chain": 12,
            "chain_name": "A",
            "nt_resnum": 15,
            "nt_name": "G",
            "nt_code": "G",
            "nt_id": "A.G15",
            "nt_type": "RNA",
            "dbn": ".",
            "summary": "u-turn,anti,~C3'-endo,non-pair-contact,hairpin-loop,cap-donor,phosphate,splayed-apart",
            "alpha": -69.2,
            "beta": 160.0,
            "gamma": 62.0,
            "delta": 86.2,
            "epsilon": -99.1,
            "zeta": -114.9,
            "epsilon_zeta": 15.8,
            "bb_type": "--",
            "chi": -158.6,
            "glyco_bond": "anti",
            "C5prime_xyz": [
                -1.284,
                8.828,
                0.533
            ],
            "P_xyz": [
                1.335,
                9.027,
                0.355
            ],
            "form": ".",
            "ssZp": 3.95,
            "Dp": 4.59,
            "splay_angle": 122.026,
            "splay_distance": 16.256,
            "splay_ratio": 0.875,
            "eta": 177.0,
            "theta": -148.7,
            "eta_prime": -167.1,
            "theta_prime": -153.9,
            "eta_base": -114.6,
            "theta_base": -131.4,
            "v0": 7.7,
            "v1": -26.1,
            "v2": 34.0,
            "v3": -30.3,
            "v4": 14.2,
            "amplitude": 34.1,
            "phase_angle": 5.9,
            "puckering": "C3'-endo",
            "sugar_class": "~C3'-endo",
            "bin": "33p",
            "cluster": "1a",
            "suiteness": 0.689,
            "filter_rmsd": 0.031,
            "frame": {
                "rmsd": 0.031,
                "origin": [
                    3.621,
                    -12.268,
                    -1.657
                ],
                "x_axis": [
                    -0.638,
                    -0.126,
                    -0.76
                ],
                "y_axis": [
                    -0.77,
                    0.078,
                    0.633
                ],
                "z_axis": [
                    -0.02,
                    0.989,
                    -0.147
                ],
                "quaternion": [
                    0.271,
                    -0.328,
                    0.683,
                    0.594
                ]
            },
            "sse": {
                "sse": "hairpin_1"
            },
            "binding_protein": null,
            "binding_ion": "BDR",
            "binding_small-molecule": "",
            "TotalAsa": 175.90338023379093,
            "PolarAsa": 135.84440173099773,
            "ApolarAsa": 40.058978502793195,
            "id": "1nem.A.15"
        },
        {
            "index": 13,
            "index_chain": 13,
            "chain_name": "A",
            "nt_resnum": 16,
            "nt_name": "A",
            "nt_code": "A",
            "nt_id": "A.A16",
            "nt_type": "RNA",
            "dbn": ".",
            "summary": "turn,u-turn,anti,~C2'-endo,non-stack,non-pair-contact,hairpin-loop,cap-acceptor,phosphate,splayed-apart",
            "alpha": -77.1,
            "beta": 161.7,
            "gamma": -169.5,
            "delta": 143.7,
            "epsilon": -110.3,
            "zeta": 102.2,
            "epsilon_zeta": 147.5,
            "bb_type": "--",
            "chi": -92.9,
            "glyco_bond": "anti",
            "C5prime_xyz": [
                -2.953,
                8.032,
                -2.279
            ],
            "P_xyz": [
                -2.904,
                8.842,
                -4.769
            ],
            "form": ".",
            "ssZp": 1.21,
            "Dp": 1.23,
            "splay_angle": 81.305,
            "splay_distance": 14.307,
            "splay_ratio": 0.654,
            "eta": -20.5,
            "theta": 77.4,
            "eta_prime": -31.1,
            "theta_prime": 60.5,
            "eta_base": -70.4,
            "theta_base": 58.5,
            "v0": -25.6,
            "v1": 39.0,
            "v2": -37.1,
            "v3": 23.1,
            "v4": 1.6,
            "amplitude": 39.6,
            "phase_angle": 159.3,
            "puckering": "C2'-endo",
            "sugar_class": "~C2'-endo",
            "bin": "32t",
            "cluster": "!!",
            "suiteness": 0.0,
            "filter_rmsd": 0.04,
            "frame": {
                "rmsd": 0.015,
                "origin": [
                    -2.383,
                    1.97,
                    3.391
                ],
                "x_axis": [
                    -0.856,
                    0.211,
                    0.473
                ],
                "y_axis": [
                    0.217,
                    -0.683,
                    0.698
                ],
                "z_axis": [
                    0.47,
                    0.7,
                    0.538
                ],
                "quaternion": [
                    -0.002,
                    0.269,
                    0.398,
                    0.877
                ]
            },
            "sse": {
                "sse": "hairpin_1"
            },
            "binding_protein": null,
            "binding_ion": "BDR",
            "binding_small-molecule": true,
            "TotalAsa": 233.25388623536935,
            "PolarAsa": 121.36173462160524,
            "ApolarAsa": 111.89215161376411,
            "id": "1nem.A.16"
        },
        {
            "index": 14,
            "index_chain": 14,
            "chain_name": "A",
            "nt_resnum": 17,
            "nt_name": "A",
            "nt_code": "A",
            "nt_id": "A.A17",
            "nt_type": "RNA",
            "dbn": ".",
            "summary": "anti,~C3'-endo,BI,non-canonical,non-pair-contact,helix-end,hairpin-loop,phosphate",
            "alpha": 61.8,
            "beta": 167.2,
            "gamma": -178.4,
            "delta": 74.2,
            "epsilon": -114.3,
            "zeta": -64.6,
            "epsilon_zeta": -49.8,
            "bb_type": "BI",
            "chi": 172.5,
            "glyco_bond": "anti",
            "C5prime_xyz": [
                -2.932,
                8.782,
                1.513
            ],
            "P_xyz": [
                -2.459,
                11.314,
                1.033
            ],
            "form": ".",
            "ssZp": 4.08,
            "Dp": 4.17,
            "splay_angle": 25.716,
            "splay_distance": 4.269,
            "splay_ratio": 0.223,
            "eta": 105.1,
            "theta": -159.9,
            "eta_prime": 85.5,
            "theta_prime": -155.4,
            "eta_base": 77.1,
            "theta_base": -81.7,
            "v0": -20.4,
            "v1": -8.0,
            "v2": 31.3,
            "v3": -43.3,
            "v4": 40.6,
            "amplitude": 44.3,
            "phase_angle": 45.0,
            "puckering": "C4'-exo",
            "sugar_class": "~C3'-endo",
            "bin": "23m",
            "cluster": "0k",
            "suiteness": 0.533,
            "filter_rmsd": 0.044,
            "frame": {
                "rmsd": 0.025,
                "origin": [
                    1.851,
                    -9.723,
                    -3.682
                ],
                "x_axis": [
                    -0.997,
                    0.001,
                    0.071
                ],
                "y_axis": [
                    0.068,
                    0.311,
                    0.948
                ],
                "z_axis": [
                    -0.021,
                    0.95,
                    -0.31
                ],
                "quaternion": [
                    -0.028,
                    0.021,
                    0.809,
                    0.586
                ]
            },
            "sse": {
                "sse": "hairpin_1"
            },
            "binding_protein": null,
            "binding_ion": "BDR",
            "binding_small-molecule": true,
            "TotalAsa": 172.17821530636888,
            "PolarAsa": 128.98504321305577,
            "ApolarAsa": 43.1931720933131,
            "id": "1nem.A.17"
        },
        {
            "index": 15,
            "index_chain": 15,
            "chain_name": "A",
            "nt_resnum": 18,
            "nt_name": "G",
            "nt_code": "G",
            "nt_id": "A.G18",
            "nt_type": "RNA",
            "dbn": ")",
            "summary": "anti,~C3'-endo,BI,canonical,non-pair-contact,helix,stem-end,hairpin-loop,phosphate",
            "alpha": -88.0,
            "beta": 131.2,
            "gamma": 88.8,
            "delta": 76.2,
            "epsilon": -145.1,
            "zeta": -70.2,
            "epsilon_zeta": -74.9,
            "bb_type": "BI",
            "chi": -178.6,
            "glyco_bond": "anti",
            "C5prime_xyz": [
                -1.696,
                8.858,
                1.483
            ],
            "P_xyz": [
                0.6,
                9.836,
                0.56
            ],
            "form": "A",
            "ssZp": 4.58,
            "Dp": 4.63,
            "splay_angle": 21.752,
            "splay_distance": 3.443,
            "splay_ratio": 0.193,
            "eta": 139.1,
            "theta": -147.5,
            "eta_prime": 168.4,
            "theta_prime": -150.1,
            "eta_base": -99.0,
            "theta_base": -110.2,
            "v0": 0.4,
            "v1": -25.0,
            "v2": 39.2,
            "v3": -39.4,
            "v4": 24.7,
            "amplitude": 41.2,
            "phase_angle": 17.8,
            "puckering": "C3'-endo",
            "sugar_class": "~C3'-endo",
            "bin": "33t",
            "cluster": "1c",
            "suiteness": 0.216,
            "filter_rmsd": 0.029,
            "frame": {
                "rmsd": 0.029,
                "origin": [
                    -1.056,
                    -6.603,
                    -3.492
                ],
                "x_axis": [
                    -0.511,
                    0.205,
                    0.834
                ],
                "y_axis": [
                    0.85,
                    0.267,
                    0.455
                ],
                "z_axis": [
                    -0.129,
                    0.942,
                    -0.311
                ],
                "quaternion": [
                    -0.333,
                    0.365,
                    0.723,
                    0.483
                ]
            },
            "sse": {
                "sse": "hairpin_1"
            },
            "binding_protein": null,
            "binding_ion": "BDR",
            "binding_small-molecule": true,
            "TotalAsa": 187.6786622226769,
            "PolarAsa": 150.6590033540262,
            "ApolarAsa": 37.01965886865068,
            "id": "1nem.A.18"
        },
        {
            "index": 16,
            "index_chain": 16,
            "chain_name": "A",
            "nt_resnum": 19,
            "nt_name": "U",
            "nt_code": "U",
            "nt_id": "A.U19",
            "nt_type": "RNA",
            "dbn": ")",
            "summary": "anti,~C3'-endo,BI,canonical,non-pair-contact,helix,stem",
            "alpha": -72.8,
            "beta": 171.4,
            "gamma": 64.7,
            "delta": 82.4,
            "epsilon": -164.7,
            "zeta": -74.6,
            "epsilon_zeta": -90.1,
            "bb_type": "BI",
            "chi": -156.9,
            "glyco_bond": "anti",
            "C5prime_xyz": [
                -1.407,
                8.862,
                0.479
            ],
            "P_xyz": [
                1.216,
                9.251,
                0.458
            ],
            "form": "A",
            "ssZp": 4.3,
            "Dp": 4.45,
            "splay_angle": 22.435,
            "splay_distance": 3.842,
            "splay_ratio": 0.196,
            "eta": 167.3,
            "theta": -131.0,
            "eta_prime": -172.3,
            "theta_prime": -143.1,
            "eta_base": -113.8,
            "theta_base": -121.7,
            "v0": 10.8,
            "v1": -30.2,
            "v2": 37.3,
            "v3": -31.5,
            "v4": 13.2,
            "amplitude": 37.3,
            "phase_angle": 1.9,
            "puckering": "C3'-endo",
            "sugar_class": "~C3'-endo",
            "bin": "33p",
            "cluster": "1a",
            "suiteness": 0.451,
            "filter_rmsd": 0.116,
            "frame": {
                "rmsd": 0.031,
                "origin": [
                    -3.139,
                    -3.934,
                    -2.866
                ],
                "x_axis": [
                    0.224,
                    0.43,
                    0.874
                ],
                "y_axis": [
                    0.907,
                    0.237,
                    -0.349
                ],
                "z_axis": [
                    -0.357,
                    0.871,
                    -0.337
                ],
                "quaternion": [
                    0.53,
                    -0.575,
                    -0.581,
                    -0.225
                ]
            },
            "sse": {
                "sse": null
            },
            "binding_protein": null,
            "binding_ion": "IDG",
            "binding_small-molecule": true,
            "TotalAsa": 182.96984352920475,
            "PolarAsa": 126.83167812645797,
            "ApolarAsa": 56.13816540274676,
            "id": "1nem.A.19"
        },
        {
            "index": 17,
            "index_chain": 17,
            "chain_name": "A",
            "nt_resnum": 20,
            "nt_name": "U",
            "nt_code": "U",
            "nt_id": "A.U20",
            "nt_type": "RNA",
            "dbn": ")",
            "summary": "anti,~C3'-endo,BI,canonical,non-pair-contact,helix,stem",
            "alpha": 154.4,
            "beta": -174.1,
            "gamma": 172.8,
            "delta": 90.9,
            "epsilon": -138.8,
            "zeta": -84.9,
            "epsilon_zeta": -53.9,
            "bb_type": "BI",
            "chi": -169.9,
            "glyco_bond": "anti",
            "C5prime_xyz": [
                -0.974,
                8.299,
                1.391
            ],
            "P_xyz": [
                1.034,
                9.759,
                0.574
            ],
            "form": "A",
            "ssZp": 4.57,
            "Dp": 4.65,
            "splay_angle": 21.257,
            "splay_distance": 3.307,
            "splay_ratio": 0.185,
            "eta": 160.6,
            "theta": -139.7,
            "eta_prime": 174.4,
            "theta_prime": -144.6,
            "eta_base": -144.1,
            "theta_base": -110.7,
            "v0": 20.4,
            "v1": -33.5,
            "v2": 34.2,
            "v3": -22.9,
            "v4": 1.4,
            "amplitude": 35.5,
            "phase_angle": 344.3,
            "puckering": "C2'-exo",
            "sugar_class": "~C3'-endo",
            "bin": "33t",
            "cluster": "1c",
            "suiteness": 0.589,
            "filter_rmsd": 0.117,
            "frame": {
                "rmsd": 0.031,
                "origin": [
                    -5.497,
                    -0.926,
                    -3.251
                ],
                "x_axis": [
                    0.727,
                    0.195,
                    0.658
                ],
                "y_axis": [
                    0.666,
                    0.033,
                    -0.745
                ],
                "z_axis": [
                    -0.167,
                    0.98,
                    -0.106
                ],
                "quaternion": [
                    0.643,
                    -0.671,
                    -0.321,
                    -0.183
                ]
            },
            "sse": {
                "sse": null
            },
            "binding_protein": null,
            "binding_ion": "BDR",
            "binding_small-molecule": true,
            "TotalAsa": 180.9167923606395,
            "PolarAsa": 139.95559982573806,
            "ApolarAsa": 40.961192534901414,
            "id": "1nem.A.20"
        },
        {
            "index": 18,
            "index_chain": 18,
            "chain_name": "A",
            "nt_resnum": 21,
            "nt_name": "U",
            "nt_code": "U",
            "nt_id": "A.U21",
            "nt_type": "RNA",
            "dbn": ")",
            "summary": "anti,~C3'-endo,canonical,non-pair-contact,helix,stem",
            "alpha": 148.2,
            "beta": -161.6,
            "gamma": 175.9,
            "delta": 96.8,
            "epsilon": -145.5,
            "zeta": -75.8,
            "epsilon_zeta": -69.7,
            "bb_type": "--",
            "chi": -175.6,
            "glyco_bond": "anti",
            "C5prime_xyz": [
                -1.062,
                8.06,
                1.706
            ],
            "P_xyz": [
                1.048,
                9.37,
                0.83
            ],
            "form": ".",
            "ssZp": 4.42,
            "Dp": 4.48,
            "splay_angle": 24.172,
            "splay_distance": 4.181,
            "splay_ratio": 0.211,
            "eta": 162.6,
            "theta": -137.5,
            "eta_prime": -175.4,
            "theta_prime": -146.2,
            "eta_base": -122.6,
            "theta_base": -124.9,
            "v0": 23.8,
            "v1": -33.7,
            "v2": 31.1,
            "v3": -18.0,
            "v4": -3.7,
            "amplitude": 34.2,
            "phase_angle": 335.8,
            "puckering": "C2'-exo",
            "sugar_class": "~C3'-endo",
            "bin": "33t",
            "cluster": "1c",
            "suiteness": 0.221,
            "filter_rmsd": 0.118,
            "frame": {
                "rmsd": 0.031,
                "origin": [
                    -5.535,
                    2.175,
                    -2.101
                ],
                "x_axis": [
                    0.998,
                    0.065,
                    0.014
                ],
                "y_axis": [
                    0.01,
                    0.06,
                    -0.998
                ],
                "z_axis": [
                    -0.066,
                    0.996,
                    0.059
                ],
                "quaternion": [
                    0.727,
                    -0.685,
                    -0.027,
                    0.019
                ]
            },
            "sse": {
                "sse": null
            },
            "binding_protein": null,
            "binding_ion": "BDR",
            "binding_small-molecule": true,
            "TotalAsa": 171.4978646464756,
            "PolarAsa": 120.64926046966886,
            "ApolarAsa": 50.848604176806745,
            "id": "1nem.A.21"
        },
        {
            "index": 19,
            "index_chain": 19,
            "chain_name": "A",
            "nt_resnum": 22,
            "nt_name": "A",
            "nt_code": "A",
            "nt_id": "A.A22",
            "nt_type": "RNA",
            "dbn": ")",
            "summary": "anti,~C3'-endo,BI,canonical,non-pair-contact,helix,stem,phosphate",
            "alpha": 155.1,
            "beta": -176.1,
            "gamma": 173.8,
            "delta": 96.2,
            "epsilon": -142.1,
            "zeta": -78.1,
            "epsilon_zeta": -64.0,
            "bb_type": "BI",
            "chi": -172.5,
            "glyco_bond": "anti",
            "C5prime_xyz": [
                -0.971,
                8.114,
                1.609
            ],
            "P_xyz": [
                1.114,
                9.523,
                0.918
            ],
            "form": "A",
            "ssZp": 4.39,
            "Dp": 4.46,
            "splay_angle": 21.597,
            "splay_distance": 3.73,
            "splay_ratio": 0.196,
            "eta": 161.8,
            "theta": -136.3,
            "eta_prime": -178.2,
            "theta_prime": -146.1,
            "eta_base": -138.0,
            "theta_base": -124.9,
            "v0": 19.8,
            "v1": -30.4,
            "v2": 29.4,
            "v3": -18.6,
            "v4": -0.8,
            "amplitude": 31.2,
            "phase_angle": 340.3,
            "puckering": "C2'-exo",
            "sugar_class": "~C3'-endo",
            "bin": "trig",
            "cluster": "!!",
            "suiteness": 0.0,
            "filter_rmsd": 0.034,
            "frame": {
                "rmsd": 0.018,
                "origin": [
                    -6.214,
                    5.846,
                    -0.22
                ],
                "x_axis": [
                    0.886,
                    0.086,
                    -0.456
                ],
                "y_axis": [
                    -0.461,
                    0.038,
                    -0.887
                ],
                "z_axis": [
                    -0.059,
                    0.996,
                    0.073
                ],
                "quaternion": [
                    0.707,
                    -0.666,
                    0.141,
                    0.193
                ]
            },
            "sse": {
                "sse": null
            },
            "binding_protein": null,
            "binding_ion": null,
            "binding_small-molecule": true,
            "TotalAsa": 188.49849113672576,
            "PolarAsa": 146.42322761871418,
            "ApolarAsa": 42.07526351801162,
            "id": "1nem.A.22"
        },
        {
            "index": 20,
            "index_chain": 20,
            "chain_name": "A",
            "nt_resnum": 23,
            "nt_name": "G",
            "nt_code": "G",
            "nt_id": "A.G23",
            "nt_type": "RNA",
            "dbn": ")",
            "summary": "anti,~C3'-endo,BI,canonical,non-pair-contact,helix,stem",
            "alpha": 136.9,
            "beta": -166.2,
            "gamma": -179.7,
            "delta": 87.1,
            "epsilon": -127.8,
            "zeta": -81.6,
            "epsilon_zeta": -46.2,
            "bb_type": "BI",
            "chi": 179.5,
            "glyco_bond": "anti",
            "C5prime_xyz": [
                -1.068,
                8.156,
                1.879
            ],
            "P_xyz": [
                0.738,
                9.941,
                1.128
            ],
            "form": "A",
            "ssZp": 4.81,
            "Dp": 4.83,
            "splay_angle": 21.325,
            "splay_distance": 3.769,
            "splay_ratio": 0.195,
            "eta": 150.9,
            "theta": -161.1,
            "eta_prime": 171.2,
            "theta_prime": -154.0,
            "eta_base": -144.9,
            "theta_base": -115.6,
            "v0": 17.4,
            "v1": -34.5,
            "v2": 38.1,
            "v3": -28.7,
            "v4": 7.1,
            "amplitude": 38.5,
            "phase_angle": 352.2,
            "puckering": "C2'-exo",
            "sugar_class": "~C3'-endo",
            "bin": "33t",
            "cluster": "1c",
            "suiteness": 0.776,
            "filter_rmsd": 0.03,
            "frame": {
                "rmsd": 0.03,
                "origin": [
                    -4.924,
                    8.739,
                    1.749
                ],
                "x_axis": [
                    0.549,
                    0.06,
                    -0.834
                ],
                "y_axis": [
                    -0.836,
                    0.059,
                    -0.546
                ],
                "z_axis": [
                    0.016,
                    0.996,
                    0.083
                ],
                "quaternion": [
                    0.65,
                    -0.593,
                    0.327,
                    0.345
                ]
            },
            "sse": {
                "sse": null
            },
            "binding_protein": null,
            "binding_ion": null,
            "binding_small-molecule": null,
            "TotalAsa": 190.63183319601328,
            "PolarAsa": 150.96320570771798,
            "ApolarAsa": 39.66862748829527,
            "id": "1nem.A.23"
        },
        {
            "index": 21,
            "index_chain": 21,
            "chain_name": "A",
            "nt_resnum": 24,
            "nt_name": "U",
            "nt_code": "U",
            "nt_id": "A.U24",
            "nt_type": "RNA",
            "dbn": ")",
            "summary": "anti,~C3'-endo,BI,canonical,non-pair-contact,helix,stem",
            "alpha": -63.6,
            "beta": 152.8,
            "gamma": 68.4,
            "delta": 85.0,
            "epsilon": -169.0,
            "zeta": -75.3,
            "epsilon_zeta": -93.7,
            "bb_type": "BI",
            "chi": -170.4,
            "glyco_bond": "anti",
            "C5prime_xyz": [
                -1.536,
                8.669,
                1.237
            ],
            "P_xyz": [
                1.102,
                8.866,
                0.998
            ],
            "form": ".",
            "ssZp": 4.44,
            "Dp": 4.44,
            "splay_angle": 19.1,
            "splay_distance": 3.648,
            "splay_ratio": 0.184,
            "eta": 164.6,
            "theta": -121.2,
            "eta_prime": -168.7,
            "theta_prime": -133.7,
            "eta_base": -113.7,
            "theta_base": -127.2,
            "v0": 10.0,
            "v1": -27.9,
            "v2": 34.4,
            "v3": -28.8,
            "v4": 12.1,
            "amplitude": 34.4,
            "phase_angle": 1.6,
            "puckering": "C3'-endo",
            "sugar_class": "~C3'-endo",
            "bin": "33t",
            "cluster": "1c",
            "suiteness": 0.467,
            "filter_rmsd": 0.117,
            "frame": {
                "rmsd": 0.034,
                "origin": [
                    -2.591,
                    11.691,
                    1.536
                ],
                "x_axis": [
                    -0.011,
                    0.036,
                    -0.999
                ],
                "y_axis": [
                    -0.993,
                    0.116,
                    0.015
                ],
                "z_axis": [
                    0.117,
                    0.993,
                    0.034
                ],
                "quaternion": [
                    0.534,
                    -0.458,
                    0.523,
                    0.482
                ]
            },
            "sse": {
                "sse": null
            },
            "binding_protein": null,
            "binding_ion": null,
            "binding_small-molecule": null,
            "TotalAsa": 189.32817081661668,
            "PolarAsa": 135.61131055830066,
            "ApolarAsa": 53.71686025831601,
            "id": "1nem.A.24"
        },
        {
            "index": 22,
            "index_chain": 22,
            "chain_name": "A",
            "nt_resnum": 25,
            "nt_name": "C",
            "nt_code": "C",
            "nt_id": "A.C25",
            "nt_type": "RNA",
            "dbn": ")",
            "summary": "anti,~C3'-endo,canonical,non-pair-contact,helix,stem",
            "alpha": 154.2,
            "beta": -139.3,
            "gamma": -177.8,
            "delta": 79.1,
            "epsilon": -128.7,
            "zeta": -78.0,
            "epsilon_zeta": -50.7,
            "bb_type": "--",
            "chi": 166.9,
            "glyco_bond": "anti",
            "C5prime_xyz": [
                -2.656,
                8.748,
                1.745
            ],
            "P_xyz": [
                -0.803,
                10.553,
                1.149
            ],
            "form": ".",
            "ssZp": 3.74,
            "Dp": 3.98,
            "splay_angle": 13.203,
            "splay_distance": 2.272,
            "splay_ratio": 0.123,
            "eta": -171.6,
            "theta": -162.0,
            "eta_prime": -155.8,
            "theta_prime": -159.2,
            "eta_base": -126.8,
            "theta_base": -113.6,
            "v0": -18.6,
            "v1": -7.1,
            "v2": 28.5,
            "v3": -39.4,
            "v4": 36.9,
            "amplitude": 40.3,
            "phase_angle": 45.0,
            "puckering": "C4'-exo",
            "sugar_class": "~C3'-endo",
            "bin": "33t",
            "cluster": "1c",
            "suiteness": 0.676,
            "filter_rmsd": 0.079,
            "frame": {
                "rmsd": 0.028,
                "origin": [
                    -0.35,
                    14.053,
                    -0.109
                ],
                "x_axis": [
                    -0.558,
                    0.093,
                    -0.825
                ],
                "y_axis": [
                    -0.794,
                    0.23,
                    0.563
                ],
                "z_axis": [
                    0.242,
                    0.969,
                    -0.055
                ],
                "quaternion": [
                    0.393,
                    -0.258,
                    0.679,
                    0.564
                ]
            },
            "sse": {
                "sse": null
            },
            "binding_protein": null,
            "binding_ion": null,
            "binding_small-molecule": null,
            "TotalAsa": 180.62296338631117,
            "PolarAsa": 135.28055562142526,
            "ApolarAsa": 45.3424077648859,
            "id": "1nem.A.25"
        },
        {
            "index": 23,
            "index_chain": 23,
            "chain_name": "A",
            "nt_resnum": 26,
            "nt_name": "C",
            "nt_code": "C",
            "nt_id": "A.C26",
            "nt_type": "RNA",
            "dbn": ")",
            "summary": "anti,~C3'-endo,canonical,non-pair-contact,helix-end,stem-end",
            "alpha": -74.8,
            "beta": 166.2,
            "gamma": 51.5,
            "delta": 79.8,
            "epsilon": null,
            "zeta": null,
            "epsilon_zeta": null,
            "bb_type": "--",
            "chi": -137.8,
            "glyco_bond": "anti",
            "C5prime_xyz": [
                -1.642,
                8.924,
                -0.798
            ],
            "P_xyz": [
                0.876,
                9.487,
                -1.308
            ],
            "form": "-",
            "ssZp": null,
            "Dp": null,
            "splay_angle": null,
            "splay_distance": null,
            "splay_ratio": null,
            "eta": null,
            "theta": null,
            "eta_prime": null,
            "theta_prime": null,
            "eta_base": null,
            "theta_base": null,
            "v0": -0.9,
            "v1": -21.0,
            "v2": 33.9,
            "v3": -35.3,
            "v4": 22.6,
            "amplitude": 36.1,
            "phase_angle": 19.9,
            "puckering": "C3'-endo",
            "sugar_class": "~C3'-endo",
            "bin": "33p",
            "cluster": "1L",
            "suiteness": 0.725,
            "filter_rmsd": 0.079,
            "frame": {
                "rmsd": 0.026,
                "origin": [
                    0.162,
                    16.263,
                    -0.234
                ],
                "x_axis": [
                    -0.918,
                    0.197,
                    -0.344
                ],
                "y_axis": [
                    -0.195,
                    0.532,
                    0.824
                ],
                "z_axis": [
                    0.346,
                    0.823,
                    -0.45
                ],
                "quaternion": [
                    0.203,
                    0.001,
                    0.851,
                    0.484
                ]
            },
            "sse": {
                "sse": null
            },
            "binding_protein": null,
            "binding_ion": null,
            "binding_small-molecule": null,
            "TotalAsa": 291.04726694550993,
            "PolarAsa": 182.8242084506383,
            "ApolarAsa": 108.2230584948716,
            "id": "1nem.A.26"
        },
        {
            "index": 1,
            "index_chain": 1,
            "chain_name": "A",
            "nt_resnum": 4,
            "nt_name": "G",
            "nt_code": "G",
            "nt_id": "A.G4",
            "nt_type": "RNA",
            "dbn": "(",
            "summary": "anti,~C3'-endo,BI,canonical,non-pair-contact,helix-end,stem-end",
            "alpha": null,
            "beta": null,
            "gamma": -177.7,
            "delta": 79.8,
            "epsilon": -133.2,
            "zeta": -84.9,
            "epsilon_zeta": -48.2,
            "bb_type": "BI",
            "chi": -171.7,
            "glyco_bond": "anti",
            "C5prime_xyz": [
                -1.855,
                8.977,
                1.114
            ],
            "P_xyz": [
                null,
                null,
                null
            ],
            "form": ".",
            "ssZp": 4.43,
            "Dp": 4.5,
            "splay_angle": 19.677,
            "splay_distance": 3.163,
            "splay_ratio": 0.171,
            "eta": null,
            "theta": null,
            "eta_prime": null,
            "theta_prime": null,
            "eta_base": null,
            "theta_base": null,
            "v0": -6.9,
            "v1": -17.6,
            "v2": 34.1,
            "v3": -38.4,
            "v4": 28.6,
            "amplitude": 38.7,
            "phase_angle": 28.2,
            "puckering": "C3'-endo",
            "sugar_class": "~C3'-endo",
            "bin": "inc",
            "cluster": "__",
            "suiteness": 0.0,
            "filter_rmsd": 0.032,
            "frame": {
                "rmsd": 0.032,
                "origin": [
                    1.001,
                    16.933,
                    -0.012
                ],
                "x_axis": [
                    -0.979,
                    -0.062,
                    -0.193
                ],
                "y_axis": [
                    0.199,
                    -0.106,
                    -0.974
                ],
                "z_axis": [
                    0.04,
                    -0.992,
                    0.116
                ],
                "quaternion": [
                    -0.088,
                    -0.052,
                    -0.663,
                    0.742
                ]
            },
            "sse": {
                "sse": null
            },
            "binding_protein": null,
            "binding_ion": null,
            "binding_small-molecule": null,
            "TotalAsa": 265.06986380094446,
            "PolarAsa": 163.23725467498895,
            "ApolarAsa": 101.83260912595564,
            "id": "1nem.A.4"
        },
        {
            "index": 2,
            "index_chain": 2,
            "chain_name": "A",
            "nt_resnum": 5,
            "nt_name": "G",
            "nt_code": "G",
            "nt_id": "A.G5",
            "nt_type": "RNA",
            "dbn": "(",
            "summary": "anti,~C3'-endo,BI,canonical,non-pair-contact,helix,stem",
            "alpha": -62.1,
            "beta": 140.7,
            "gamma": 81.6,
            "delta": 147.3,
            "epsilon": 174.4,
            "zeta": -82.1,
            "epsilon_zeta": -103.4,
            "bb_type": "BI",
            "chi": -141.3,
            "glyco_bond": "anti",
            "C5prime_xyz": [
                -2.184,
                8.888,
                0.116
            ],
            "P_xyz": [
                0.464,
                9.168,
                0.084
            ],
            "form": "A",
            "ssZp": 1.34,
            "Dp": 2.19,
            "splay_angle": 21.816,
            "splay_distance": 3.703,
            "splay_ratio": 0.195,
            "eta": 137.9,
            "theta": -69.2,
            "eta_prime": -140.2,
            "theta_prime": -133.8,
            "eta_base": -78.1,
            "theta_base": -121.0,
            "v0": -20.0,
            "v1": 39.7,
            "v2": -42.9,
            "v3": 31.9,
            "v4": -7.8,
            "amplitude": 43.4,
            "phase_angle": 171.4,
            "puckering": "C2'-endo",
            "sugar_class": "~C3'-endo",
            "bin": "33t",
            "cluster": "1c",
            "suiteness": 0.426,
            "filter_rmsd": 0.029,
            "frame": {
                "rmsd": 0.029,
                "origin": [
                    -0.275,
                    14.049,
                    0.231
                ],
                "x_axis": [
                    -0.684,
                    -0.03,
                    -0.729
                ],
                "y_axis": [
                    0.711,
                    -0.246,
                    -0.658
                ],
                "z_axis": [
                    -0.16,
                    -0.969,
                    0.19
                ],
                "quaternion": [
                    -0.254,
                    -0.305,
                    -0.559,
                    0.728
                ]
            },
            "sse": {
                "sse": null
            },
            "binding_protein": null,
            "binding_ion": "IDG",
            "binding_small-molecule": null,
            "TotalAsa": 194.69845013537167,
            "PolarAsa": 146.95431576070223,
            "ApolarAsa": 47.74413437466945,
            "id": "1nem.A.5"
        },
        {
            "index": 3,
            "index_chain": 3,
            "chain_name": "A",
            "nt_resnum": 6,
            "nt_name": "A",
            "nt_code": "A",
            "nt_id": "A.A6",
            "nt_type": "RNA",
            "dbn": "(",
            "summary": "anti,~C3'-endo,BI,canonical,non-pair-contact,helix,stem",
            "alpha": -152.4,
            "beta": -122.2,
            "gamma": 63.3,
            "delta": 133.8,
            "epsilon": -148.4,
            "zeta": -174.9,
            "epsilon_zeta": 26.5,
            "bb_type": "BI",
            "chi": -87.3,
            "glyco_bond": "anti",
            "C5prime_xyz": [
                -3.677,
                7.622,
                -2.553
            ],
            "P_xyz": [
                -2.075,
                9.729,
                -2.628
            ],
            "form": "A",
            "ssZp": 1.95,
            "Dp": 1.96,
            "splay_angle": 22.542,
            "splay_distance": 3.758,
            "splay_ratio": 0.198,
            "eta": 137.8,
            "theta": -165.5,
            "eta_prime": 169.5,
            "theta_prime": 171.6,
            "eta_base": -159.9,
            "theta_base": -133.4,
            "v0": -36.5,
            "v1": 45.3,
            "v2": -36.3,
            "v3": 16.0,
            "v4": 13.0,
            "amplitude": 44.4,
            "phase_angle": 144.8,
            "puckering": "C2'-endo",
            "sugar_class": "~C3'-endo",
            "bin": "33t",
            "cluster": "1c",
            "suiteness": 0.559,
            "filter_rmsd": 0.044,
            "frame": {
                "rmsd": 0.026,
                "origin": [
                    -2.524,
                    11.505,
                    1.71
                ],
                "x_axis": [
                    -0.21,
                    -0.033,
                    -0.977
                ],
                "y_axis": [
                    0.954,
                    -0.226,
                    -0.197
                ],
                "z_axis": [
                    -0.214,
                    -0.974,
                    0.079
                ],
                "quaternion": [
                    -0.401,
                    -0.484,
                    -0.476,
                    0.615
                ]
            },
            "sse": {
                "sse": null
            },
            "binding_protein": null,
            "binding_ion": "BDR",
            "binding_small-molecule": null,
            "TotalAsa": 187.96874048970193,
            "PolarAsa": 146.37291977394975,
            "ApolarAsa": 41.595820715752176,
            "id": "1nem.A.6"
        },
        {
            "index": 4,
            "index_chain": 4,
            "chain_name": "A",
            "nt_resnum": 7,
            "nt_name": "C",
            "nt_code": "C",
            "nt_id": "A.C7",
            "nt_type": "RNA",
            "dbn": "(",
            "summary": "anti,~C3'-endo,BI,canonical,non-pair-contact,helix,stem,phosphate",
            "alpha": 87.7,
            "beta": -111.2,
            "gamma": -173.8,
            "delta": 83.7,
            "epsilon": -129.1,
            "zeta": -74.3,
            "epsilon_zeta": -54.8,
            "bb_type": "BI",
            "chi": -173.7,
            "glyco_bond": "anti",
            "C5prime_xyz": [
                -1.885,
                8.79,
                1.321
            ],
            "P_xyz": [
                -0.292,
                10.027,
                -0.414
            ],
            "form": "A",
            "ssZp": 4.33,
            "Dp": 4.45,
            "splay_angle": 21.826,
            "splay_distance": 3.636,
            "splay_ratio": 0.193,
            "eta": 170.3,
            "theta": -153.4,
            "eta_prime": 165.7,
            "theta_prime": -155.2,
            "eta_base": -130.4,
            "theta_base": -117.3,
            "v0": -1.5,
            "v1": -20.0,
            "v2": 33.1,
            "v3": -34.5,
            "v4": 22.5,
            "amplitude": 35.4,
            "phase_angle": 20.8,
            "puckering": "C3'-endo",
            "sugar_class": "~C3'-endo",
            "bin": "33t",
            "cluster": "1c",
            "suiteness": 0.463,
            "filter_rmsd": 0.083,
            "frame": {
                "rmsd": 0.032,
                "origin": [
                    -4.688,
                    8.516,
                    1.004
                ],
                "x_axis": [
                    0.428,
                    -0.196,
                    -0.882
                ],
                "y_axis": [
                    0.871,
                    -0.17,
                    0.46
                ],
                "z_axis": [
                    -0.24,
                    -0.966,
                    0.098
                ],
                "quaternion": [
                    0.582,
                    0.612,
                    0.276,
                    -0.458
                ]
            },
            "sse": {
                "sse": null
            },
            "binding_protein": null,
            "binding_ion": "BDR",
            "binding_small-molecule": null,
            "TotalAsa": 179.12616768264223,
            "PolarAsa": 134.5641446959725,
            "ApolarAsa": 44.56202298666978,
            "id": "1nem.A.7"
        },
        {
            "index": 5,
            "index_chain": 5,
            "chain_name": "A",
            "nt_resnum": 8,
            "nt_name": "U",
            "nt_code": "U",
            "nt_id": "A.U8",
            "nt_type": "RNA",
            "dbn": "(",
            "summary": "anti,~C3'-endo,BI,canonical,non-pair-contact,helix,stem,phosphate",
            "alpha": -74.4,
            "beta": 169.0,
            "gamma": 53.7,
            "delta": 80.9,
            "epsilon": -164.0,
            "zeta": -79.9,
            "epsilon_zeta": -84.1,
            "bb_type": "BI",
            "chi": -146.3,
            "glyco_bond": "anti",
            "C5prime_xyz": [
                -1.713,
                8.931,
                -0.281
            ],
            "P_xyz": [
                0.818,
                9.632,
                -0.467
            ],
            "form": ".",
            "ssZp": 3.97,
            "Dp": 4.38,
            "splay_angle": 23.261,
            "splay_distance": 4.071,
            "splay_ratio": 0.211,
            "eta": 152.6,
            "theta": -136.9,
            "eta_prime": 172.7,
            "theta_prime": -152.9,
            "eta_base": -133.5,
            "theta_base": -145.1,
            "v0": -0.7,
            "v1": -19.9,
            "v2": 31.9,
            "v3": -32.8,
            "v4": 21.1,
            "amplitude": 33.9,
            "phase_angle": 19.5,
            "puckering": "C3'-endo",
            "sugar_class": "~C3'-endo",
            "bin": "33p",
            "cluster": "1a",
            "suiteness": 0.605,
            "filter_rmsd": 0.117,
            "frame": {
                "rmsd": 0.03,
                "origin": [
                    -6.183,
                    5.511,
                    -0.397
                ],
                "x_axis": [
                    0.903,
                    -0.102,
                    -0.418
                ],
                "y_axis": [
                    0.408,
                    -0.1,
                    0.907
                ],
                "z_axis": [
                    -0.134,
                    -0.99,
                    -0.049
                ],
                "quaternion": [
                    0.662,
                    0.716,
                    0.107,
                    -0.193
                ]
            },
            "sse": {
                "sse": null
            },
            "binding_protein": null,
            "binding_ion": "BDR",
            "binding_small-molecule": true,
            "TotalAsa": 138.50801977670372,
            "PolarAsa": 97.78831623947896,
            "ApolarAsa": 40.71970353722477,
            "id": "1nem.A.8"
        },
        {
            "index": 6,
            "index_chain": 6,
            "chain_name": "A",
            "nt_resnum": 9,
            "nt_name": "G",
            "nt_code": "G",
            "nt_id": "A.G9",
            "nt_type": "RNA",
            "dbn": "(",
            "summary": "anti,~C3'-endo,BI,canonical,non-pair-contact,helix,stem,phosphate",
            "alpha": 133.7,
            "beta": -176.2,
            "gamma": -170.6,
            "delta": 80.0,
            "epsilon": -131.0,
            "zeta": -114.8,
            "epsilon_zeta": -16.2,
            "bb_type": "BI",
            "chi": 179.2,
            "glyco_bond": "anti",
            "C5prime_xyz": [
                -1.15,
                8.29,
                1.874
            ],
            "P_xyz": [
                0.227,
                10.497,
                1.498
            ],
            "form": "A",
            "ssZp": 4.82,
            "Dp": 4.8,
            "splay_angle": 26.282,
            "splay_distance": 4.286,
            "splay_ratio": 0.23,
            "eta": 152.5,
            "theta": -165.2,
            "eta_prime": 158.1,
            "theta_prime": -159.4,
            "eta_base": -175.5,
            "theta_base": -129.1,
            "v0": 14.4,
            "v1": -35.2,
            "v2": 43.0,
            "v3": -35.7,
            "v4": 13.0,
            "amplitude": 43.0,
            "phase_angle": 359.6,
            "puckering": "C2'-exo",
            "sugar_class": "~C3'-endo",
            "bin": "33t",
            "cluster": "1c",
            "suiteness": 0.766,
            "filter_rmsd": 0.028,
            "frame": {
                "rmsd": 0.028,
                "origin": [
                    -8.169,
                    2.795,
                    -2.687
                ],
                "x_axis": [
                    0.992,
                    0.099,
                    -0.075
                ],
                "y_axis": [
                    0.086,
                    -0.11,
                    0.99
                ],
                "z_axis": [
                    0.089,
                    -0.989,
                    -0.117
                ],
                "quaternion": [
                    0.664,
                    0.745,
                    0.062,
                    0.005
                ]
            },
            "sse": {
                "sse": null
            },
            "binding_protein": null,
            "binding_ion": "IDG",
            "binding_small-molecule": true,
            "TotalAsa": 171.08562469177298,
            "PolarAsa": 128.7308800195579,
            "ApolarAsa": 42.354744672215055,
            "id": "1nem.A.9"
        }
    ],
    "links": [
        {
            "LW": "B53",
            "backbone": true,
            "source": "1nem.A.10",
            "target": "1nem.A.11"
        },
        {
            "LW": "B35",
            "backbone": true,
            "source": "1nem.A.10",
            "target": "1nem.A.9"
        },
        {
            "index": 7,
            "nt1": "A.G10",
            "nt2": "A.U20",
            "bp": "G-U",
            "name": "Wobble",
            "Saenger": "28-XXVIII",
            "LW": "cWW",
            "DSSR": "cW-W",
            "source": "1nem.A.10",
            "target": "1nem.A.20"
        },
        {
            "LW": "B53",
            "backbone": true,
            "source": "1nem.A.11",
            "target": "1nem.A.12"
        },
        {
            "LW": "B35",
            "backbone": true,
            "source": "1nem.A.11",
            "target": "1nem.A.10"
        },
        {
            "index": 8,
            "nt1": "A.G11",
            "nt2": "A.U19",
            "bp": "G-U",
            "name": "Wobble",
            "Saenger": "28-XXVIII",
            "LW": "cWW",
            "DSSR": "cW-W",
            "source": "1nem.A.11",
            "target": "1nem.A.19"
        },
        {
            "LW": "B53",
            "backbone": true,
            "source": "1nem.A.12",
            "target": "1nem.A.13"
        },
        {
            "LW": "B35",
            "backbone": true,
            "source": "1nem.A.12",
            "target": "1nem.A.11"
        },
        {
            "index": 9,
            "nt1": "A.C12",
            "nt2": "A.G18",
            "bp": "C-G",
            "name": "WC",
            "Saenger": "19-XIX",
            "LW": "cWW",
            "DSSR": "cW-W",
            "source": "1nem.A.12",
            "target": "1nem.A.18"
        },
        {
            "LW": "B53",
            "backbone": true,
            "source": "1nem.A.13",
            "target": "1nem.A.14"
        },
        {
            "LW": "B35",
            "backbone": true,
            "source": "1nem.A.13",
            "target": "1nem.A.12"
        },
        {
            "index": 10,
            "nt1": "A.G13",
            "nt2": "A.A17",
            "bp": "G-A",
            "name": "Sheared",
            "Saenger": "11-XI",
            "LW": "tSH",
            "DSSR": "tm-M",
            "source": "1nem.A.13",
            "target": "1nem.A.17"
        },
        {
            "LW": "B53",
            "backbone": true,
            "source": "1nem.A.14",
            "target": "1nem.A.15"
        },
        {
            "LW": "B35",
            "backbone": true,
            "source": "1nem.A.14",
            "target": "1nem.A.13"
        },
        {
            "LW": "B53",
            "backbone": true,
            "source": "1nem.A.15",
            "target": "1nem.A.16"
        },
        {
            "LW": "B35",
            "backbone": true,
            "source": "1nem.A.15",
            "target": "1nem.A.14"
        },
        {
            "LW": "B53",
            "backbone": true,
            "source": "1nem.A.16",
            "target": "1nem.A.17"
        },
        {
            "LW": "B35",
            "backbone": true,
            "source": "1nem.A.16",
            "target": "1nem.A.15"
        },
        {
            "LW": "B53",
            "backbone": true,
            "source": "1nem.A.17",
            "target": "1nem.A.18"
        },
        {
            "LW": "B35",
            "backbone": true,
            "source": "1nem.A.17",
            "target": "1nem.A.16"
        },
        {
            "index": 10,
            "nt1": "A.A17",
            "nt2": "A.G13",
            "bp": "A-G",
            "name": "Sheared",
            "Saenger": "11-XI",
            "LW": "tHS",
            "DSSR": "tm-M",
            "source": "1nem.A.17",
            "target": "1nem.A.13"
        },
        {
            "LW": "B53",
            "backbone": true,
            "source": "1nem.A.18",
            "target": "1nem.A.19"
        },
        {
            "LW": "B35",
            "backbone": true,
            "source": "1nem.A.18",
            "target": "1nem.A.17"
        },
        {
            "index": 9,
            "nt1": "A.G18",
            "nt2": "A.C12",
            "bp": "G-C",
            "name": "WC",
            "Saenger": "19-XIX",
            "LW": "cWW",
            "DSSR": "cW-W",
            "source": "1nem.A.18",
            "target": "1nem.A.12"
        },
        {
            "LW": "B53",
            "backbone": true,
            "source": "1nem.A.19",
            "target": "1nem.A.20"
        },
        {
            "LW": "B35",
            "backbone": true,
            "source": "1nem.A.19",
            "target": "1nem.A.18"
        },
        {
            "index": 8,
            "nt1": "A.U19",
            "nt2": "A.G11",
            "bp": "U-G",
            "name": "Wobble",
            "Saenger": "28-XXVIII",
            "LW": "cWW",
            "DSSR": "cW-W",
            "source": "1nem.A.19",
            "target": "1nem.A.11"
        },
        {
            "LW": "B53",
            "backbone": true,
            "source": "1nem.A.20",
            "target": "1nem.A.21"
        },
        {
            "LW": "B35",
            "backbone": true,
            "source": "1nem.A.20",
            "target": "1nem.A.19"
        },
        {
            "index": 7,
            "nt1": "A.U20",
            "nt2": "A.G10",
            "bp": "U-G",
            "name": "Wobble",
            "Saenger": "28-XXVIII",
            "LW": "cWW",
            "DSSR": "cW-W",
            "source": "1nem.A.20",
            "target": "1nem.A.10"
        },
        {
            "LW": "B53",
            "backbone": true,
            "source": "1nem.A.21",
            "target": "1nem.A.22"
        },
        {
            "LW": "B35",
            "backbone": true,
            "source": "1nem.A.21",
            "target": "1nem.A.20"
        },
        {
            "index": 6,
            "nt1": "A.U21",
            "nt2": "A.G9",
            "bp": "U-G",
            "name": "Wobble",
            "Saenger": "28-XXVIII",
            "LW": "cWW",
            "DSSR": "cW-W",
            "source": "1nem.A.21",
            "target": "1nem.A.9"
        },
        {
            "LW": "B53",
            "backbone": true,
            "source": "1nem.A.22",
            "target": "1nem.A.23"
        },
        {
            "LW": "B35",
            "backbone": true,
            "source": "1nem.A.22",
            "target": "1nem.A.21"
        },
        {
            "index": 5,
            "nt1": "A.A22",
            "nt2": "A.U8",
            "bp": "A-U",
            "name": "WC",
            "Saenger": "20-XX",
            "LW": "cWW",
            "DSSR": "cW-W",
            "source": "1nem.A.22",
            "target": "1nem.A.8"
        },
        {
            "LW": "B53",
            "backbone": true,
            "source": "1nem.A.23",
            "target": "1nem.A.24"
        },
        {
            "LW": "B35",
            "backbone": true,
            "source": "1nem.A.23",
            "target": "1nem.A.22"
        },
        {
            "index": 4,
            "nt1": "A.G23",
            "nt2": "A.C7",
            "bp": "G-C",
            "name": "WC",
            "Saenger": "19-XIX",
            "LW": "cWW",
            "DSSR": "cW-W",
            "source": "1nem.A.23",
            "target": "1nem.A.7"
        },
        {
            "LW": "B53",
            "backbone": true,
            "source": "1nem.A.24",
            "target": "1nem.A.25"
        },
        {
            "LW": "B35",
            "backbone": true,
            "source": "1nem.A.24",
            "target": "1nem.A.23"
        },
        {
            "index": 3,
            "nt1": "A.U24",
            "nt2": "A.A6",
            "bp": "U-A",
            "name": "WC",
            "Saenger": "20-XX",
            "LW": "cWW",
            "DSSR": "cW-W",
            "source": "1nem.A.24",
            "target": "1nem.A.6"
        },
        {
            "LW": "B53",
            "backbone": true,
            "source": "1nem.A.25",
            "target": "1nem.A.26"
        },
        {
            "LW": "B35",
            "backbone": true,
            "source": "1nem.A.25",
            "target": "1nem.A.24"
        },
        {
            "index": 2,
            "nt1": "A.C25",
            "nt2": "A.G5",
            "bp": "C-G",
            "name": "WC",
            "Saenger": "19-XIX",
            "LW": "cWW",
            "DSSR": "cW-W",
            "source": "1nem.A.25",
            "target": "1nem.A.5"
        },
        {
            "LW": "B35",
            "backbone": true,
            "source": "1nem.A.26",
            "target": "1nem.A.25"
        },
        {
            "index": 1,
            "nt1": "A.C26",
            "nt2": "A.G4",
            "bp": "C-G",
            "name": "WC",
            "Saenger": "19-XIX",
            "LW": "cWW",
            "DSSR": "cW-W",
            "source": "1nem.A.26",
            "target": "1nem.A.4"
        },
        {
            "LW": "B53",
            "backbone": true,
            "source": "1nem.A.4",
            "target": "1nem.A.5"
        },
        {
            "index": 1,
            "nt1": "A.G4",
            "nt2": "A.C26",
            "bp": "G-C",
            "name": "WC",
            "Saenger": "19-XIX",
            "LW": "cWW",
            "DSSR": "cW-W",
            "source": "1nem.A.4",
            "target": "1nem.A.26"
        },
        {
            "LW": "B53",
            "backbone": true,
            "source": "1nem.A.5",
            "target": "1nem.A.6"
        },
        {
            "LW": "B35",
            "backbone": true,
            "source": "1nem.A.5",
            "target": "1nem.A.4"
        },
        {
            "index": 2,
            "nt1": "A.G5",
            "nt2": "A.C25",
            "bp": "G-C",
            "name": "WC",
            "Saenger": "19-XIX",
            "LW": "cWW",
            "DSSR": "cW-W",
            "source": "1nem.A.5",
            "target": "1nem.A.25"
        },
        {
            "LW": "B53",
            "backbone": true,
            "source": "1nem.A.6",
            "target": "1nem.A.7"
        },
        {
            "LW": "B35",
            "backbone": true,
            "source": "1nem.A.6",
            "target": "1nem.A.5"
        },
        {
            "index": 3,
            "nt1": "A.A6",
            "nt2": "A.U24",
            "bp": "A-U",
            "name": "WC",
            "Saenger": "20-XX",
            "LW": "cWW",
            "DSSR": "cW-W",
            "source": "1nem.A.6",
            "target": "1nem.A.24"
        },
        {
            "LW": "B53",
            "backbone": true,
            "source": "1nem.A.7",
            "target": "1nem.A.8"
        },
        {
            "LW": "B35",
            "backbone": true,
            "source": "1nem.A.7",
            "target": "1nem.A.6"
        },
        {
            "index": 4,
            "nt1": "A.C7",
            "nt2": "A.G23",
            "bp": "C-G",
            "name": "WC",
            "Saenger": "19-XIX",
            "LW": "cWW",
            "DSSR": "cW-W",
            "source": "1nem.A.7",
            "target": "1nem.A.23"
        },
        {
            "LW": "B53",
            "backbone": true,
            "source": "1nem.A.8",
            "target": "1nem.A.9"
        },
        {
            "LW": "B35",
            "backbone": true,
            "source": "1nem.A.8",
            "target": "1nem.A.7"
        },
        {
            "index": 5,
            "nt1": "A.U8",
            "nt2": "A.A22",
            "bp": "U-A",
            "name": "WC",
            "Saenger": "20-XX",
            "LW": "cWW",
            "DSSR": "cW-W",
            "source": "1nem.A.8",
            "target": "1nem.A.22"
        },
        {
            "LW": "B53",
            "backbone": true,
            "source": "1nem.A.9",
            "target": "1nem.A.10"
        },
        {
            "LW": "B35",
            "backbone": true,
            "source": "1nem.A.9",
            "target": "1nem.A.8"
        },
        {
            "index": 6,
            "nt1": "A.G9",
            "nt2": "A.U21",
            "bp": "G-U",
            "name": "Wobble",
            "Saenger": "28-XXVIII",
            "LW": "cWW",
            "DSSR": "cW-W",
            "source": "1nem.A.9",
            "target": "1nem.A.21"
        }
    ]
}