{
    "directed": true,
    "multigraph": false,
    "graph": {
        "dbn": {
            "all_chains": {
                "num_nts": 23,
                "num_chars": 23,
                "bseq": "GGACUGGGCGAGAAGUUUAGUCC",
                "sstr": "(((((((((.....)))))))))",
                "form": ".AAA.A.A......AAA.AA..-"
            },
            "single_chains": {
                "m1_chain_A": {
                    "num_nts": 23,
                    "num_chars": 23,
                    "bseq": "GGACUGGGCGAGAAGUUUAGUCC",
                    "sstr": "(((((((((.....)))))))))",
                    "form": ".AAA.A.A......AAA.AA..-"
                }
            }
        },
        "resolution_low": null,
        "resolution_high": null
    },
    "nodes": [
        {
            "index": 7,
            "index_chain": 7,
            "chain_name": "A",
            "nt_resnum": 10,
            "nt_name": "G",
            "nt_code": "G",
            "nt_id": "A.G10",
            "nt_type": "RNA",
            "dbn": "(",
            "summary": "anti,~C3'-endo,BI,canonical,non-pair-contact,helix,stem",
            "alpha": -68.2,
            "beta": 170.5,
            "gamma": 65.7,
            "delta": 78.3,
            "epsilon": -160.3,
            "zeta": -92.0,
            "epsilon_zeta": -68.3,
            "bb_type": "BI",
            "chi": -176.9,
            "glyco_bond": "anti",
            "C5prime_xyz": [
                -1.341,
                8.468,
                1.637
            ],
            "P_xyz": [
                1.297,
                8.645,
                1.758
            ],
            "form": ".",
            "ssZp": 4.65,
            "Dp": 4.67,
            "splay_angle": 26.477,
            "splay_distance": 4.539,
            "splay_ratio": 0.242,
            "eta": 168.6,
            "theta": -135.7,
            "eta_prime": -173.9,
            "theta_prime": -136.9,
            "eta_base": -129.6,
            "theta_base": -117.3,
            "v0": 14.5,
            "v1": -35.8,
            "v2": 43.0,
            "v3": -35.6,
            "v4": 13.3,
            "amplitude": 43.0,
            "phase_angle": 359.4,
            "puckering": "C2'-exo",
            "sugar_class": "~C3'-endo",
            "bin": "33p",
            "cluster": "1a",
            "suiteness": 0.675,
            "filter_rmsd": 0.027,
            "frame": {
                "rmsd": 0.027,
                "origin": [
                    -6.419,
                    -0.626,
                    -4.585
                ],
                "x_axis": [
                    0.834,
                    0.111,
                    0.54
                ],
                "y_axis": [
                    -0.54,
                    -0.031,
                    0.841
                ],
                "z_axis": [
                    0.11,
                    -0.993,
                    0.034
                ],
                "quaternion": [
                    0.678,
                    0.677,
                    -0.159,
                    0.24
                ]
            },
            "sse": {
                "sse": null
            },
            "binding_protein": null,
            "binding_ion": null,
            "binding_small-molecule": true,
            "TotalAsa": 199.05153127980762,
            "PolarAsa": 159.99161654133806,
            "ApolarAsa": 39.05991473846954,
            "id": "1nem.A.10"
        },
        {
            "index": 8,
            "index_chain": 8,
            "chain_name": "A",
            "nt_resnum": 11,
            "nt_name": "G",
            "nt_code": "G",
            "nt_id": "A.G11",
            "nt_type": "RNA",
            "dbn": "(",
            "summary": "anti,~C3'-endo,canonical,non-pair-contact,helix,stem",
            "alpha": 170.6,
            "beta": -139.6,
            "gamma": 170.6,
            "delta": 93.5,
            "epsilon": -119.8,
            "zeta": -62.2,
            "epsilon_zeta": -57.6,
            "bb_type": "--",
            "chi": 177.2,
            "glyco_bond": "anti",
            "C5prime_xyz": [
                -1.71,
                8.218,
                2.077
            ],
            "P_xyz": [
                0.62,
                9.259,
                1.539
            ],
            "form": "A",
            "ssZp": 4.23,
            "Dp": 4.37,
            "splay_angle": 23.698,
            "splay_distance": 4.056,
            "splay_ratio": 0.212,
            "eta": -169.9,
            "theta": -122.6,
            "eta_prime": -157.0,
            "theta_prime": -127.0,
            "eta_base": -122.1,
            "theta_base": -85.6,
            "v0": 11.4,
            "v1": -26.3,
            "v2": 30.6,
            "v3": -24.4,
            "v4": 8.2,
            "amplitude": 30.6,
            "phase_angle": 356.9,
            "puckering": "C2'-exo",
            "sugar_class": "~C3'-endo",
            "bin": "33t",
            "cluster": "1c",
            "suiteness": 0.363,
            "filter_rmsd": 0.029,
            "frame": {
                "rmsd": 0.029,
                "origin": [
                    -3.322,
                    -3.912,
                    -5.043
                ],
                "x_axis": [
                    0.237,
                    0.296,
                    0.925
                ],
                "y_axis": [
                    -0.966,
                    -0.026,
                    0.256
                ],
                "z_axis": [
                    0.1,
                    -0.955,
                    0.28
                ],
                "quaternion": [
                    0.61,
                    0.496,
                    -0.338,
                    0.517
                ]
            },
            "sse": {
                "sse": null
            },
            "binding_protein": null,
            "binding_ion": "BDR",
            "binding_small-molecule": true,
            "TotalAsa": 179.23660488181451,
            "PolarAsa": 152.75277255611647,
            "ApolarAsa": 26.483832325698028,
            "id": "1nem.A.11"
        },
        {
            "index": 9,
            "index_chain": 9,
            "chain_name": "A",
            "nt_resnum": 12,
            "nt_name": "C",
            "nt_code": "C",
            "nt_id": "A.C12",
            "nt_type": "RNA",
            "dbn": "(",
            "summary": "anti,~C3'-endo,canonical,non-pair-contact,helix,stem-end,hairpin-loop",
            "alpha": -75.7,
            "beta": 153.9,
            "gamma": 69.1,
            "delta": 77.9,
            "epsilon": -125.4,
            "zeta": -71.8,
            "epsilon_zeta": -53.6,
            "bb_type": "--",
            "chi": -165.6,
            "glyco_bond": "anti",
            "C5prime_xyz": [
                -2.251,
                9.14,
                0.592
            ],
            "P_xyz": [
                0.16,
                10.219,
                0.47
            ],
            "form": ".",
            "ssZp": 4.1,
            "Dp": 4.3,
            "splay_angle": 29.437,
            "splay_distance": 5.494,
            "splay_ratio": 0.263,
            "eta": 155.6,
            "theta": -100.6,
            "eta_prime": -176.4,
            "theta_prime": -112.3,
            "eta_base": -112.5,
            "theta_base": -62.4,
            "v0": -9.5,
            "v1": -15.6,
            "v2": 33.2,
            "v3": -39.0,
            "v4": 30.9,
            "amplitude": 39.1,
            "phase_angle": 32.0,
            "puckering": "C3'-endo",
            "sugar_class": "~C3'-endo",
            "bin": "33p",
            "cluster": "1a",
            "suiteness": 0.276,
            "filter_rmsd": 0.08,
            "frame": {
                "rmsd": 0.03,
                "origin": [
                    -1.162,
                    -6.553,
                    -2.85
                ],
                "x_axis": [
                    -0.403,
                    0.326,
                    0.855
                ],
                "y_axis": [
                    -0.915,
                    -0.162,
                    -0.37
                ],
                "z_axis": [
                    0.018,
                    -0.931,
                    0.364
                ],
                "quaternion": [
                    0.447,
                    0.314,
                    -0.468,
                    0.694
                ]
            },
            "sse": {
                "sse": "hairpin_1"
            },
            "binding_protein": null,
            "binding_ion": null,
            "binding_small-molecule": true,
            "TotalAsa": 156.04998131075618,
            "PolarAsa": 120.20496655560787,
            "ApolarAsa": 35.845014755148355,
            "id": "1nem.A.12"
        },
        {
            "index": 10,
            "index_chain": 10,
            "chain_name": "A",
            "nt_resnum": 13,
            "nt_name": "G",
            "nt_code": "G",
            "nt_id": "A.G13",
            "nt_type": "RNA",
            "dbn": ".",
            "summary": "u-turn,anti,~C3'-endo,BI,non-canonical,non-pair-contact,helix-end,hairpin-loop,cap-acceptor",
            "alpha": 111.3,
            "beta": -152.3,
            "gamma": -168.2,
            "delta": 81.4,
            "epsilon": -127.0,
            "zeta": -63.6,
            "epsilon_zeta": -63.4,
            "bb_type": "BI",
            "chi": -175.0,
            "glyco_bond": "anti",
            "C5prime_xyz": [
                -1.145,
                8.578,
                1.446
            ],
            "P_xyz": [
                0.064,
                10.596,
                0.199
            ],
            "form": ".",
            "ssZp": 4.84,
            "Dp": 4.87,
            "splay_angle": 78.164,
            "splay_distance": 10.756,
            "splay_ratio": 0.631,
            "eta": 137.6,
            "theta": -132.4,
            "eta_prime": 165.6,
            "theta_prime": -176.3,
            "eta_base": -116.5,
            "theta_base": 128.1,
            "v0": 9.8,
            "v1": -32.0,
            "v2": 41.7,
            "v3": -36.7,
            "v4": 16.9,
            "amplitude": 41.9,
            "phase_angle": 5.3,
            "puckering": "C3'-endo",
            "sugar_class": "~C3'-endo",
            "bin": "33t",
            "cluster": "!!",
            "suiteness": 0.0,
            "filter_rmsd": 0.03,
            "frame": {
                "rmsd": 0.03,
                "origin": [
                    -4.121,
                    -7.776,
                    1.614
                ],
                "x_axis": [
                    -0.933,
                    0.339,
                    0.123
                ],
                "y_axis": [
                    -0.269,
                    -0.427,
                    -0.863
                ],
                "z_axis": [
                    -0.24,
                    -0.838,
                    0.489
                ],
                "quaternion": [
                    0.18,
                    -0.035,
                    -0.504,
                    0.844
                ]
            },
            "sse": {
                "sse": "hairpin_1"
            },
            "binding_protein": null,
            "binding_ion": "BDR",
            "binding_small-molecule": true,
            "TotalAsa": 179.42103188715518,
            "PolarAsa": 151.07452919478,
            "ApolarAsa": 28.34650269237517,
            "id": "1nem.A.13"
        },
        {
            "index": 11,
            "index_chain": 11,
            "chain_name": "A",
            "nt_resnum": 14,
            "nt_name": "A",
            "nt_code": "A",
            "nt_id": "A.A14",
            "nt_type": "RNA",
            "dbn": ".",
            "summary": "turn,u-turn,anti,~C3'-endo,BI,non-pair-contact,hairpin-loop",
            "alpha": 166.8,
            "beta": 143.4,
            "gamma": 58.8,
            "delta": 84.3,
            "epsilon": -137.2,
            "zeta": -72.0,
            "epsilon_zeta": -65.2,
            "bb_type": "BI",
            "chi": -167.7,
            "glyco_bond": "anti",
            "C5prime_xyz": [
                -1.351,
                8.692,
                1.083
            ],
            "P_xyz": [
                1.263,
                8.71,
                0.91
            ],
            "form": ".",
            "ssZp": 4.5,
            "Dp": 4.61,
            "splay_angle": 21.688,
            "splay_distance": 3.466,
            "splay_ratio": 0.188,
            "eta": 16.5,
            "theta": -132.5,
            "eta_prime": 51.0,
            "theta_prime": -135.6,
            "eta_base": 24.9,
            "theta_base": -103.4,
            "v0": 7.5,
            "v1": -26.8,
            "v2": 35.0,
            "v3": -31.4,
            "v4": 15.1,
            "amplitude": 35.2,
            "phase_angle": 6.4,
            "puckering": "C3'-endo",
            "sugar_class": "~C3'-endo",
            "bin": "33p",
            "cluster": "1g",
            "suiteness": 0.488,
            "filter_rmsd": 0.043,
            "frame": {
                "rmsd": 0.023,
                "origin": [
                    3.535,
                    -15.195,
                    0.195
                ],
                "x_axis": [
                    0.102,
                    -0.045,
                    -0.994
                ],
                "y_axis": [
                    -0.987,
                    -0.127,
                    -0.095
                ],
                "z_axis": [
                    -0.122,
                    0.991,
                    -0.057
                ],
                "quaternion": [
                    -0.479,
                    0.567,
                    -0.455,
                    -0.492
                ]
            },
            "sse": {
                "sse": "hairpin_1"
            },
            "binding_protein": null,
            "binding_ion": null,
            "binding_small-molecule": null,
            "TotalAsa": 288.3093379158274,
            "PolarAsa": 191.75019198401824,
            "ApolarAsa": 96.55914593180918,
            "id": "1nem.A.14"
        },
        {
            "index": 12,
            "index_chain": 12,
            "chain_name": "A",
            "nt_resnum": 15,
            "nt_name": "G",
            "nt_code": "G",
            "nt_id": "A.G15",
            "nt_type": "RNA",
            "dbn": ".",
            "summary": "u-turn,anti,~C3'-endo,non-pair-contact,hairpin-loop,cap-donor,phosphate,splayed-apart",
            "alpha": -70.0,
            "beta": 164.1,
            "gamma": 61.8,
            "delta": 81.8,
            "epsilon": -120.6,
            "zeta": -86.9,
            "epsilon_zeta": -33.7,
            "bb_type": "--",
            "chi": -152.4,
            "glyco_bond": "anti",
            "C5prime_xyz": [
                -1.37,
                8.92,
                0.149
            ],
            "P_xyz": [
                1.195,
                9.327,
                -0.12
            ],
            "form": ".",
            "ssZp": 3.91,
            "Dp": 4.63,
            "splay_angle": 122.026,
            "splay_distance": 16.256,
            "splay_ratio": 0.875,
            "eta": 172.6,
            "theta": -142.2,
            "eta_prime": -171.6,
            "theta_prime": -157.9,
            "eta_base": -123.2,
            "theta_base": -130.7,
            "v0": 4.8,
            "v1": -25.0,
            "v2": 35.1,
            "v3": -33.2,
            "v4": 17.8,
            "amplitude": 35.7,
            "phase_angle": 11.1,
            "puckering": "C3'-endo",
            "sugar_class": "~C3'-endo",
            "bin": "33p",
            "cluster": "1a",
            "suiteness": 0.689,
            "filter_rmsd": 0.031,
            "frame": {
                "rmsd": 0.031,
                "origin": [
                    3.621,
                    -12.268,
                    -1.657
                ],
                "x_axis": [
                    -0.638,
                    -0.126,
                    -0.76
                ],
                "y_axis": [
                    -0.77,
                    0.078,
                    0.633
                ],
                "z_axis": [
                    -0.02,
                    0.989,
                    -0.147
                ],
                "quaternion": [
                    0.271,
                    -0.328,
                    0.683,
                    0.594
                ]
            },
            "sse": {
                "sse": "hairpin_1"
            },
            "binding_protein": null,
            "binding_ion": "BDR",
            "binding_small-molecule": "",
            "TotalAsa": 175.90338023379093,
            "PolarAsa": 135.84440173099773,
            "ApolarAsa": 40.058978502793195,
            "id": "1nem.A.15"
        },
        {
            "index": 13,
            "index_chain": 13,
            "chain_name": "A",
            "nt_resnum": 16,
            "nt_name": "A",
            "nt_code": "A",
            "nt_id": "A.A16",
            "nt_type": "RNA",
            "dbn": ".",
            "summary": "turn,u-turn,anti,~C2'-endo,non-stack,non-pair-contact,hairpin-loop,cap-acceptor,phosphate,splayed-apart",
            "alpha": -65.5,
            "beta": -165.4,
            "gamma": -179.0,
            "delta": 152.6,
            "epsilon": -135.3,
            "zeta": 105.2,
            "epsilon_zeta": 119.5,
            "bb_type": "--",
            "chi": -86.9,
            "glyco_bond": "anti",
            "C5prime_xyz": [
                -3.265,
                7.754,
                -2.366
            ],
            "P_xyz": [
                -2.218,
                8.233,
                -4.72
            ],
            "form": ".",
            "ssZp": 1.58,
            "Dp": 1.72,
            "splay_angle": 81.305,
            "splay_distance": 14.307,
            "splay_ratio": 0.654,
            "eta": -22.1,
            "theta": 61.1,
            "eta_prime": -10.1,
            "theta_prime": 40.9,
            "eta_base": -56.4,
            "theta_base": 55.5,
            "v0": -24.8,
            "v1": 42.1,
            "v2": -42.9,
            "v3": 30.0,
            "v4": -3.4,
            "amplitude": 44.3,
            "phase_angle": 165.7,
            "puckering": "C2'-endo",
            "sugar_class": "~C2'-endo",
            "bin": "32t",
            "cluster": "!!",
            "suiteness": 0.0,
            "filter_rmsd": 0.04,
            "frame": {
                "rmsd": 0.015,
                "origin": [
                    -2.383,
                    1.97,
                    3.391
                ],
                "x_axis": [
                    -0.856,
                    0.211,
                    0.473
                ],
                "y_axis": [
                    0.217,
                    -0.683,
                    0.698
                ],
                "z_axis": [
                    0.47,
                    0.7,
                    0.538
                ],
                "quaternion": [
                    -0.002,
                    0.269,
                    0.398,
                    0.877
                ]
            },
            "sse": {
                "sse": "hairpin_1"
            },
            "binding_protein": null,
            "binding_ion": "BDR",
            "binding_small-molecule": true,
            "TotalAsa": 233.25388623536935,
            "PolarAsa": 121.36173462160524,
            "ApolarAsa": 111.89215161376411,
            "id": "1nem.A.16"
        },
        {
            "index": 14,
            "index_chain": 14,
            "chain_name": "A",
            "nt_resnum": 17,
            "nt_name": "A",
            "nt_code": "A",
            "nt_id": "A.A17",
            "nt_type": "RNA",
            "dbn": ".",
            "summary": "anti,~C3'-endo,BI,non-canonical,non-pair-contact,helix-end,hairpin-loop,phosphate",
            "alpha": -46.2,
            "beta": -175.8,
            "gamma": -59.7,
            "delta": 83.3,
            "epsilon": -142.3,
            "zeta": -79.9,
            "epsilon_zeta": -62.3,
            "bb_type": "BI",
            "chi": -173.8,
            "glyco_bond": "anti",
            "C5prime_xyz": [
                -2.146,
                8.875,
                1.1
            ],
            "P_xyz": [
                -2.098,
                11.119,
                2.482
            ],
            "form": ".",
            "ssZp": 4.35,
            "Dp": 4.38,
            "splay_angle": 25.716,
            "splay_distance": 4.269,
            "splay_ratio": 0.223,
            "eta": 119.4,
            "theta": -151.0,
            "eta_prime": 111.4,
            "theta_prime": -147.1,
            "eta_base": 100.5,
            "theta_base": -77.5,
            "v0": -8.6,
            "v1": -15.9,
            "v2": 32.5,
            "v3": -37.6,
            "v4": 29.5,
            "amplitude": 37.9,
            "phase_angle": 30.8,
            "puckering": "C3'-endo",
            "sugar_class": "~C3'-endo",
            "bin": "23m",
            "cluster": "0k",
            "suiteness": 0.533,
            "filter_rmsd": 0.044,
            "frame": {
                "rmsd": 0.025,
                "origin": [
                    1.851,
                    -9.723,
                    -3.682
                ],
                "x_axis": [
                    -0.997,
                    0.001,
                    0.071
                ],
                "y_axis": [
                    0.068,
                    0.311,
                    0.948
                ],
                "z_axis": [
                    -0.021,
                    0.95,
                    -0.31
                ],
                "quaternion": [
                    -0.028,
                    0.021,
                    0.809,
                    0.586
                ]
            },
            "sse": {
                "sse": "hairpin_1"
            },
            "binding_protein": null,
            "binding_ion": "BDR",
            "binding_small-molecule": true,
            "TotalAsa": 172.17821530636888,
            "PolarAsa": 128.98504321305577,
            "ApolarAsa": 43.1931720933131,
            "id": "1nem.A.17"
        },
        {
            "index": 15,
            "index_chain": 15,
            "chain_name": "A",
            "nt_resnum": 18,
            "nt_name": "G",
            "nt_code": "G",
            "nt_id": "A.G18",
            "nt_type": "RNA",
            "dbn": ")",
            "summary": "anti,~C3'-endo,BI,canonical,non-pair-contact,helix,stem-end,hairpin-loop,phosphate",
            "alpha": 128.0,
            "beta": -149.7,
            "gamma": 179.3,
            "delta": 89.1,
            "epsilon": -142.3,
            "zeta": -66.0,
            "epsilon_zeta": -76.3,
            "bb_type": "BI",
            "chi": 177.0,
            "glyco_bond": "anti",
            "C5prime_xyz": [
                -1.194,
                8.248,
                1.921
            ],
            "P_xyz": [
                0.677,
                9.858,
                0.886
            ],
            "form": "A",
            "ssZp": 4.64,
            "Dp": 4.69,
            "splay_angle": 21.752,
            "splay_distance": 3.443,
            "splay_ratio": 0.193,
            "eta": 148.6,
            "theta": -151.3,
            "eta_prime": 175.9,
            "theta_prime": -142.6,
            "eta_base": -97.4,
            "theta_base": -101.0,
            "v0": 14.7,
            "v1": -32.5,
            "v2": 37.8,
            "v3": -29.7,
            "v4": 9.6,
            "amplitude": 37.8,
            "phase_angle": 356.1,
            "puckering": "C2'-exo",
            "sugar_class": "~C3'-endo",
            "bin": "33t",
            "cluster": "1c",
            "suiteness": 0.216,
            "filter_rmsd": 0.029,
            "frame": {
                "rmsd": 0.029,
                "origin": [
                    -1.056,
                    -6.603,
                    -3.492
                ],
                "x_axis": [
                    -0.511,
                    0.205,
                    0.834
                ],
                "y_axis": [
                    0.85,
                    0.267,
                    0.455
                ],
                "z_axis": [
                    -0.129,
                    0.942,
                    -0.311
                ],
                "quaternion": [
                    -0.333,
                    0.365,
                    0.723,
                    0.483
                ]
            },
            "sse": {
                "sse": "hairpin_1"
            },
            "binding_protein": null,
            "binding_ion": "BDR",
            "binding_small-molecule": true,
            "TotalAsa": 187.6786622226769,
            "PolarAsa": 150.6590033540262,
            "ApolarAsa": 37.01965886865068,
            "id": "1nem.A.18"
        },
        {
            "index": 16,
            "index_chain": 16,
            "chain_name": "A",
            "nt_resnum": 19,
            "nt_name": "U",
            "nt_code": "U",
            "nt_id": "A.U19",
            "nt_type": "RNA",
            "dbn": ")",
            "summary": "anti,~C3'-endo,BI,canonical,non-pair-contact,helix,stem",
            "alpha": -63.4,
            "beta": 164.9,
            "gamma": 77.4,
            "delta": 151.0,
            "epsilon": -157.5,
            "zeta": -89.2,
            "epsilon_zeta": -68.3,
            "bb_type": "BI",
            "chi": -133.1,
            "glyco_bond": "anti",
            "C5prime_xyz": [
                -2.058,
                8.832,
                -0.289
            ],
            "P_xyz": [
                0.53,
                9.287,
                0.224
            ],
            "form": "A",
            "ssZp": 1.51,
            "Dp": 1.89,
            "splay_angle": 22.435,
            "splay_distance": 3.842,
            "splay_ratio": 0.196,
            "eta": 168.5,
            "theta": -98.6,
            "eta_prime": -133.0,
            "theta_prime": -135.7,
            "eta_base": -80.1,
            "theta_base": -112.8,
            "v0": -18.9,
            "v1": 39.2,
            "v2": -43.5,
            "v3": 33.1,
            "v4": -9.0,
            "amplitude": 43.8,
            "phase_angle": 173.2,
            "puckering": "C2'-endo",
            "sugar_class": "~C3'-endo",
            "bin": "33p",
            "cluster": "1a",
            "suiteness": 0.451,
            "filter_rmsd": 0.116,
            "frame": {
                "rmsd": 0.031,
                "origin": [
                    -3.139,
                    -3.934,
                    -2.866
                ],
                "x_axis": [
                    0.224,
                    0.43,
                    0.874
                ],
                "y_axis": [
                    0.907,
                    0.237,
                    -0.349
                ],
                "z_axis": [
                    -0.357,
                    0.871,
                    -0.337
                ],
                "quaternion": [
                    0.53,
                    -0.575,
                    -0.581,
                    -0.225
                ]
            },
            "sse": {
                "sse": null
            },
            "binding_protein": null,
            "binding_ion": "IDG",
            "binding_small-molecule": true,
            "TotalAsa": 182.96984352920475,
            "PolarAsa": 126.83167812645797,
            "ApolarAsa": 56.13816540274676,
            "id": "1nem.A.19"
        },
        {
            "index": 17,
            "index_chain": 17,
            "chain_name": "A",
            "nt_resnum": 20,
            "nt_name": "U",
            "nt_code": "U",
            "nt_id": "A.U20",
            "nt_type": "RNA",
            "dbn": ")",
            "summary": "anti,~C3'-endo,BI,canonical,non-pair-contact,helix,stem",
            "alpha": -85.6,
            "beta": 175.5,
            "gamma": 48.9,
            "delta": 131.8,
            "epsilon": -159.4,
            "zeta": -127.5,
            "epsilon_zeta": -31.9,
            "bb_type": "BI",
            "chi": -106.5,
            "glyco_bond": "anti",
            "C5prime_xyz": [
                -3.275,
                8.243,
                -2.247
            ],
            "P_xyz": [
                -1.651,
                10.303,
                -2.633
            ],
            "form": "A",
            "ssZp": 1.82,
            "Dp": 2.09,
            "splay_angle": 21.257,
            "splay_distance": 3.307,
            "splay_ratio": 0.185,
            "eta": 151.5,
            "theta": -135.5,
            "eta_prime": -175.6,
            "theta_prime": -162.2,
            "eta_base": -141.7,
            "theta_base": -109.2,
            "v0": -40.8,
            "v1": 48.4,
            "v2": -38.4,
            "v3": 15.8,
            "v4": 15.7,
            "amplitude": 48.1,
            "phase_angle": 143.0,
            "puckering": "C1'-exo",
            "sugar_class": "~C3'-endo",
            "bin": "33t",
            "cluster": "1c",
            "suiteness": 0.589,
            "filter_rmsd": 0.117,
            "frame": {
                "rmsd": 0.031,
                "origin": [
                    -5.497,
                    -0.926,
                    -3.251
                ],
                "x_axis": [
                    0.727,
                    0.195,
                    0.658
                ],
                "y_axis": [
                    0.666,
                    0.033,
                    -0.745
                ],
                "z_axis": [
                    -0.167,
                    0.98,
                    -0.106
                ],
                "quaternion": [
                    0.643,
                    -0.671,
                    -0.321,
                    -0.183
                ]
            },
            "sse": {
                "sse": null
            },
            "binding_protein": null,
            "binding_ion": "BDR",
            "binding_small-molecule": true,
            "TotalAsa": 180.9167923606395,
            "PolarAsa": 139.95559982573806,
            "ApolarAsa": 40.961192534901414,
            "id": "1nem.A.20"
        },
        {
            "index": 18,
            "index_chain": 18,
            "chain_name": "A",
            "nt_resnum": 21,
            "nt_name": "U",
            "nt_code": "U",
            "nt_id": "A.U21",
            "nt_type": "RNA",
            "dbn": ")",
            "summary": "anti,~C3'-endo,canonical,non-pair-contact,helix,stem",
            "alpha": 116.0,
            "beta": -148.2,
            "gamma": -177.1,
            "delta": 77.8,
            "epsilon": -172.4,
            "zeta": -91.5,
            "epsilon_zeta": -80.9,
            "bb_type": "--",
            "chi": -163.5,
            "glyco_bond": "anti",
            "C5prime_xyz": [
                -2.514,
                9.068,
                0.459
            ],
            "P_xyz": [
                -1.406,
                10.742,
                -1.294
            ],
            "form": ".",
            "ssZp": 4.1,
            "Dp": 4.08,
            "splay_angle": 24.172,
            "splay_distance": 4.181,
            "splay_ratio": 0.211,
            "eta": 151.4,
            "theta": 175.6,
            "eta_prime": 159.9,
            "theta_prime": 173.7,
            "eta_base": -135.5,
            "theta_base": -153.5,
            "v0": -18.5,
            "v1": -5.9,
            "v2": 26.4,
            "v3": -37.1,
            "v4": 35.3,
            "amplitude": 38.2,
            "phase_angle": 46.3,
            "puckering": "C4'-exo",
            "sugar_class": "~C3'-endo",
            "bin": "33t",
            "cluster": "1c",
            "suiteness": 0.221,
            "filter_rmsd": 0.118,
            "frame": {
                "rmsd": 0.031,
                "origin": [
                    -5.535,
                    2.175,
                    -2.101
                ],
                "x_axis": [
                    0.998,
                    0.065,
                    0.014
                ],
                "y_axis": [
                    0.01,
                    0.06,
                    -0.998
                ],
                "z_axis": [
                    -0.066,
                    0.996,
                    0.059
                ],
                "quaternion": [
                    0.727,
                    -0.685,
                    -0.027,
                    0.019
                ]
            },
            "sse": {
                "sse": null
            },
            "binding_protein": null,
            "binding_ion": "BDR",
            "binding_small-molecule": true,
            "TotalAsa": 171.4978646464756,
            "PolarAsa": 120.64926046966886,
            "ApolarAsa": 50.848604176806745,
            "id": "1nem.A.21"
        },
        {
            "index": 19,
            "index_chain": 19,
            "chain_name": "A",
            "nt_resnum": 22,
            "nt_name": "A",
            "nt_code": "A",
            "nt_id": "A.A22",
            "nt_type": "RNA",
            "dbn": ")",
            "summary": "anti,~C3'-endo,BI,canonical,non-pair-contact,helix,stem,phosphate",
            "alpha": 161.0,
            "beta": -170.6,
            "gamma": 171.4,
            "delta": 98.4,
            "epsilon": -150.8,
            "zeta": -72.2,
            "epsilon_zeta": -78.6,
            "bb_type": "BI",
            "chi": -167.9,
            "glyco_bond": "anti",
            "C5prime_xyz": [
                -0.835,
                8.208,
                1.33
            ],
            "P_xyz": [
                1.338,
                9.351,
                0.413
            ],
            "form": "A",
            "ssZp": 4.26,
            "Dp": 4.35,
            "splay_angle": 21.597,
            "splay_distance": 3.73,
            "splay_ratio": 0.196,
            "eta": 171.0,
            "theta": -133.0,
            "eta_prime": 178.2,
            "theta_prime": -145.6,
            "eta_base": -140.7,
            "theta_base": -127.4,
            "v0": 19.8,
            "v1": -28.9,
            "v2": 27.3,
            "v3": -16.4,
            "v4": -2.1,
            "amplitude": 29.5,
            "phase_angle": 337.8,
            "puckering": "C2'-exo",
            "sugar_class": "~C3'-endo",
            "bin": "trig",
            "cluster": "!!",
            "suiteness": 0.0,
            "filter_rmsd": 0.034,
            "frame": {
                "rmsd": 0.018,
                "origin": [
                    -6.214,
                    5.846,
                    -0.22
                ],
                "x_axis": [
                    0.886,
                    0.086,
                    -0.456
                ],
                "y_axis": [
                    -0.461,
                    0.038,
                    -0.887
                ],
                "z_axis": [
                    -0.059,
                    0.996,
                    0.073
                ],
                "quaternion": [
                    0.707,
                    -0.666,
                    0.141,
                    0.193
                ]
            },
            "sse": {
                "sse": null
            },
            "binding_protein": null,
            "binding_ion": null,
            "binding_small-molecule": true,
            "TotalAsa": 188.49849113672576,
            "PolarAsa": 146.42322761871418,
            "ApolarAsa": 42.07526351801162,
            "id": "1nem.A.22"
        },
        {
            "index": 20,
            "index_chain": 20,
            "chain_name": "A",
            "nt_resnum": 23,
            "nt_name": "G",
            "nt_code": "G",
            "nt_id": "A.G23",
            "nt_type": "RNA",
            "dbn": ")",
            "summary": "anti,~C3'-endo,BI,canonical,non-pair-contact,helix,stem",
            "alpha": 140.4,
            "beta": -172.0,
            "gamma": -179.0,
            "delta": 86.4,
            "epsilon": -136.7,
            "zeta": -96.5,
            "epsilon_zeta": -40.2,
            "bb_type": "BI",
            "chi": -177.7,
            "glyco_bond": "anti",
            "C5prime_xyz": [
                -1.061,
                8.254,
                1.761
            ],
            "P_xyz": [
                0.74,
                10.073,
                1.108
            ],
            "form": "A",
            "ssZp": 4.7,
            "Dp": 4.75,
            "splay_angle": 21.325,
            "splay_distance": 3.769,
            "splay_ratio": 0.195,
            "eta": 153.0,
            "theta": -150.6,
            "eta_prime": 173.1,
            "theta_prime": -151.3,
            "eta_base": -144.8,
            "theta_base": -108.3,
            "v0": 17.1,
            "v1": -33.9,
            "v2": 37.7,
            "v3": -28.5,
            "v4": 7.2,
            "amplitude": 38.0,
            "phase_angle": 352.5,
            "puckering": "C2'-exo",
            "sugar_class": "~C3'-endo",
            "bin": "33t",
            "cluster": "1c",
            "suiteness": 0.776,
            "filter_rmsd": 0.03,
            "frame": {
                "rmsd": 0.03,
                "origin": [
                    -4.924,
                    8.739,
                    1.749
                ],
                "x_axis": [
                    0.549,
                    0.06,
                    -0.834
                ],
                "y_axis": [
                    -0.836,
                    0.059,
                    -0.546
                ],
                "z_axis": [
                    0.016,
                    0.996,
                    0.083
                ],
                "quaternion": [
                    0.65,
                    -0.593,
                    0.327,
                    0.345
                ]
            },
            "sse": {
                "sse": null
            },
            "binding_protein": null,
            "binding_ion": null,
            "binding_small-molecule": null,
            "TotalAsa": 190.63183319601328,
            "PolarAsa": 150.96320570771798,
            "ApolarAsa": 39.66862748829527,
            "id": "1nem.A.23"
        },
        {
            "index": 21,
            "index_chain": 21,
            "chain_name": "A",
            "nt_resnum": 24,
            "nt_name": "U",
            "nt_code": "U",
            "nt_id": "A.U24",
            "nt_type": "RNA",
            "dbn": ")",
            "summary": "anti,~C3'-endo,BI,canonical,non-pair-contact,helix,stem",
            "alpha": 148.3,
            "beta": -146.6,
            "gamma": 166.8,
            "delta": 96.7,
            "epsilon": -133.1,
            "zeta": -58.1,
            "epsilon_zeta": -75.0,
            "bb_type": "BI",
            "chi": 179.0,
            "glyco_bond": "anti",
            "C5prime_xyz": [
                -1.148,
                7.956,
                1.922
            ],
            "P_xyz": [
                1.09,
                8.918,
                0.89
            ],
            "form": ".",
            "ssZp": 4.66,
            "Dp": 4.69,
            "splay_angle": 19.1,
            "splay_distance": 3.648,
            "splay_ratio": 0.184,
            "eta": 155.3,
            "theta": -124.0,
            "eta_prime": -179.6,
            "theta_prime": -131.6,
            "eta_base": -117.6,
            "theta_base": -124.2,
            "v0": 23.3,
            "v1": -34.9,
            "v2": 33.4,
            "v3": -20.4,
            "v4": -1.9,
            "amplitude": 35.8,
            "phase_angle": 338.9,
            "puckering": "C2'-exo",
            "sugar_class": "~C3'-endo",
            "bin": "33t",
            "cluster": "1c",
            "suiteness": 0.467,
            "filter_rmsd": 0.117,
            "frame": {
                "rmsd": 0.034,
                "origin": [
                    -2.591,
                    11.691,
                    1.536
                ],
                "x_axis": [
                    -0.011,
                    0.036,
                    -0.999
                ],
                "y_axis": [
                    -0.993,
                    0.116,
                    0.015
                ],
                "z_axis": [
                    0.117,
                    0.993,
                    0.034
                ],
                "quaternion": [
                    0.534,
                    -0.458,
                    0.523,
                    0.482
                ]
            },
            "sse": {
                "sse": null
            },
            "binding_protein": null,
            "binding_ion": null,
            "binding_small-molecule": null,
            "TotalAsa": 189.32817081661668,
            "PolarAsa": 135.61131055830066,
            "ApolarAsa": 53.71686025831601,
            "id": "1nem.A.24"
        },
        {
            "index": 22,
            "index_chain": 22,
            "chain_name": "A",
            "nt_resnum": 25,
            "nt_name": "C",
            "nt_code": "C",
            "nt_id": "A.C25",
            "nt_type": "RNA",
            "dbn": ")",
            "summary": "anti,~C3'-endo,canonical,non-pair-contact,helix,stem",
            "alpha": -67.9,
            "beta": 171.1,
            "gamma": 64.7,
            "delta": 75.5,
            "epsilon": -160.4,
            "zeta": -86.2,
            "epsilon_zeta": -74.2,
            "bb_type": "--",
            "chi": -171.1,
            "glyco_bond": "anti",
            "C5prime_xyz": [
                -2.666,
                9.155,
                0.716
            ],
            "P_xyz": [
                -0.59,
                10.648,
                1.401
            ],
            "form": ".",
            "ssZp": 3.99,
            "Dp": 4.01,
            "splay_angle": 13.203,
            "splay_distance": 2.272,
            "splay_ratio": 0.123,
            "eta": 168.5,
            "theta": -145.3,
            "eta_prime": -166.8,
            "theta_prime": -157.4,
            "eta_base": -135.2,
            "theta_base": -145.7,
            "v0": -20.7,
            "v1": -3.9,
            "v2": 25.3,
            "v3": -37.5,
            "v4": 37.1,
            "amplitude": 39.1,
            "phase_angle": 49.6,
            "puckering": "C4'-exo",
            "sugar_class": "~C3'-endo",
            "bin": "33t",
            "cluster": "1c",
            "suiteness": 0.676,
            "filter_rmsd": 0.079,
            "frame": {
                "rmsd": 0.028,
                "origin": [
                    -0.35,
                    14.053,
                    -0.109
                ],
                "x_axis": [
                    -0.558,
                    0.093,
                    -0.825
                ],
                "y_axis": [
                    -0.794,
                    0.23,
                    0.563
                ],
                "z_axis": [
                    0.242,
                    0.969,
                    -0.055
                ],
                "quaternion": [
                    0.393,
                    -0.258,
                    0.679,
                    0.564
                ]
            },
            "sse": {
                "sse": null
            },
            "binding_protein": null,
            "binding_ion": null,
            "binding_small-molecule": null,
            "TotalAsa": 180.62296338631117,
            "PolarAsa": 135.28055562142526,
            "ApolarAsa": 45.3424077648859,
            "id": "1nem.A.25"
        },
        {
            "index": 23,
            "index_chain": 23,
            "chain_name": "A",
            "nt_resnum": 26,
            "nt_name": "C",
            "nt_code": "C",
            "nt_id": "A.C26",
            "nt_type": "RNA",
            "dbn": ")",
            "summary": "anti,~C3'-endo,canonical,non-pair-contact,helix-end,stem-end",
            "alpha": 136.8,
            "beta": -173.8,
            "gamma": -175.8,
            "delta": 83.7,
            "epsilon": null,
            "zeta": null,
            "epsilon_zeta": null,
            "bb_type": "--",
            "chi": -161.5,
            "glyco_bond": "anti",
            "C5prime_xyz": [
                -1.325,
                8.817,
                0.755
            ],
            "P_xyz": [
                -0.045,
                10.721,
                -0.536
            ],
            "form": "-",
            "ssZp": null,
            "Dp": null,
            "splay_angle": null,
            "splay_distance": null,
            "splay_ratio": null,
            "eta": null,
            "theta": null,
            "eta_prime": null,
            "theta_prime": null,
            "eta_base": null,
            "theta_base": null,
            "v0": 7.7,
            "v1": -26.9,
            "v2": 35.8,
            "v3": -32.0,
            "v4": 15.1,
            "amplitude": 36.0,
            "phase_angle": 6.4,
            "puckering": "C3'-endo",
            "sugar_class": "~C3'-endo",
            "bin": "33p",
            "cluster": "1L",
            "suiteness": 0.725,
            "filter_rmsd": 0.079,
            "frame": {
                "rmsd": 0.026,
                "origin": [
                    0.162,
                    16.263,
                    -0.234
                ],
                "x_axis": [
                    -0.918,
                    0.197,
                    -0.344
                ],
                "y_axis": [
                    -0.195,
                    0.532,
                    0.824
                ],
                "z_axis": [
                    0.346,
                    0.823,
                    -0.45
                ],
                "quaternion": [
                    0.203,
                    0.001,
                    0.851,
                    0.484
                ]
            },
            "sse": {
                "sse": null
            },
            "binding_protein": null,
            "binding_ion": null,
            "binding_small-molecule": null,
            "TotalAsa": 291.04726694550993,
            "PolarAsa": 182.8242084506383,
            "ApolarAsa": 108.2230584948716,
            "id": "1nem.A.26"
        },
        {
            "index": 1,
            "index_chain": 1,
            "chain_name": "A",
            "nt_resnum": 4,
            "nt_name": "G",
            "nt_code": "G",
            "nt_id": "A.G4",
            "nt_type": "RNA",
            "dbn": "(",
            "summary": "anti,~C3'-endo,BI,canonical,non-pair-contact,helix-end,stem-end",
            "alpha": null,
            "beta": null,
            "gamma": -178.0,
            "delta": 83.0,
            "epsilon": -130.0,
            "zeta": -85.5,
            "epsilon_zeta": -44.5,
            "bb_type": "BI",
            "chi": -171.5,
            "glyco_bond": "anti",
            "C5prime_xyz": [
                -1.188,
                8.682,
                1.273
            ],
            "P_xyz": [
                null,
                null,
                null
            ],
            "form": ".",
            "ssZp": 4.69,
            "Dp": 4.77,
            "splay_angle": 19.677,
            "splay_distance": 3.163,
            "splay_ratio": 0.171,
            "eta": null,
            "theta": null,
            "eta_prime": null,
            "theta_prime": null,
            "eta_base": null,
            "theta_base": null,
            "v0": 6.3,
            "v1": -27.6,
            "v2": 37.7,
            "v3": -34.5,
            "v4": 17.8,
            "amplitude": 38.2,
            "phase_angle": 9.0,
            "puckering": "C3'-endo",
            "sugar_class": "~C3'-endo",
            "bin": "inc",
            "cluster": "__",
            "suiteness": 0.0,
            "filter_rmsd": 0.032,
            "frame": {
                "rmsd": 0.032,
                "origin": [
                    1.001,
                    16.933,
                    -0.012
                ],
                "x_axis": [
                    -0.979,
                    -0.062,
                    -0.193
                ],
                "y_axis": [
                    0.199,
                    -0.106,
                    -0.974
                ],
                "z_axis": [
                    0.04,
                    -0.992,
                    0.116
                ],
                "quaternion": [
                    -0.088,
                    -0.052,
                    -0.663,
                    0.742
                ]
            },
            "sse": {
                "sse": null
            },
            "binding_protein": null,
            "binding_ion": null,
            "binding_small-molecule": null,
            "TotalAsa": 265.06986380094446,
            "PolarAsa": 163.23725467498895,
            "ApolarAsa": 101.83260912595564,
            "id": "1nem.A.4"
        },
        {
            "index": 2,
            "index_chain": 2,
            "chain_name": "A",
            "nt_resnum": 5,
            "nt_name": "G",
            "nt_code": "G",
            "nt_id": "A.G5",
            "nt_type": "RNA",
            "dbn": "(",
            "summary": "anti,~C3'-endo,BI,canonical,non-pair-contact,helix,stem",
            "alpha": -67.9,
            "beta": 146.8,
            "gamma": 72.7,
            "delta": 78.7,
            "epsilon": -175.9,
            "zeta": -93.0,
            "epsilon_zeta": -82.9,
            "bb_type": "BI",
            "chi": -172.9,
            "glyco_bond": "anti",
            "C5prime_xyz": [
                -1.548,
                8.79,
                1.323
            ],
            "P_xyz": [
                1.018,
                9.258,
                0.93
            ],
            "form": "A",
            "ssZp": 4.42,
            "Dp": 4.43,
            "splay_angle": 21.816,
            "splay_distance": 3.703,
            "splay_ratio": 0.195,
            "eta": 165.1,
            "theta": -140.0,
            "eta_prime": -173.2,
            "theta_prime": -143.6,
            "eta_base": -129.9,
            "theta_base": -123.6,
            "v0": 5.5,
            "v1": -26.8,
            "v2": 36.8,
            "v3": -34.1,
            "v4": 18.4,
            "amplitude": 37.4,
            "phase_angle": 10.1,
            "puckering": "C3'-endo",
            "sugar_class": "~C3'-endo",
            "bin": "33t",
            "cluster": "1c",
            "suiteness": 0.426,
            "filter_rmsd": 0.029,
            "frame": {
                "rmsd": 0.029,
                "origin": [
                    -0.275,
                    14.049,
                    0.231
                ],
                "x_axis": [
                    -0.684,
                    -0.03,
                    -0.729
                ],
                "y_axis": [
                    0.711,
                    -0.246,
                    -0.658
                ],
                "z_axis": [
                    -0.16,
                    -0.969,
                    0.19
                ],
                "quaternion": [
                    -0.254,
                    -0.305,
                    -0.559,
                    0.728
                ]
            },
            "sse": {
                "sse": null
            },
            "binding_protein": null,
            "binding_ion": "IDG",
            "binding_small-molecule": null,
            "TotalAsa": 194.69845013537167,
            "PolarAsa": 146.95431576070223,
            "ApolarAsa": 47.74413437466945,
            "id": "1nem.A.5"
        },
        {
            "index": 3,
            "index_chain": 3,
            "chain_name": "A",
            "nt_resnum": 6,
            "nt_name": "A",
            "nt_code": "A",
            "nt_id": "A.A6",
            "nt_type": "RNA",
            "dbn": "(",
            "summary": "anti,~C3'-endo,BI,canonical,non-pair-contact,helix,stem",
            "alpha": 153.1,
            "beta": -107.5,
            "gamma": 179.3,
            "delta": 90.8,
            "epsilon": -105.7,
            "zeta": -72.3,
            "epsilon_zeta": -33.4,
            "bb_type": "BI",
            "chi": 148.6,
            "glyco_bond": "anti",
            "C5prime_xyz": [
                -2.713,
                8.405,
                2.239
            ],
            "P_xyz": [
                -0.18,
                9.226,
                2.27
            ],
            "form": "A",
            "ssZp": 2.34,
            "Dp": 2.75,
            "splay_angle": 22.542,
            "splay_distance": 3.758,
            "splay_ratio": 0.198,
            "eta": -143.1,
            "theta": -100.6,
            "eta_prime": -132.5,
            "theta_prime": -112.1,
            "eta_base": -100.1,
            "theta_base": -69.7,
            "v0": -34.2,
            "v1": 14.5,
            "v2": 8.0,
            "v3": -27.0,
            "v4": 39.3,
            "amplitude": 38.2,
            "phase_angle": 78.0,
            "puckering": "O4'-endo",
            "sugar_class": "~C3'-endo",
            "bin": "33t",
            "cluster": "1c",
            "suiteness": 0.559,
            "filter_rmsd": 0.044,
            "frame": {
                "rmsd": 0.026,
                "origin": [
                    -2.524,
                    11.505,
                    1.71
                ],
                "x_axis": [
                    -0.21,
                    -0.033,
                    -0.977
                ],
                "y_axis": [
                    0.954,
                    -0.226,
                    -0.197
                ],
                "z_axis": [
                    -0.214,
                    -0.974,
                    0.079
                ],
                "quaternion": [
                    -0.401,
                    -0.484,
                    -0.476,
                    0.615
                ]
            },
            "sse": {
                "sse": null
            },
            "binding_protein": null,
            "binding_ion": "BDR",
            "binding_small-molecule": null,
            "TotalAsa": 187.96874048970193,
            "PolarAsa": 146.37291977394975,
            "ApolarAsa": 41.595820715752176,
            "id": "1nem.A.6"
        },
        {
            "index": 4,
            "index_chain": 4,
            "chain_name": "A",
            "nt_resnum": 7,
            "nt_name": "C",
            "nt_code": "C",
            "nt_id": "A.C7",
            "nt_type": "RNA",
            "dbn": "(",
            "summary": "anti,~C3'-endo,BI,canonical,non-pair-contact,helix,stem,phosphate",
            "alpha": 99.3,
            "beta": -132.5,
            "gamma": -174.7,
            "delta": 76.7,
            "epsilon": -148.5,
            "zeta": -70.6,
            "epsilon_zeta": -77.9,
            "bb_type": "BI",
            "chi": -168.4,
            "glyco_bond": "anti",
            "C5prime_xyz": [
                -2.441,
                9.085,
                0.649
            ],
            "P_xyz": [
                -1.317,
                10.555,
                -1.279
            ],
            "form": "A",
            "ssZp": 4.28,
            "Dp": 4.35,
            "splay_angle": 21.826,
            "splay_distance": 3.636,
            "splay_ratio": 0.193,
            "eta": 121.0,
            "theta": -170.2,
            "eta_prime": 158.1,
            "theta_prime": -169.2,
            "eta_base": -134.4,
            "theta_base": -130.1,
            "v0": -14.6,
            "v1": -13.6,
            "v2": 35.0,
            "v3": -43.3,
            "v4": 36.8,
            "amplitude": 43.8,
            "phase_angle": 37.0,
            "puckering": "C4'-exo",
            "sugar_class": "~C3'-endo",
            "bin": "33t",
            "cluster": "1c",
            "suiteness": 0.463,
            "filter_rmsd": 0.083,
            "frame": {
                "rmsd": 0.032,
                "origin": [
                    -4.688,
                    8.516,
                    1.004
                ],
                "x_axis": [
                    0.428,
                    -0.196,
                    -0.882
                ],
                "y_axis": [
                    0.871,
                    -0.17,
                    0.46
                ],
                "z_axis": [
                    -0.24,
                    -0.966,
                    0.098
                ],
                "quaternion": [
                    0.582,
                    0.612,
                    0.276,
                    -0.458
                ]
            },
            "sse": {
                "sse": null
            },
            "binding_protein": null,
            "binding_ion": "BDR",
            "binding_small-molecule": null,
            "TotalAsa": 179.12616768264223,
            "PolarAsa": 134.5641446959725,
            "ApolarAsa": 44.56202298666978,
            "id": "1nem.A.7"
        },
        {
            "index": 5,
            "index_chain": 5,
            "chain_name": "A",
            "nt_resnum": 8,
            "nt_name": "U",
            "nt_code": "U",
            "nt_id": "A.U8",
            "nt_type": "RNA",
            "dbn": "(",
            "summary": "anti,~C3'-endo,BI,canonical,non-pair-contact,helix,stem,phosphate",
            "alpha": -80.6,
            "beta": 178.5,
            "gamma": 57.2,
            "delta": 79.9,
            "epsilon": -166.4,
            "zeta": -86.5,
            "epsilon_zeta": -79.9,
            "bb_type": "BI",
            "chi": -151.0,
            "glyco_bond": "anti",
            "C5prime_xyz": [
                -1.801,
                8.962,
                -0.013
            ],
            "P_xyz": [
                0.698,
                9.816,
                -0.02
            ],
            "form": ".",
            "ssZp": 4.19,
            "Dp": 4.42,
            "splay_angle": 23.261,
            "splay_distance": 4.071,
            "splay_ratio": 0.211,
            "eta": 157.4,
            "theta": -145.9,
            "eta_prime": 172.2,
            "theta_prime": -158.6,
            "eta_base": -136.5,
            "theta_base": -148.6,
            "v0": -1.3,
            "v1": -20.2,
            "v2": 32.8,
            "v3": -34.0,
            "v4": 22.3,
            "amplitude": 35.0,
            "phase_angle": 20.3,
            "puckering": "C3'-endo",
            "sugar_class": "~C3'-endo",
            "bin": "33p",
            "cluster": "1a",
            "suiteness": 0.605,
            "filter_rmsd": 0.117,
            "frame": {
                "rmsd": 0.03,
                "origin": [
                    -6.183,
                    5.511,
                    -0.397
                ],
                "x_axis": [
                    0.903,
                    -0.102,
                    -0.418
                ],
                "y_axis": [
                    0.408,
                    -0.1,
                    0.907
                ],
                "z_axis": [
                    -0.134,
                    -0.99,
                    -0.049
                ],
                "quaternion": [
                    0.662,
                    0.716,
                    0.107,
                    -0.193
                ]
            },
            "sse": {
                "sse": null
            },
            "binding_protein": null,
            "binding_ion": "BDR",
            "binding_small-molecule": true,
            "TotalAsa": 138.50801977670372,
            "PolarAsa": 97.78831623947896,
            "ApolarAsa": 40.71970353722477,
            "id": "1nem.A.8"
        },
        {
            "index": 6,
            "index_chain": 6,
            "chain_name": "A",
            "nt_resnum": 9,
            "nt_name": "G",
            "nt_code": "G",
            "nt_id": "A.G9",
            "nt_type": "RNA",
            "dbn": "(",
            "summary": "anti,~C3'-endo,BI,canonical,non-pair-contact,helix,stem,phosphate",
            "alpha": 151.1,
            "beta": -171.7,
            "gamma": 171.6,
            "delta": 80.5,
            "epsilon": -142.2,
            "zeta": -74.8,
            "epsilon_zeta": -67.4,
            "bb_type": "BI",
            "chi": -176.8,
            "glyco_bond": "anti",
            "C5prime_xyz": [
                -0.894,
                8.287,
                1.587
            ],
            "P_xyz": [
                0.799,
                10.031,
                0.628
            ],
            "form": "A",
            "ssZp": 4.82,
            "Dp": 4.79,
            "splay_angle": 26.282,
            "splay_distance": 4.286,
            "splay_ratio": 0.23,
            "eta": 149.1,
            "theta": -165.7,
            "eta_prime": 157.2,
            "theta_prime": -160.8,
            "eta_base": -174.0,
            "theta_base": -132.2,
            "v0": 17.3,
            "v1": -37.8,
            "v2": 43.8,
            "v3": -34.6,
            "v4": 10.8,
            "amplitude": 43.9,
            "phase_angle": 355.8,
            "puckering": "C2'-exo",
            "sugar_class": "~C3'-endo",
            "bin": "33t",
            "cluster": "1c",
            "suiteness": 0.766,
            "filter_rmsd": 0.028,
            "frame": {
                "rmsd": 0.028,
                "origin": [
                    -8.169,
                    2.795,
                    -2.687
                ],
                "x_axis": [
                    0.992,
                    0.099,
                    -0.075
                ],
                "y_axis": [
                    0.086,
                    -0.11,
                    0.99
                ],
                "z_axis": [
                    0.089,
                    -0.989,
                    -0.117
                ],
                "quaternion": [
                    0.664,
                    0.745,
                    0.062,
                    0.005
                ]
            },
            "sse": {
                "sse": null
            },
            "binding_protein": null,
            "binding_ion": "IDG",
            "binding_small-molecule": true,
            "TotalAsa": 171.08562469177298,
            "PolarAsa": 128.7308800195579,
            "ApolarAsa": 42.354744672215055,
            "id": "1nem.A.9"
        }
    ],
    "links": [
        {
            "LW": "B53",
            "backbone": true,
            "source": "1nem.A.10",
            "target": "1nem.A.11"
        },
        {
            "LW": "B35",
            "backbone": true,
            "source": "1nem.A.10",
            "target": "1nem.A.9"
        },
        {
            "index": 7,
            "nt1": "A.G10",
            "nt2": "A.U20",
            "bp": "G-U",
            "name": "Wobble",
            "Saenger": "28-XXVIII",
            "LW": "cWW",
            "DSSR": "cW-W",
            "source": "1nem.A.10",
            "target": "1nem.A.20"
        },
        {
            "LW": "B53",
            "backbone": true,
            "source": "1nem.A.11",
            "target": "1nem.A.12"
        },
        {
            "LW": "B35",
            "backbone": true,
            "source": "1nem.A.11",
            "target": "1nem.A.10"
        },
        {
            "index": 8,
            "nt1": "A.G11",
            "nt2": "A.U19",
            "bp": "G-U",
            "name": "Wobble",
            "Saenger": "28-XXVIII",
            "LW": "cWW",
            "DSSR": "cW-W",
            "source": "1nem.A.11",
            "target": "1nem.A.19"
        },
        {
            "LW": "B53",
            "backbone": true,
            "source": "1nem.A.12",
            "target": "1nem.A.13"
        },
        {
            "LW": "B35",
            "backbone": true,
            "source": "1nem.A.12",
            "target": "1nem.A.11"
        },
        {
            "index": 9,
            "nt1": "A.C12",
            "nt2": "A.G18",
            "bp": "C-G",
            "name": "WC",
            "Saenger": "19-XIX",
            "LW": "cWW",
            "DSSR": "cW-W",
            "source": "1nem.A.12",
            "target": "1nem.A.18"
        },
        {
            "LW": "B53",
            "backbone": true,
            "source": "1nem.A.13",
            "target": "1nem.A.14"
        },
        {
            "LW": "B35",
            "backbone": true,
            "source": "1nem.A.13",
            "target": "1nem.A.12"
        },
        {
            "index": 10,
            "nt1": "A.G13",
            "nt2": "A.A17",
            "bp": "G-A",
            "name": "Sheared",
            "Saenger": "11-XI",
            "LW": "tSH",
            "DSSR": "tm-M",
            "source": "1nem.A.13",
            "target": "1nem.A.17"
        },
        {
            "LW": "B53",
            "backbone": true,
            "source": "1nem.A.14",
            "target": "1nem.A.15"
        },
        {
            "LW": "B35",
            "backbone": true,
            "source": "1nem.A.14",
            "target": "1nem.A.13"
        },
        {
            "LW": "B53",
            "backbone": true,
            "source": "1nem.A.15",
            "target": "1nem.A.16"
        },
        {
            "LW": "B35",
            "backbone": true,
            "source": "1nem.A.15",
            "target": "1nem.A.14"
        },
        {
            "LW": "B53",
            "backbone": true,
            "source": "1nem.A.16",
            "target": "1nem.A.17"
        },
        {
            "LW": "B35",
            "backbone": true,
            "source": "1nem.A.16",
            "target": "1nem.A.15"
        },
        {
            "LW": "B53",
            "backbone": true,
            "source": "1nem.A.17",
            "target": "1nem.A.18"
        },
        {
            "LW": "B35",
            "backbone": true,
            "source": "1nem.A.17",
            "target": "1nem.A.16"
        },
        {
            "index": 10,
            "nt1": "A.A17",
            "nt2": "A.G13",
            "bp": "A-G",
            "name": "Sheared",
            "Saenger": "11-XI",
            "LW": "tHS",
            "DSSR": "tm-M",
            "source": "1nem.A.17",
            "target": "1nem.A.13"
        },
        {
            "LW": "B53",
            "backbone": true,
            "source": "1nem.A.18",
            "target": "1nem.A.19"
        },
        {
            "LW": "B35",
            "backbone": true,
            "source": "1nem.A.18",
            "target": "1nem.A.17"
        },
        {
            "index": 9,
            "nt1": "A.G18",
            "nt2": "A.C12",
            "bp": "G-C",
            "name": "WC",
            "Saenger": "19-XIX",
            "LW": "cWW",
            "DSSR": "cW-W",
            "source": "1nem.A.18",
            "target": "1nem.A.12"
        },
        {
            "LW": "B53",
            "backbone": true,
            "source": "1nem.A.19",
            "target": "1nem.A.20"
        },
        {
            "LW": "B35",
            "backbone": true,
            "source": "1nem.A.19",
            "target": "1nem.A.18"
        },
        {
            "index": 8,
            "nt1": "A.U19",
            "nt2": "A.G11",
            "bp": "U-G",
            "name": "Wobble",
            "Saenger": "28-XXVIII",
            "LW": "cWW",
            "DSSR": "cW-W",
            "source": "1nem.A.19",
            "target": "1nem.A.11"
        },
        {
            "LW": "B53",
            "backbone": true,
            "source": "1nem.A.20",
            "target": "1nem.A.21"
        },
        {
            "LW": "B35",
            "backbone": true,
            "source": "1nem.A.20",
            "target": "1nem.A.19"
        },
        {
            "index": 7,
            "nt1": "A.U20",
            "nt2": "A.G10",
            "bp": "U-G",
            "name": "Wobble",
            "Saenger": "28-XXVIII",
            "LW": "cWW",
            "DSSR": "cW-W",
            "source": "1nem.A.20",
            "target": "1nem.A.10"
        },
        {
            "LW": "B53",
            "backbone": true,
            "source": "1nem.A.21",
            "target": "1nem.A.22"
        },
        {
            "LW": "B35",
            "backbone": true,
            "source": "1nem.A.21",
            "target": "1nem.A.20"
        },
        {
            "index": 6,
            "nt1": "A.U21",
            "nt2": "A.G9",
            "bp": "U-G",
            "name": "Wobble",
            "Saenger": "28-XXVIII",
            "LW": "cWW",
            "DSSR": "cW-W",
            "source": "1nem.A.21",
            "target": "1nem.A.9"
        },
        {
            "LW": "B53",
            "backbone": true,
            "source": "1nem.A.22",
            "target": "1nem.A.23"
        },
        {
            "LW": "B35",
            "backbone": true,
            "source": "1nem.A.22",
            "target": "1nem.A.21"
        },
        {
            "index": 5,
            "nt1": "A.A22",
            "nt2": "A.U8",
            "bp": "A-U",
            "name": "WC",
            "Saenger": "20-XX",
            "LW": "cWW",
            "DSSR": "cW-W",
            "source": "1nem.A.22",
            "target": "1nem.A.8"
        },
        {
            "LW": "B53",
            "backbone": true,
            "source": "1nem.A.23",
            "target": "1nem.A.24"
        },
        {
            "LW": "B35",
            "backbone": true,
            "source": "1nem.A.23",
            "target": "1nem.A.22"
        },
        {
            "index": 4,
            "nt1": "A.G23",
            "nt2": "A.C7",
            "bp": "G-C",
            "name": "WC",
            "Saenger": "19-XIX",
            "LW": "cWW",
            "DSSR": "cW-W",
            "source": "1nem.A.23",
            "target": "1nem.A.7"
        },
        {
            "LW": "B53",
            "backbone": true,
            "source": "1nem.A.24",
            "target": "1nem.A.25"
        },
        {
            "LW": "B35",
            "backbone": true,
            "source": "1nem.A.24",
            "target": "1nem.A.23"
        },
        {
            "index": 3,
            "nt1": "A.U24",
            "nt2": "A.A6",
            "bp": "U-A",
            "name": "WC",
            "Saenger": "20-XX",
            "LW": "cWW",
            "DSSR": "cW-W",
            "source": "1nem.A.24",
            "target": "1nem.A.6"
        },
        {
            "LW": "B53",
            "backbone": true,
            "source": "1nem.A.25",
            "target": "1nem.A.26"
        },
        {
            "LW": "B35",
            "backbone": true,
            "source": "1nem.A.25",
            "target": "1nem.A.24"
        },
        {
            "index": 2,
            "nt1": "A.C25",
            "nt2": "A.G5",
            "bp": "C-G",
            "name": "WC",
            "Saenger": "19-XIX",
            "LW": "cWW",
            "DSSR": "cW-W",
            "source": "1nem.A.25",
            "target": "1nem.A.5"
        },
        {
            "LW": "B35",
            "backbone": true,
            "source": "1nem.A.26",
            "target": "1nem.A.25"
        },
        {
            "index": 1,
            "nt1": "A.C26",
            "nt2": "A.G4",
            "bp": "C-G",
            "name": "WC",
            "Saenger": "19-XIX",
            "LW": "cWW",
            "DSSR": "cW-W",
            "source": "1nem.A.26",
            "target": "1nem.A.4"
        },
        {
            "LW": "B53",
            "backbone": true,
            "source": "1nem.A.4",
            "target": "1nem.A.5"
        },
        {
            "index": 1,
            "nt1": "A.G4",
            "nt2": "A.C26",
            "bp": "G-C",
            "name": "WC",
            "Saenger": "19-XIX",
            "LW": "cWW",
            "DSSR": "cW-W",
            "source": "1nem.A.4",
            "target": "1nem.A.26"
        },
        {
            "LW": "B53",
            "backbone": true,
            "source": "1nem.A.5",
            "target": "1nem.A.6"
        },
        {
            "LW": "B35",
            "backbone": true,
            "source": "1nem.A.5",
            "target": "1nem.A.4"
        },
        {
            "index": 2,
            "nt1": "A.G5",
            "nt2": "A.C25",
            "bp": "G-C",
            "name": "WC",
            "Saenger": "19-XIX",
            "LW": "cWW",
            "DSSR": "cW-W",
            "source": "1nem.A.5",
            "target": "1nem.A.25"
        },
        {
            "LW": "B53",
            "backbone": true,
            "source": "1nem.A.6",
            "target": "1nem.A.7"
        },
        {
            "LW": "B35",
            "backbone": true,
            "source": "1nem.A.6",
            "target": "1nem.A.5"
        },
        {
            "index": 3,
            "nt1": "A.A6",
            "nt2": "A.U24",
            "bp": "A-U",
            "name": "WC",
            "Saenger": "20-XX",
            "LW": "cWW",
            "DSSR": "cW-W",
            "source": "1nem.A.6",
            "target": "1nem.A.24"
        },
        {
            "LW": "B53",
            "backbone": true,
            "source": "1nem.A.7",
            "target": "1nem.A.8"
        },
        {
            "LW": "B35",
            "backbone": true,
            "source": "1nem.A.7",
            "target": "1nem.A.6"
        },
        {
            "index": 4,
            "nt1": "A.C7",
            "nt2": "A.G23",
            "bp": "C-G",
            "name": "WC",
            "Saenger": "19-XIX",
            "LW": "cWW",
            "DSSR": "cW-W",
            "source": "1nem.A.7",
            "target": "1nem.A.23"
        },
        {
            "LW": "B53",
            "backbone": true,
            "source": "1nem.A.8",
            "target": "1nem.A.9"
        },
        {
            "LW": "B35",
            "backbone": true,
            "source": "1nem.A.8",
            "target": "1nem.A.7"
        },
        {
            "index": 5,
            "nt1": "A.U8",
            "nt2": "A.A22",
            "bp": "U-A",
            "name": "WC",
            "Saenger": "20-XX",
            "LW": "cWW",
            "DSSR": "cW-W",
            "source": "1nem.A.8",
            "target": "1nem.A.22"
        },
        {
            "LW": "B53",
            "backbone": true,
            "source": "1nem.A.9",
            "target": "1nem.A.10"
        },
        {
            "LW": "B35",
            "backbone": true,
            "source": "1nem.A.9",
            "target": "1nem.A.8"
        },
        {
            "index": 6,
            "nt1": "A.G9",
            "nt2": "A.U21",
            "bp": "G-U",
            "name": "Wobble",
            "Saenger": "28-XXVIII",
            "LW": "cWW",
            "DSSR": "cW-W",
            "source": "1nem.A.9",
            "target": "1nem.A.21"
        }
    ]
}