{
    "directed": true,
    "multigraph": false,
    "graph": {
        "dbn": {
            "all_chains": {
                "num_nts": 22,
                "num_chars": 22,
                "bseq": "GGCCUUCCCACAAGGGAAGGCC",
                "sstr": "(((((((((....)))))))))",
                "form": "AAA.AAA....B.AAAA.AAA-"
            },
            "single_chains": {
                "m1_chain_A": {
                    "num_nts": 22,
                    "num_chars": 22,
                    "bseq": "GGCCUUCCCACAAGGGAAGGCC",
                    "sstr": "(((((((((....)))))))))",
                    "form": "AAA.AAA....B.AAAA.AAA-"
                }
            }
        },
        "resolution_low": null,
        "resolution_high": null
    },
    "nodes": [
        {
            "index": 1,
            "index_chain": 1,
            "chain_name": "A",
            "nt_resnum": 1,
            "nt_name": "G",
            "nt_code": "G",
            "nt_id": "A.G1",
            "nt_type": "RNA",
            "dbn": "(",
            "summary": "anti,~C3'-endo,BI,canonical,non-pair-contact,helix-end,stem-end",
            "alpha": null,
            "beta": null,
            "gamma": -174.286,
            "delta": 79.275,
            "epsilon": -166.981,
            "zeta": -67.293,
            "epsilon_zeta": -99.688,
            "bb_type": "BI",
            "chi": -148.503,
            "glyco_bond": "anti",
            "C5prime_xyz": [
                -1.315,
                8.765,
                -0.124
            ],
            "P_xyz": [
                null,
                null,
                null
            ],
            "form": "A",
            "ssZp": 4.15,
            "Dp": 4.626,
            "splay_angle": 20.081,
            "splay_distance": 3.233,
            "splay_ratio": 0.176,
            "eta": null,
            "theta": null,
            "eta_prime": null,
            "theta_prime": null,
            "eta_base": null,
            "theta_base": null,
            "v0": 5.871,
            "v1": -29.769,
            "v2": 39.99,
            "v3": -38.534,
            "v4": 20.888,
            "amplitude": 40.73,
            "phase_angle": 10.936,
            "puckering": "C3'-endo",
            "sugar_class": "~C3'-endo",
            "bin": "inc",
            "cluster": "__",
            "suiteness": 0.0,
            "filter_rmsd": 0.01,
            "frame": {
                "rmsd": 0.01,
                "origin": [
                    -5.084,
                    -14.813,
                    2.304
                ],
                "x_axis": [
                    0.155,
                    0.165,
                    -0.974
                ],
                "y_axis": [
                    -0.847,
                    0.53,
                    -0.045
                ],
                "z_axis": [
                    0.509,
                    0.832,
                    0.222
                ],
                "quaternion": [
                    0.691,
                    -0.317,
                    0.537,
                    0.366
                ]
            },
            "sse": {
                "sse": null
            },
            "binding_protein": null,
            "binding_ion": null,
            "binding_small-molecule": null,
            "TotalAsa": 264.32172218049686,
            "PolarAsa": 172.81436786939386,
            "ApolarAsa": 91.50735431110304,
            "id": "2juk.A.1"
        },
        {
            "index": 10,
            "index_chain": 10,
            "chain_name": "A",
            "nt_resnum": 10,
            "nt_name": "A",
            "nt_code": "A",
            "nt_id": "A.A10",
            "nt_type": "RNA",
            "dbn": ".",
            "summary": "anti,~C3'-endo,BI,non-canonical,non-pair-contact,helix-end,hairpin-loop",
            "alpha": -80.907,
            "beta": 167.428,
            "gamma": 52.809,
            "delta": 84.968,
            "epsilon": -152.416,
            "zeta": -52.457,
            "epsilon_zeta": -99.959,
            "bb_type": "BI",
            "chi": -174.37,
            "glyco_bond": "anti",
            "C5prime_xyz": [
                -1.01,
                8.259,
                1.439
            ],
            "P_xyz": [
                1.626,
                8.236,
                1.512
            ],
            "form": ".",
            "ssZp": 4.809,
            "Dp": 4.76,
            "splay_angle": 26.927,
            "splay_distance": 4.321,
            "splay_ratio": 0.246,
            "eta": 140.097,
            "theta": -121.315,
            "eta_prime": 165.547,
            "theta_prime": -114.435,
            "eta_base": -118.372,
            "theta_base": -84.201,
            "v0": 14.03,
            "v1": -35.467,
            "v2": 41.067,
            "v3": -34.557,
            "v4": 13.33,
            "amplitude": 41.07,
            "phase_angle": 359.27,
            "puckering": "C2'-exo",
            "sugar_class": "~C3'-endo",
            "bin": "33p",
            "cluster": "1a",
            "suiteness": 0.399,
            "filter_rmsd": 0.041,
            "frame": {
                "rmsd": 0.013,
                "origin": [
                    0.184,
                    9.862,
                    -0.012
                ],
                "x_axis": [
                    0.597,
                    -0.407,
                    -0.692
                ],
                "y_axis": [
                    -0.161,
                    0.784,
                    -0.6
                ],
                "z_axis": [
                    0.786,
                    0.47,
                    0.402
                ],
                "quaternion": [
                    0.834,
                    -0.321,
                    0.443,
                    -0.074
                ]
            },
            "sse": {
                "sse": "hairpin_1"
            },
            "binding_protein": null,
            "binding_ion": "G0B",
            "binding_small-molecule": true,
            "TotalAsa": 129.6815991430446,
            "PolarAsa": 86.65226134273821,
            "ApolarAsa": 43.02933780030637,
            "id": "2juk.A.10"
        },
        {
            "index": 11,
            "index_chain": 11,
            "chain_name": "A",
            "nt_resnum": 11,
            "nt_name": "C",
            "nt_code": "C",
            "nt_id": "A.C11",
            "nt_type": "RNA",
            "dbn": ".",
            "summary": "turn,anti,~C2'-endo,non-pair-contact,hairpin-loop,splayed-apart",
            "alpha": -69.983,
            "beta": -167.132,
            "gamma": 64.271,
            "delta": 146.768,
            "epsilon": -88.658,
            "zeta": 83.75,
            "epsilon_zeta": 187.592,
            "bb_type": "--",
            "chi": -124.659,
            "glyco_bond": "anti",
            "C5prime_xyz": [
                -2.131,
                8.724,
                -0.557
            ],
            "P_xyz": [
                0.227,
                9.485,
                0.398
            ],
            "form": ".",
            "ssZp": 1.357,
            "Dp": 1.044,
            "splay_angle": 87.046,
            "splay_distance": 14.131,
            "splay_ratio": 0.689,
            "eta": -159.279,
            "theta": 136.681,
            "eta_prime": -125.354,
            "theta_prime": 85.053,
            "eta_base": -84.047,
            "theta_base": 54.491,
            "v0": -22.418,
            "v1": 36.294,
            "v2": -35.099,
            "v3": 23.842,
            "v4": -1.104,
            "amplitude": 36.773,
            "phase_angle": 162.642,
            "puckering": "C2'-endo",
            "sugar_class": "~C2'-endo",
            "bin": "32p",
            "cluster": "1b",
            "suiteness": 0.645,
            "filter_rmsd": 0.065,
            "frame": {
                "rmsd": 0.013,
                "origin": [
                    4.34,
                    8.825,
                    -0.58
                ],
                "x_axis": [
                    0.125,
                    0.163,
                    -0.979
                ],
                "y_axis": [
                    -0.353,
                    0.929,
                    0.11
                ],
                "z_axis": [
                    0.927,
                    0.332,
                    0.173
                ],
                "quaternion": [
                    0.746,
                    -0.074,
                    0.639,
                    0.173
                ]
            },
            "sse": {
                "sse": "hairpin_1"
            },
            "binding_protein": null,
            "binding_ion": "G0B",
            "binding_small-molecule": true,
            "TotalAsa": 207.67717538176947,
            "PolarAsa": 168.94773990679275,
            "ApolarAsa": 38.7294354749767,
            "id": "2juk.A.11"
        },
        {
            "index": 12,
            "index_chain": 12,
            "chain_name": "A",
            "nt_resnum": 12,
            "nt_name": "A",
            "nt_code": "A",
            "nt_id": "A.A12",
            "nt_type": "RNA",
            "dbn": ".",
            "summary": "anti,~C3'-endo,BI,non-pair-contact,hairpin-loop,splayed-apart",
            "alpha": 56.754,
            "beta": 174.264,
            "gamma": 163.813,
            "delta": 85.594,
            "epsilon": -170.128,
            "zeta": -73.479,
            "epsilon_zeta": -96.649,
            "bb_type": "BI",
            "chi": -143.625,
            "glyco_bond": "anti",
            "C5prime_xyz": [
                -1.916,
                8.814,
                -0.716
            ],
            "P_xyz": [
                -0.791,
                10.097,
                -2.702
            ],
            "form": "B",
            "ssZp": 3.313,
            "Dp": 3.988,
            "splay_angle": 22.928,
            "splay_distance": 3.824,
            "splay_ratio": 0.199,
            "eta": 96.157,
            "theta": -157.548,
            "eta_prime": 81.956,
            "theta_prime": -159.069,
            "eta_base": 76.233,
            "theta_base": -103.611,
            "v0": -12.904,
            "v1": -8.138,
            "v2": 23.952,
            "v3": -32.637,
            "v4": 28.954,
            "amplitude": 32.227,
            "phase_angle": 41.992,
            "puckering": "C4'-exo",
            "sugar_class": "~C3'-endo",
            "bin": "23t",
            "cluster": "6n",
            "suiteness": 0.639,
            "filter_rmsd": 0.046,
            "frame": {
                "rmsd": 0.024,
                "origin": [
                    -7.21,
                    16.655,
                    1.653
                ],
                "x_axis": [
                    0.394,
                    0.054,
                    -0.918
                ],
                "y_axis": [
                    0.868,
                    -0.348,
                    0.353
                ],
                "z_axis": [
                    -0.301,
                    -0.936,
                    -0.184
                ],
                "quaternion": [
                    0.464,
                    0.694,
                    0.332,
                    -0.439
                ]
            },
            "sse": {
                "sse": "hairpin_1"
            },
            "binding_protein": null,
            "binding_ion": "G0B",
            "binding_small-molecule": null,
            "TotalAsa": 270.26233256221263,
            "PolarAsa": 190.52487547691098,
            "ApolarAsa": 79.73745708530171,
            "id": "2juk.A.12"
        },
        {
            "index": 13,
            "index_chain": 13,
            "chain_name": "A",
            "nt_resnum": 13,
            "nt_name": "A",
            "nt_code": "A",
            "nt_id": "A.A13",
            "nt_type": "RNA",
            "dbn": ".",
            "summary": "anti,~C3'-endo,BI,non-canonical,non-pair-contact,helix-end,hairpin-loop",
            "alpha": 147.041,
            "beta": -164.652,
            "gamma": 171.387,
            "delta": 97.262,
            "epsilon": -153.686,
            "zeta": -54.12,
            "epsilon_zeta": -99.565,
            "bb_type": "BI",
            "chi": -143.326,
            "glyco_bond": "anti",
            "C5prime_xyz": [
                -1.034,
                8.391,
                -0.234
            ],
            "P_xyz": [
                0.465,
                9.157,
                -2.243
            ],
            "form": ".",
            "ssZp": 3.937,
            "Dp": 4.536,
            "splay_angle": 28.171,
            "splay_distance": 4.497,
            "splay_ratio": 0.244,
            "eta": 154.884,
            "theta": -138.698,
            "eta_prime": 178.886,
            "theta_prime": -140.407,
            "eta_base": -110.96,
            "theta_base": -91.167,
            "v0": 15.553,
            "v1": -29.372,
            "v2": 30.744,
            "v3": -22.853,
            "v4": 4.869,
            "amplitude": 31.248,
            "phase_angle": 349.696,
            "puckering": "C2'-exo",
            "sugar_class": "~C3'-endo",
            "bin": "33t",
            "cluster": "1c",
            "suiteness": 0.477,
            "filter_rmsd": 0.041,
            "frame": {
                "rmsd": 0.012,
                "origin": [
                    -6.135,
                    13.716,
                    -0.544
                ],
                "x_axis": [
                    0.884,
                    -0.211,
                    -0.417
                ],
                "y_axis": [
                    0.248,
                    -0.544,
                    0.802
                ],
                "z_axis": [
                    -0.396,
                    -0.812,
                    -0.428
                ],
                "quaternion": [
                    0.477,
                    0.845,
                    0.011,
                    -0.24
                ]
            },
            "sse": {
                "sse": "hairpin_1"
            },
            "binding_protein": null,
            "binding_ion": "G0B",
            "binding_small-molecule": null,
            "TotalAsa": 187.86307942103863,
            "PolarAsa": 130.86809695878858,
            "ApolarAsa": 56.9949824622501,
            "id": "2juk.A.13"
        },
        {
            "index": 14,
            "index_chain": 14,
            "chain_name": "A",
            "nt_resnum": 14,
            "nt_name": "G",
            "nt_code": "G",
            "nt_id": "A.G14",
            "nt_type": "RNA",
            "dbn": ")",
            "summary": "anti,~C3'-endo,BI,canonical,non-pair-contact,helix,stem-end,hairpin-loop",
            "alpha": -79.011,
            "beta": 172.677,
            "gamma": 53.614,
            "delta": 80.848,
            "epsilon": -158.606,
            "zeta": -62.954,
            "epsilon_zeta": -95.652,
            "bb_type": "BI",
            "chi": -152.246,
            "glyco_bond": "anti",
            "C5prime_xyz": [
                -1.266,
                8.748,
                0.164
            ],
            "P_xyz": [
                1.347,
                9.019,
                -0.152
            ],
            "form": "A",
            "ssZp": 4.357,
            "Dp": 4.71,
            "splay_angle": 30.557,
            "splay_distance": 4.816,
            "splay_ratio": 0.266,
            "eta": 151.938,
            "theta": -139.862,
            "eta_prime": 179.262,
            "theta_prime": -139.081,
            "eta_base": -107.596,
            "theta_base": -114.693,
            "v0": 8.262,
            "v1": -30.786,
            "v2": 39.441,
            "v3": -36.362,
            "v4": 18.064,
            "amplitude": 39.756,
            "phase_angle": 7.22,
            "puckering": "C3'-endo",
            "sugar_class": "~C3'-endo",
            "bin": "33p",
            "cluster": "1a",
            "suiteness": 0.325,
            "filter_rmsd": 0.011,
            "frame": {
                "rmsd": 0.011,
                "origin": [
                    -3.811,
                    10.144,
                    -1.983
                ],
                "x_axis": [
                    0.796,
                    -0.39,
                    0.463
                ],
                "y_axis": [
                    -0.591,
                    -0.337,
                    0.733
                ],
                "z_axis": [
                    -0.13,
                    -0.857,
                    -0.499
                ],
                "quaternion": [
                    0.49,
                    0.811,
                    -0.302,
                    0.103
                ]
            },
            "sse": {
                "sse": "hairpin_1"
            },
            "binding_protein": null,
            "binding_ion": "G0B",
            "binding_small-molecule": true,
            "TotalAsa": 199.61178464934457,
            "PolarAsa": 158.69816491032893,
            "ApolarAsa": 40.913619739015594,
            "id": "2juk.A.14"
        },
        {
            "index": 15,
            "index_chain": 15,
            "chain_name": "A",
            "nt_resnum": 15,
            "nt_name": "G",
            "nt_code": "G",
            "nt_id": "A.G15",
            "nt_type": "RNA",
            "dbn": ")",
            "summary": "anti,~C3'-endo,BI,canonical,non-pair-contact,helix,stem",
            "alpha": -73.244,
            "beta": -175.06,
            "gamma": 56.904,
            "delta": 78.068,
            "epsilon": -161.685,
            "zeta": -66.88,
            "epsilon_zeta": -94.805,
            "bb_type": "BI",
            "chi": -163.97,
            "glyco_bond": "anti",
            "C5prime_xyz": [
                -1.448,
                8.73,
                0.833
            ],
            "P_xyz": [
                1.105,
                9.231,
                1.249
            ],
            "form": "A",
            "ssZp": 4.575,
            "Dp": 4.662,
            "splay_angle": 24.542,
            "splay_distance": 3.984,
            "splay_ratio": 0.22,
            "eta": 170.579,
            "theta": -149.978,
            "eta_prime": -176.028,
            "theta_prime": -147.349,
            "eta_base": -135.334,
            "theta_base": -128.942,
            "v0": 5.003,
            "v1": -29.434,
            "v2": 40.191,
            "v3": -39.29,
            "v4": 21.889,
            "amplitude": 41.119,
            "phase_angle": 12.199,
            "puckering": "C3'-endo",
            "sugar_class": "~C3'-endo",
            "bin": "33p",
            "cluster": "1a",
            "suiteness": 0.831,
            "filter_rmsd": 0.01,
            "frame": {
                "rmsd": 0.01,
                "origin": [
                    -1.884,
                    6.061,
                    -3.658
                ],
                "x_axis": [
                    0.333,
                    -0.17,
                    0.928
                ],
                "y_axis": [
                    -0.941,
                    0.007,
                    0.339
                ],
                "z_axis": [
                    -0.064,
                    -0.985,
                    -0.157
                ],
                "quaternion": [
                    0.544,
                    0.609,
                    -0.456,
                    0.354
                ]
            },
            "sse": {
                "sse": null
            },
            "binding_protein": null,
            "binding_ion": "G0B",
            "binding_small-molecule": true,
            "TotalAsa": 195.23366706571116,
            "PolarAsa": 155.00845201035773,
            "ApolarAsa": 40.225215055353424,
            "id": "2juk.A.15"
        },
        {
            "index": 16,
            "index_chain": 16,
            "chain_name": "A",
            "nt_resnum": 16,
            "nt_name": "G",
            "nt_code": "G",
            "nt_id": "A.G16",
            "nt_type": "RNA",
            "dbn": ")",
            "summary": "anti,~C3'-endo,BI,canonical,non-pair-contact,helix,stem",
            "alpha": -73.942,
            "beta": -175.275,
            "gamma": 58.524,
            "delta": 77.303,
            "epsilon": -166.233,
            "zeta": -67.548,
            "epsilon_zeta": -98.685,
            "bb_type": "BI",
            "chi": -155.651,
            "glyco_bond": "anti",
            "C5prime_xyz": [
                -1.576,
                8.856,
                0.358
            ],
            "P_xyz": [
                0.971,
                9.517,
                0.546
            ],
            "form": "A",
            "ssZp": 4.396,
            "Dp": 4.594,
            "splay_angle": 20.459,
            "splay_distance": 3.234,
            "splay_ratio": 0.179,
            "eta": 172.278,
            "theta": -154.178,
            "eta_prime": -177.35,
            "theta_prime": -151.601,
            "eta_base": -148.397,
            "theta_base": -128.006,
            "v0": 1.234,
            "v1": -25.777,
            "v2": 38.03,
            "v3": -39.355,
            "v4": 24.306,
            "amplitude": 39.851,
            "phase_angle": 17.387,
            "puckering": "C3'-endo",
            "sugar_class": "~C3'-endo",
            "bin": "33p",
            "cluster": "1a",
            "suiteness": 0.783,
            "filter_rmsd": 0.01,
            "frame": {
                "rmsd": 0.01,
                "origin": [
                    0.195,
                    2.722,
                    -4.291
                ],
                "x_axis": [
                    -0.14,
                    -0.05,
                    0.989
                ],
                "y_axis": [
                    -0.99,
                    -0.006,
                    -0.141
                ],
                "z_axis": [
                    0.013,
                    -0.999,
                    -0.048
                ],
                "quaternion": [
                    -0.449,
                    -0.478,
                    0.544,
                    -0.524
                ]
            },
            "sse": {
                "sse": null
            },
            "binding_protein": null,
            "binding_ion": "G0B",
            "binding_small-molecule": true,
            "TotalAsa": 184.4279577084332,
            "PolarAsa": 142.4957907568039,
            "ApolarAsa": 41.93216695162933,
            "id": "2juk.A.16"
        },
        {
            "index": 17,
            "index_chain": 17,
            "chain_name": "A",
            "nt_resnum": 17,
            "nt_name": "A",
            "nt_code": "A",
            "nt_id": "A.A17",
            "nt_type": "RNA",
            "dbn": ")",
            "summary": "anti,~C3'-endo,BI,canonical,non-pair-contact,helix,stem",
            "alpha": -72.737,
            "beta": -178.241,
            "gamma": 57.268,
            "delta": 79.364,
            "epsilon": -171.069,
            "zeta": -75.373,
            "epsilon_zeta": -95.695,
            "bb_type": "BI",
            "chi": -140.122,
            "glyco_bond": "anti",
            "C5prime_xyz": [
                -1.469,
                8.676,
                -0.462
            ],
            "P_xyz": [
                1.1,
                9.125,
                -0.841
            ],
            "form": "A",
            "ssZp": 3.986,
            "Dp": 4.57,
            "splay_angle": 19.305,
            "splay_distance": 3.036,
            "splay_ratio": 0.168,
            "eta": 171.223,
            "theta": -163.234,
            "eta_prime": -177.483,
            "theta_prime": -164.621,
            "eta_base": -144.186,
            "theta_base": -158.651,
            "v0": 6.615,
            "v1": -29.42,
            "v2": 38.556,
            "v3": -36.572,
            "v4": 19.26,
            "amplitude": 39.089,
            "phase_angle": 9.472,
            "puckering": "C3'-endo",
            "sugar_class": "~C3'-endo",
            "bin": "33p",
            "cluster": "1a",
            "suiteness": 0.741,
            "filter_rmsd": 0.043,
            "frame": {
                "rmsd": 0.02,
                "origin": [
                    1.359,
                    -0.212,
                    -3.585
                ],
                "x_axis": [
                    -0.596,
                    -0.067,
                    0.8
                ],
                "y_axis": [
                    -0.771,
                    -0.231,
                    -0.593
                ],
                "z_axis": [
                    0.225,
                    -0.971,
                    0.086
                ],
                "quaternion": [
                    0.255,
                    0.371,
                    -0.565,
                    0.691
                ]
            },
            "sse": {
                "sse": null
            },
            "binding_protein": null,
            "binding_ion": "G0B",
            "binding_small-molecule": true,
            "TotalAsa": 180.06037565578322,
            "PolarAsa": 136.21201057369345,
            "ApolarAsa": 43.848365082089764,
            "id": "2juk.A.17"
        },
        {
            "index": 18,
            "index_chain": 18,
            "chain_name": "A",
            "nt_resnum": 18,
            "nt_name": "A",
            "nt_code": "A",
            "nt_id": "A.A18",
            "nt_type": "RNA",
            "dbn": ")",
            "summary": "anti,~C3'-endo,BI,canonical,non-pair-contact,helix,stem",
            "alpha": -74.765,
            "beta": 171.355,
            "gamma": 61.208,
            "delta": 82.325,
            "epsilon": -160.389,
            "zeta": -62.696,
            "epsilon_zeta": -97.693,
            "bb_type": "BI",
            "chi": -138.228,
            "glyco_bond": "anti",
            "C5prime_xyz": [
                -1.431,
                8.594,
                -0.696
            ],
            "P_xyz": [
                1.031,
                8.737,
                -1.611
            ],
            "form": ".",
            "ssZp": 3.797,
            "Dp": 4.667,
            "splay_angle": 36.725,
            "splay_distance": 5.745,
            "splay_ratio": 0.315,
            "eta": 165.453,
            "theta": -139.145,
            "eta_prime": 174.442,
            "theta_prime": -140.866,
            "eta_base": -168.24,
            "theta_base": -116.862,
            "v0": 9.749,
            "v1": -32.764,
            "v2": 40.966,
            "v3": -37.084,
            "v4": 17.624,
            "amplitude": 41.157,
            "phase_angle": 5.525,
            "puckering": "C3'-endo",
            "sugar_class": "~C3'-endo",
            "bin": "33p",
            "cluster": "1a",
            "suiteness": 0.614,
            "filter_rmsd": 0.042,
            "frame": {
                "rmsd": 0.014,
                "origin": [
                    2.997,
                    -2.758,
                    -3.357
                ],
                "x_axis": [
                    -0.782,
                    -0.148,
                    0.605
                ],
                "y_axis": [
                    -0.475,
                    -0.486,
                    -0.733
                ],
                "z_axis": [
                    0.403,
                    -0.861,
                    0.31
                ],
                "quaternion": [
                    0.102,
                    0.314,
                    -0.496,
                    0.803
                ]
            },
            "sse": {
                "sse": null
            },
            "binding_protein": null,
            "binding_ion": "G0B",
            "binding_small-molecule": null,
            "TotalAsa": 193.54973136653678,
            "PolarAsa": 137.96241597390588,
            "ApolarAsa": 55.58731539263085,
            "id": "2juk.A.18"
        },
        {
            "index": 19,
            "index_chain": 19,
            "chain_name": "A",
            "nt_resnum": 19,
            "nt_name": "G",
            "nt_code": "G",
            "nt_id": "A.G19",
            "nt_type": "RNA",
            "dbn": ")",
            "summary": "anti,~C3'-endo,BI,canonical,non-pair-contact,helix,stem",
            "alpha": -76.391,
            "beta": -172.892,
            "gamma": 55.329,
            "delta": 78.066,
            "epsilon": -157.508,
            "zeta": -67.631,
            "epsilon_zeta": -89.877,
            "bb_type": "BI",
            "chi": -174.493,
            "glyco_bond": "anti",
            "C5prime_xyz": [
                -1.454,
                8.521,
                1.476
            ],
            "P_xyz": [
                1.041,
                8.822,
                2.286
            ],
            "form": "A",
            "ssZp": 4.73,
            "Dp": 4.704,
            "splay_angle": 28.187,
            "splay_distance": 4.394,
            "splay_ratio": 0.25,
            "eta": 168.684,
            "theta": -148.241,
            "eta_prime": -179.212,
            "theta_prime": -143.175,
            "eta_base": -138.499,
            "theta_base": -119.53,
            "v0": 5.868,
            "v1": -29.686,
            "v2": 39.852,
            "v3": -38.469,
            "v4": 20.821,
            "amplitude": 40.592,
            "phase_angle": 10.953,
            "puckering": "C3'-endo",
            "sugar_class": "~C3'-endo",
            "bin": "33p",
            "cluster": "1a",
            "suiteness": 0.768,
            "filter_rmsd": 0.01,
            "frame": {
                "rmsd": 0.01,
                "origin": [
                    2.443,
                    -7.53,
                    -0.205
                ],
                "x_axis": [
                    -0.954,
                    0.266,
                    -0.137
                ],
                "y_axis": [
                    0.134,
                    -0.027,
                    -0.991
                ],
                "z_axis": [
                    -0.268,
                    -0.963,
                    -0.01
                ],
                "quaternion": [
                    0.047,
                    -0.144,
                    -0.696,
                    0.702
                ]
            },
            "sse": {
                "sse": null
            },
            "binding_protein": null,
            "binding_ion": "G0B",
            "binding_small-molecule": null,
            "TotalAsa": 185.8279975964104,
            "PolarAsa": 141.1311033900184,
            "ApolarAsa": 44.696894206392,
            "id": "2juk.A.19"
        },
        {
            "index": 2,
            "index_chain": 2,
            "chain_name": "A",
            "nt_resnum": 2,
            "nt_name": "G",
            "nt_code": "G",
            "nt_id": "A.G2",
            "nt_type": "RNA",
            "dbn": "(",
            "summary": "anti,~C3'-endo,BI,canonical,non-pair-contact,helix,stem",
            "alpha": -72.135,
            "beta": 176.006,
            "gamma": 60.037,
            "delta": 79.301,
            "epsilon": -167.048,
            "zeta": -65.784,
            "epsilon_zeta": -101.263,
            "bb_type": "BI",
            "chi": -145.867,
            "glyco_bond": "anti",
            "C5prime_xyz": [
                -1.494,
                8.823,
                -0.265
            ],
            "P_xyz": [
                1.058,
                9.327,
                -0.67
            ],
            "form": "A",
            "ssZp": 4.084,
            "Dp": 4.598,
            "splay_angle": 17.262,
            "splay_distance": 2.783,
            "splay_ratio": 0.151,
            "eta": 169.527,
            "theta": -150.39,
            "eta_prime": -178.868,
            "theta_prime": -151.67,
            "eta_base": -153.429,
            "theta_base": -128.286,
            "v0": 4.107,
            "v1": -27.946,
            "v2": 38.672,
            "v3": -38.188,
            "v4": 21.855,
            "amplitude": 39.727,
            "phase_angle": 13.234,
            "puckering": "C3'-endo",
            "sugar_class": "~C3'-endo",
            "bin": "33p",
            "cluster": "1a",
            "suiteness": 0.726,
            "filter_rmsd": 0.011,
            "frame": {
                "rmsd": 0.011,
                "origin": [
                    -2.384,
                    -13.098,
                    2.768
                ],
                "x_axis": [
                    -0.221,
                    0.291,
                    -0.931
                ],
                "y_axis": [
                    -0.717,
                    0.599,
                    0.358
                ],
                "z_axis": [
                    0.661,
                    0.746,
                    0.076
                ],
                "quaternion": [
                    0.603,
                    -0.161,
                    0.66,
                    0.418
                ]
            },
            "sse": {
                "sse": null
            },
            "binding_protein": null,
            "binding_ion": "G0B",
            "binding_small-molecule": null,
            "TotalAsa": 190.83844460055056,
            "PolarAsa": 146.82959627196527,
            "ApolarAsa": 44.008848328585294,
            "id": "2juk.A.2"
        },
        {
            "index": 20,
            "index_chain": 20,
            "chain_name": "A",
            "nt_resnum": 20,
            "nt_name": "G",
            "nt_code": "G",
            "nt_id": "A.G20",
            "nt_type": "RNA",
            "dbn": ")",
            "summary": "anti,~C3'-endo,BI,canonical,non-pair-contact,helix,stem",
            "alpha": -72.682,
            "beta": -169.735,
            "gamma": 55.273,
            "delta": 80.438,
            "epsilon": -157.056,
            "zeta": -64.474,
            "epsilon_zeta": -92.581,
            "bb_type": "BI",
            "chi": -164.529,
            "glyco_bond": "anti",
            "C5prime_xyz": [
                -1.437,
                8.71,
                0.768
            ],
            "P_xyz": [
                1.053,
                9.114,
                1.536
            ],
            "form": "A",
            "ssZp": 4.441,
            "Dp": 4.664,
            "splay_angle": 23.18,
            "splay_distance": 3.842,
            "splay_ratio": 0.208,
            "eta": 175.087,
            "theta": -141.845,
            "eta_prime": -175.94,
            "theta_prime": -139.66,
            "eta_base": -143.655,
            "theta_base": -118.867,
            "v0": 5.429,
            "v1": -28.34,
            "v2": 38.106,
            "v3": -36.905,
            "v4": 20.093,
            "amplitude": 38.846,
            "phase_angle": 11.203,
            "puckering": "C3'-endo",
            "sugar_class": "~C3'-endo",
            "bin": "33p",
            "cluster": "1a",
            "suiteness": 0.815,
            "filter_rmsd": 0.017,
            "frame": {
                "rmsd": 0.017,
                "origin": [
                    0.37,
                    -10.749,
                    1.952
                ],
                "x_axis": [
                    -0.674,
                    0.363,
                    -0.644
                ],
                "y_axis": [
                    0.643,
                    -0.143,
                    -0.753
                ],
                "z_axis": [
                    -0.365,
                    -0.921,
                    -0.137
                ],
                "quaternion": [
                    -0.108,
                    -0.389,
                    -0.646,
                    0.648
                ]
            },
            "sse": {
                "sse": null
            },
            "binding_protein": null,
            "binding_ion": null,
            "binding_small-molecule": null,
            "TotalAsa": 176.20903507303376,
            "PolarAsa": 135.7111215979409,
            "ApolarAsa": 40.4979134750929,
            "id": "2juk.A.20"
        },
        {
            "index": 21,
            "index_chain": 21,
            "chain_name": "A",
            "nt_resnum": 21,
            "nt_name": "C",
            "nt_code": "C",
            "nt_id": "A.C21",
            "nt_type": "RNA",
            "dbn": ")",
            "summary": "anti,~C3'-endo,BI,canonical,non-pair-contact,helix,stem",
            "alpha": -77.255,
            "beta": -174.065,
            "gamma": 54.81,
            "delta": 74.373,
            "epsilon": -166.73,
            "zeta": -72.569,
            "epsilon_zeta": -94.161,
            "bb_type": "BI",
            "chi": -153.266,
            "glyco_bond": "anti",
            "C5prime_xyz": [
                -1.634,
                8.899,
                0.169
            ],
            "P_xyz": [
                0.871,
                9.695,
                0.4
            ],
            "form": "A",
            "ssZp": 4.316,
            "Dp": 4.616,
            "splay_angle": 14.808,
            "splay_distance": 2.376,
            "splay_ratio": 0.13,
            "eta": 165.733,
            "theta": -162.491,
            "eta_prime": 177.551,
            "theta_prime": -161.348,
            "eta_base": -149.303,
            "theta_base": -145.037,
            "v0": -0.88,
            "v1": -25.772,
            "v2": 39.642,
            "v3": -42.38,
            "v4": 27.781,
            "amplitude": 42.283,
            "phase_angle": 20.357,
            "puckering": "C3'-endo",
            "sugar_class": "~C3'-endo",
            "bin": "33p",
            "cluster": "1a",
            "suiteness": 0.743,
            "filter_rmsd": 0.063,
            "frame": {
                "rmsd": 0.006,
                "origin": [
                    -2.676,
                    -13.053,
                    2.371
                ],
                "x_axis": [
                    -0.193,
                    0.367,
                    -0.91
                ],
                "y_axis": [
                    0.851,
                    -0.398,
                    -0.342
                ],
                "z_axis": [
                    -0.488,
                    -0.841,
                    -0.236
                ],
                "quaternion": [
                    0.208,
                    0.6,
                    0.508,
                    -0.582
                ]
            },
            "sse": {
                "sse": null
            },
            "binding_protein": null,
            "binding_ion": null,
            "binding_small-molecule": null,
            "TotalAsa": 168.26243498808932,
            "PolarAsa": 116.32492297249652,
            "ApolarAsa": 51.937512015592795,
            "id": "2juk.A.21"
        },
        {
            "index": 22,
            "index_chain": 22,
            "chain_name": "A",
            "nt_resnum": 22,
            "nt_name": "C",
            "nt_code": "C",
            "nt_id": "A.C22",
            "nt_type": "RNA",
            "dbn": ")",
            "summary": "anti,~C3'-endo,canonical,non-pair-contact,helix-end,stem-end",
            "alpha": -71.949,
            "beta": 165.867,
            "gamma": 63.763,
            "delta": 80.316,
            "epsilon": null,
            "zeta": null,
            "epsilon_zeta": null,
            "bb_type": "--",
            "chi": -143.776,
            "glyco_bond": "anti",
            "C5prime_xyz": [
                -1.491,
                8.824,
                -0.397
            ],
            "P_xyz": [
                0.958,
                9.158,
                -1.291
            ],
            "form": "-",
            "ssZp": null,
            "Dp": null,
            "splay_angle": null,
            "splay_distance": null,
            "splay_ratio": null,
            "eta": null,
            "theta": null,
            "eta_prime": null,
            "theta_prime": null,
            "eta_base": null,
            "theta_base": null,
            "v0": 2.311,
            "v1": -26.387,
            "v2": 37.976,
            "v3": -38.53,
            "v4": 23.171,
            "amplitude": 39.461,
            "phase_angle": 15.768,
            "puckering": "C3'-endo",
            "sugar_class": "~C3'-endo",
            "bin": "33p",
            "cluster": "1a",
            "suiteness": 0.615,
            "filter_rmsd": 0.064,
            "frame": {
                "rmsd": 0.006,
                "origin": [
                    -4.694,
                    -14.307,
                    2.335
                ],
                "x_axis": [
                    0.05,
                    0.092,
                    -0.995
                ],
                "y_axis": [
                    0.622,
                    -0.782,
                    -0.041
                ],
                "z_axis": [
                    -0.782,
                    -0.616,
                    -0.096
                ],
                "quaternion": [
                    0.207,
                    0.694,
                    0.257,
                    -0.64
                ]
            },
            "sse": {
                "sse": null
            },
            "binding_protein": null,
            "binding_ion": null,
            "binding_small-molecule": null,
            "TotalAsa": 278.2404592403079,
            "PolarAsa": 181.76773774463632,
            "ApolarAsa": 96.47272149567162,
            "id": "2juk.A.22"
        },
        {
            "index": 3,
            "index_chain": 3,
            "chain_name": "A",
            "nt_resnum": 3,
            "nt_name": "C",
            "nt_code": "C",
            "nt_id": "A.C3",
            "nt_type": "RNA",
            "dbn": "(",
            "summary": "anti,~C3'-endo,BI,canonical,non-pair-contact,helix,stem",
            "alpha": -72.763,
            "beta": 173.823,
            "gamma": 59.871,
            "delta": 79.839,
            "epsilon": -160.375,
            "zeta": -67.125,
            "epsilon_zeta": -93.251,
            "bb_type": "BI",
            "chi": -139.628,
            "glyco_bond": "anti",
            "C5prime_xyz": [
                -1.486,
                8.8,
                -0.596
            ],
            "P_xyz": [
                1.037,
                9.222,
                -1.249
            ],
            "form": "A",
            "ssZp": 3.831,
            "Dp": 4.618,
            "splay_angle": 25.818,
            "splay_distance": 4.19,
            "splay_ratio": 0.224,
            "eta": 167.896,
            "theta": -145.73,
            "eta_prime": -178.925,
            "theta_prime": -145.219,
            "eta_base": -141.791,
            "theta_base": -120.89,
            "v0": 2.437,
            "v1": -26.165,
            "v2": 37.532,
            "v3": -37.874,
            "v4": 22.713,
            "amplitude": 38.944,
            "phase_angle": 15.477,
            "puckering": "C3'-endo",
            "sugar_class": "~C3'-endo",
            "bin": "33p",
            "cluster": "1a",
            "suiteness": 0.721,
            "filter_rmsd": 0.064,
            "frame": {
                "rmsd": 0.006,
                "origin": [
                    -0.301,
                    -11.505,
                    1.838
                ],
                "x_axis": [
                    -0.535,
                    0.517,
                    -0.668
                ],
                "y_axis": [
                    -0.315,
                    0.611,
                    0.726
                ],
                "z_axis": [
                    0.784,
                    0.599,
                    -0.164
                ],
                "quaternion": [
                    0.477,
                    0.067,
                    0.76,
                    0.436
                ]
            },
            "sse": {
                "sse": null
            },
            "binding_protein": null,
            "binding_ion": "G0B",
            "binding_small-molecule": true,
            "TotalAsa": 176.16054225106603,
            "PolarAsa": 126.13811724969446,
            "ApolarAsa": 50.02242500137152,
            "id": "2juk.A.3"
        },
        {
            "index": 4,
            "index_chain": 4,
            "chain_name": "A",
            "nt_resnum": 4,
            "nt_name": "C",
            "nt_code": "C",
            "nt_id": "A.C4",
            "nt_type": "RNA",
            "dbn": "(",
            "summary": "anti,~C3'-endo,BI,canonical,non-pair-contact,helix,stem,phosphate",
            "alpha": -73.448,
            "beta": 175.423,
            "gamma": 62.462,
            "delta": 82.394,
            "epsilon": -156.848,
            "zeta": -59.785,
            "epsilon_zeta": -97.064,
            "bb_type": "BI",
            "chi": -149.665,
            "glyco_bond": "anti",
            "C5prime_xyz": [
                -1.532,
                8.856,
                -0.083
            ],
            "P_xyz": [
                1.036,
                9.385,
                -0.397
            ],
            "form": ".",
            "ssZp": 4.139,
            "Dp": 4.599,
            "splay_angle": 34.31,
            "splay_distance": 5.78,
            "splay_ratio": 0.299,
            "eta": 170.341,
            "theta": -134.197,
            "eta_prime": -174.999,
            "theta_prime": -135.059,
            "eta_base": -137.928,
            "theta_base": -117.004,
            "v0": 1.053,
            "v1": -24.34,
            "v2": 35.972,
            "v3": -37.081,
            "v4": 23.04,
            "amplitude": 37.7,
            "phase_angle": 17.415,
            "puckering": "C3'-endo",
            "sugar_class": "~C3'-endo",
            "bin": "33p",
            "cluster": "1a",
            "suiteness": 0.774,
            "filter_rmsd": 0.064,
            "frame": {
                "rmsd": 0.007,
                "origin": [
                    1.689,
                    -8.527,
                    -0.336
                ],
                "x_axis": [
                    -0.832,
                    0.537,
                    -0.138
                ],
                "y_axis": [
                    0.057,
                    0.331,
                    0.942
                ],
                "z_axis": [
                    0.551,
                    0.776,
                    -0.306
                ],
                "quaternion": [
                    0.219,
                    0.189,
                    0.786,
                    0.547
                ]
            },
            "sse": {
                "sse": null
            },
            "binding_protein": null,
            "binding_ion": "G0B",
            "binding_small-molecule": true,
            "TotalAsa": 171.53345299597342,
            "PolarAsa": 123.41977358630959,
            "ApolarAsa": 48.113679409663796,
            "id": "2juk.A.4"
        },
        {
            "index": 5,
            "index_chain": 5,
            "chain_name": "A",
            "nt_resnum": 5,
            "nt_name": "U",
            "nt_code": "U",
            "nt_id": "A.U5",
            "nt_type": "RNA",
            "dbn": "(",
            "summary": "anti,~C3'-endo,BI,canonical,non-pair-contact,helix,stem,phosphate",
            "alpha": -76.407,
            "beta": -173.994,
            "gamma": 59.414,
            "delta": 78.45,
            "epsilon": -162.836,
            "zeta": -61.206,
            "epsilon_zeta": -101.629,
            "bb_type": "BI",
            "chi": -169.136,
            "glyco_bond": "anti",
            "C5prime_xyz": [
                -2.252,
                8.884,
                0.788
            ],
            "P_xyz": [
                -0.077,
                10.001,
                1.778
            ],
            "form": "A",
            "ssZp": 4.207,
            "Dp": 4.371,
            "splay_angle": 22.708,
            "splay_distance": 3.861,
            "splay_ratio": 0.203,
            "eta": 171.857,
            "theta": -145.293,
            "eta_prime": -173.405,
            "theta_prime": -144.262,
            "eta_base": -141.055,
            "theta_base": -112.714,
            "v0": -10.259,
            "v1": -15.288,
            "v2": 32.269,
            "v3": -39.875,
            "v4": 32.178,
            "amplitude": 38.93,
            "phase_angle": 34.014,
            "puckering": "C3'-endo",
            "sugar_class": "~C3'-endo",
            "bin": "33p",
            "cluster": "1a",
            "suiteness": 0.76,
            "filter_rmsd": 0.1,
            "frame": {
                "rmsd": 0.024,
                "origin": [
                    2.443,
                    -3.564,
                    -3.2
                ],
                "x_axis": [
                    -0.913,
                    0.088,
                    0.398
                ],
                "y_axis": [
                    0.371,
                    -0.226,
                    0.901
                ],
                "z_axis": [
                    0.17,
                    0.97,
                    0.173
                ],
                "quaternion": [
                    -0.093,
                    0.187,
                    0.615,
                    0.76
                ]
            },
            "sse": {
                "sse": null
            },
            "binding_protein": null,
            "binding_ion": "G0B",
            "binding_small-molecule": true,
            "TotalAsa": 165.2272514973777,
            "PolarAsa": 118.73745762628322,
            "ApolarAsa": 46.48979387109447,
            "id": "2juk.A.5"
        },
        {
            "index": 6,
            "index_chain": 6,
            "chain_name": "A",
            "nt_resnum": 6,
            "nt_name": "U",
            "nt_code": "U",
            "nt_id": "A.U6",
            "nt_type": "RNA",
            "dbn": "(",
            "summary": "anti,~C3'-endo,BI,canonical,non-pair-contact,helix,stem,phosphate",
            "alpha": -85.843,
            "beta": -174.236,
            "gamma": 52.85,
            "delta": 73.205,
            "epsilon": -170.983,
            "zeta": -67.003,
            "epsilon_zeta": -103.98,
            "bb_type": "BI",
            "chi": -155.162,
            "glyco_bond": "anti",
            "C5prime_xyz": [
                -1.905,
                8.913,
                0.097
            ],
            "P_xyz": [
                0.475,
                9.964,
                0.496
            ],
            "form": "A",
            "ssZp": 4.21,
            "Dp": 4.562,
            "splay_angle": 14.13,
            "splay_distance": 2.414,
            "splay_ratio": 0.13,
            "eta": 155.597,
            "theta": -162.278,
            "eta_prime": 169.134,
            "theta_prime": -161.684,
            "eta_base": -145.249,
            "theta_base": -145.357,
            "v0": -3.493,
            "v1": -24.035,
            "v2": 39.587,
            "v3": -43.659,
            "v4": 30.073,
            "amplitude": 43.195,
            "phase_angle": 23.585,
            "puckering": "C3'-endo",
            "sugar_class": "~C3'-endo",
            "bin": "33p",
            "cluster": "1a",
            "suiteness": 0.507,
            "filter_rmsd": 0.101,
            "frame": {
                "rmsd": 0.021,
                "origin": [
                    1.353,
                    0.116,
                    -3.618
                ],
                "x_axis": [
                    -0.533,
                    -0.179,
                    0.827
                ],
                "y_axis": [
                    0.843,
                    -0.189,
                    0.503
                ],
                "z_axis": [
                    0.067,
                    0.965,
                    0.252
                ],
                "quaternion": [
                    -0.364,
                    0.318,
                    0.522,
                    0.703
                ]
            },
            "sse": {
                "sse": null
            },
            "binding_protein": null,
            "binding_ion": "G0B",
            "binding_small-molecule": true,
            "TotalAsa": 171.03182525838625,
            "PolarAsa": 116.57270654740906,
            "ApolarAsa": 54.45911871097719,
            "id": "2juk.A.6"
        },
        {
            "index": 7,
            "index_chain": 7,
            "chain_name": "A",
            "nt_resnum": 7,
            "nt_name": "C",
            "nt_code": "C",
            "nt_id": "A.C7",
            "nt_type": "RNA",
            "dbn": "(",
            "summary": "anti,~C3'-endo,BI,canonical,non-pair-contact,helix,stem",
            "alpha": -70.207,
            "beta": 170.615,
            "gamma": 62.504,
            "delta": 74.568,
            "epsilon": -169.993,
            "zeta": -68.725,
            "epsilon_zeta": -101.268,
            "bb_type": "BI",
            "chi": -140.484,
            "glyco_bond": "anti",
            "C5prime_xyz": [
                -1.705,
                8.885,
                -0.616
            ],
            "P_xyz": [
                0.719,
                9.539,
                -1.386
            ],
            "form": "A",
            "ssZp": 3.832,
            "Dp": 4.559,
            "splay_angle": 20.733,
            "splay_distance": 3.377,
            "splay_ratio": 0.18,
            "eta": 169.344,
            "theta": -159.853,
            "eta_prime": -179.767,
            "theta_prime": -161.982,
            "eta_base": -153.468,
            "theta_base": -147.208,
            "v0": -1.224,
            "v1": -25.072,
            "v2": 39.149,
            "v3": -41.713,
            "v4": 27.539,
            "amplitude": 41.837,
            "phase_angle": 20.648,
            "puckering": "C3'-endo",
            "sugar_class": "~C3'-endo",
            "bin": "33p",
            "cluster": "1a",
            "suiteness": 0.522,
            "filter_rmsd": 0.063,
            "frame": {
                "rmsd": 0.007,
                "origin": [
                    0.048,
                    2.128,
                    -3.899
                ],
                "x_axis": [
                    -0.185,
                    -0.065,
                    0.981
                ],
                "y_axis": [
                    0.943,
                    0.271,
                    0.196
                ],
                "z_axis": [
                    -0.278,
                    0.96,
                    0.011
                ],
                "quaternion": [
                    0.524,
                    -0.365,
                    -0.601,
                    -0.481
                ]
            },
            "sse": {
                "sse": null
            },
            "binding_protein": null,
            "binding_ion": "G0B",
            "binding_small-molecule": true,
            "TotalAsa": 182.85529995420558,
            "PolarAsa": 125.06494185787182,
            "ApolarAsa": 57.79035809633376,
            "id": "2juk.A.7"
        },
        {
            "index": 8,
            "index_chain": 8,
            "chain_name": "A",
            "nt_resnum": 8,
            "nt_name": "C",
            "nt_code": "C",
            "nt_id": "A.C8",
            "nt_type": "RNA",
            "dbn": "(",
            "summary": "anti,~C3'-endo,BI,canonical,non-pair-contact,helix,stem",
            "alpha": -70.367,
            "beta": 174.469,
            "gamma": 58.777,
            "delta": 77.304,
            "epsilon": -153.834,
            "zeta": -82.784,
            "epsilon_zeta": -71.049,
            "bb_type": "BI",
            "chi": -145.478,
            "glyco_bond": "anti",
            "C5prime_xyz": [
                -1.434,
                8.851,
                -0.298
            ],
            "P_xyz": [
                1.119,
                9.391,
                -0.614
            ],
            "form": ".",
            "ssZp": 3.96,
            "Dp": 4.656,
            "splay_angle": 34.984,
            "splay_distance": 5.51,
            "splay_ratio": 0.301,
            "eta": 171.228,
            "theta": -160.211,
            "eta_prime": 179.101,
            "theta_prime": -155.745,
            "eta_base": -156.33,
            "theta_base": -137.879,
            "v0": 1.208,
            "v1": -25.18,
            "v2": 37.128,
            "v3": -38.348,
            "v4": 23.715,
            "amplitude": 38.895,
            "phase_angle": 17.339,
            "puckering": "C3'-endo",
            "sugar_class": "~C3'-endo",
            "bin": "33p",
            "cluster": "1a",
            "suiteness": 0.627,
            "filter_rmsd": 0.064,
            "frame": {
                "rmsd": 0.006,
                "origin": [
                    -1.842,
                    4.923,
                    -3.767
                ],
                "x_axis": [
                    0.243,
                    -0.133,
                    0.961
                ],
                "y_axis": [
                    0.893,
                    0.418,
                    -0.167
                ],
                "z_axis": [
                    -0.38,
                    0.898,
                    0.22
                ],
                "quaternion": [
                    0.686,
                    -0.389,
                    -0.489,
                    -0.374
                ]
            },
            "sse": {
                "sse": null
            },
            "binding_protein": null,
            "binding_ion": "G0B",
            "binding_small-molecule": true,
            "TotalAsa": 162.19552329403385,
            "PolarAsa": 115.99695760357564,
            "ApolarAsa": 46.19856569045825,
            "id": "2juk.A.8"
        },
        {
            "index": 9,
            "index_chain": 9,
            "chain_name": "A",
            "nt_resnum": 9,
            "nt_name": "C",
            "nt_code": "C",
            "nt_id": "A.C9",
            "nt_type": "RNA",
            "dbn": "(",
            "summary": "anti,~C3'-endo,canonical,non-pair-contact,helix,stem-end,hairpin-loop,phosphate",
            "alpha": -81.916,
            "beta": -166.271,
            "gamma": 49.826,
            "delta": 85.836,
            "epsilon": -116.566,
            "zeta": -75.265,
            "epsilon_zeta": -41.301,
            "bb_type": "--",
            "chi": -168.794,
            "glyco_bond": "anti",
            "C5prime_xyz": [
                -1.059,
                8.498,
                1.182
            ],
            "P_xyz": [
                1.355,
                8.606,
                2.247
            ],
            "form": ".",
            "ssZp": 4.608,
            "Dp": 4.8,
            "splay_angle": 31.587,
            "splay_distance": 4.829,
            "splay_ratio": 0.274,
            "eta": 175.016,
            "theta": -117.146,
            "eta_prime": 172.542,
            "theta_prime": -113.873,
            "eta_base": -171.756,
            "theta_base": -60.681,
            "v0": 10.387,
            "v1": -29.084,
            "v2": 34.778,
            "v3": -30.3,
            "v4": 12.877,
            "amplitude": 34.798,
            "phase_angle": 1.983,
            "puckering": "C3'-endo",
            "sugar_class": "~C3'-endo",
            "bin": "33p",
            "cluster": "1a",
            "suiteness": 0.605,
            "filter_rmsd": 0.064,
            "frame": {
                "rmsd": 0.006,
                "origin": [
                    -4.149,
                    9.654,
                    -2.135
                ],
                "x_axis": [
                    0.614,
                    -0.703,
                    0.359
                ],
                "y_axis": [
                    0.673,
                    0.228,
                    -0.704
                ],
                "z_axis": [
                    0.413,
                    0.674,
                    0.613
                ],
                "quaternion": [
                    0.783,
                    -0.44,
                    0.017,
                    -0.439
                ]
            },
            "sse": {
                "sse": "hairpin_1"
            },
            "binding_protein": null,
            "binding_ion": "G0B",
            "binding_small-molecule": true,
            "TotalAsa": 152.1733614781494,
            "PolarAsa": 97.55044468901141,
            "ApolarAsa": 54.622916789137975,
            "id": "2juk.A.9"
        }
    ],
    "links": [
        {
            "LW": "B53",
            "backbone": true,
            "source": "2juk.A.1",
            "target": "2juk.A.2"
        },
        {
            "index": 1,
            "nt1": "A.G1",
            "nt2": "A.C22",
            "bp": "G-C",
            "name": "WC",
            "Saenger": "19-XIX",
            "LW": "cWW",
            "DSSR": "cW-W",
            "source": "2juk.A.1",
            "target": "2juk.A.22"
        },
        {
            "LW": "B53",
            "backbone": true,
            "source": "2juk.A.10",
            "target": "2juk.A.11"
        },
        {
            "LW": "B35",
            "backbone": true,
            "source": "2juk.A.10",
            "target": "2juk.A.9"
        },
        {
            "index": 10,
            "nt1": "A.A10",
            "nt2": "A.A13",
            "bp": "A-A",
            "name": "~Sheared",
            "Saenger": "--",
            "LW": "tSH",
            "DSSR": "tm-M",
            "source": "2juk.A.10",
            "target": "2juk.A.13"
        },
        {
            "LW": "B53",
            "backbone": true,
            "source": "2juk.A.11",
            "target": "2juk.A.12"
        },
        {
            "LW": "B35",
            "backbone": true,
            "source": "2juk.A.11",
            "target": "2juk.A.10"
        },
        {
            "LW": "B53",
            "backbone": true,
            "source": "2juk.A.12",
            "target": "2juk.A.13"
        },
        {
            "LW": "B35",
            "backbone": true,
            "source": "2juk.A.12",
            "target": "2juk.A.11"
        },
        {
            "LW": "B53",
            "backbone": true,
            "source": "2juk.A.13",
            "target": "2juk.A.14"
        },
        {
            "LW": "B35",
            "backbone": true,
            "source": "2juk.A.13",
            "target": "2juk.A.12"
        },
        {
            "index": 10,
            "nt1": "A.A13",
            "nt2": "A.A10",
            "bp": "A-A",
            "name": "~Sheared",
            "Saenger": "--",
            "LW": "tHS",
            "DSSR": "tm-M",
            "source": "2juk.A.13",
            "target": "2juk.A.10"
        },
        {
            "LW": "B53",
            "backbone": true,
            "source": "2juk.A.14",
            "target": "2juk.A.15"
        },
        {
            "LW": "B35",
            "backbone": true,
            "source": "2juk.A.14",
            "target": "2juk.A.13"
        },
        {
            "index": 9,
            "nt1": "A.G14",
            "nt2": "A.C9",
            "bp": "G-C",
            "name": "WC",
            "Saenger": "19-XIX",
            "LW": "cWW",
            "DSSR": "cW-W",
            "source": "2juk.A.14",
            "target": "2juk.A.9"
        },
        {
            "LW": "B53",
            "backbone": true,
            "source": "2juk.A.15",
            "target": "2juk.A.16"
        },
        {
            "LW": "B35",
            "backbone": true,
            "source": "2juk.A.15",
            "target": "2juk.A.14"
        },
        {
            "index": 8,
            "nt1": "A.G15",
            "nt2": "A.C8",
            "bp": "G-C",
            "name": "WC",
            "Saenger": "19-XIX",
            "LW": "cWW",
            "DSSR": "cW-W",
            "source": "2juk.A.15",
            "target": "2juk.A.8"
        },
        {
            "LW": "B53",
            "backbone": true,
            "source": "2juk.A.16",
            "target": "2juk.A.17"
        },
        {
            "LW": "B35",
            "backbone": true,
            "source": "2juk.A.16",
            "target": "2juk.A.15"
        },
        {
            "index": 7,
            "nt1": "A.G16",
            "nt2": "A.C7",
            "bp": "G-C",
            "name": "WC",
            "Saenger": "19-XIX",
            "LW": "cWW",
            "DSSR": "cW-W",
            "source": "2juk.A.16",
            "target": "2juk.A.7"
        },
        {
            "LW": "B53",
            "backbone": true,
            "source": "2juk.A.17",
            "target": "2juk.A.18"
        },
        {
            "LW": "B35",
            "backbone": true,
            "source": "2juk.A.17",
            "target": "2juk.A.16"
        },
        {
            "index": 6,
            "nt1": "A.A17",
            "nt2": "A.U6",
            "bp": "A-U",
            "name": "WC",
            "Saenger": "20-XX",
            "LW": "cWW",
            "DSSR": "cW-W",
            "source": "2juk.A.17",
            "target": "2juk.A.6"
        },
        {
            "LW": "B53",
            "backbone": true,
            "source": "2juk.A.18",
            "target": "2juk.A.19"
        },
        {
            "LW": "B35",
            "backbone": true,
            "source": "2juk.A.18",
            "target": "2juk.A.17"
        },
        {
            "index": 5,
            "nt1": "A.A18",
            "nt2": "A.U5",
            "bp": "A-U",
            "name": "WC",
            "Saenger": "20-XX",
            "LW": "cWW",
            "DSSR": "cW-W",
            "source": "2juk.A.18",
            "target": "2juk.A.5"
        },
        {
            "LW": "B53",
            "backbone": true,
            "source": "2juk.A.19",
            "target": "2juk.A.20"
        },
        {
            "LW": "B35",
            "backbone": true,
            "source": "2juk.A.19",
            "target": "2juk.A.18"
        },
        {
            "index": 4,
            "nt1": "A.G19",
            "nt2": "A.C4",
            "bp": "G-C",
            "name": "WC",
            "Saenger": "19-XIX",
            "LW": "cWW",
            "DSSR": "cW-W",
            "source": "2juk.A.19",
            "target": "2juk.A.4"
        },
        {
            "LW": "B53",
            "backbone": true,
            "source": "2juk.A.2",
            "target": "2juk.A.3"
        },
        {
            "LW": "B35",
            "backbone": true,
            "source": "2juk.A.2",
            "target": "2juk.A.1"
        },
        {
            "index": 2,
            "nt1": "A.G2",
            "nt2": "A.C21",
            "bp": "G-C",
            "name": "WC",
            "Saenger": "19-XIX",
            "LW": "cWW",
            "DSSR": "cW-W",
            "source": "2juk.A.2",
            "target": "2juk.A.21"
        },
        {
            "LW": "B53",
            "backbone": true,
            "source": "2juk.A.20",
            "target": "2juk.A.21"
        },
        {
            "LW": "B35",
            "backbone": true,
            "source": "2juk.A.20",
            "target": "2juk.A.19"
        },
        {
            "index": 3,
            "nt1": "A.G20",
            "nt2": "A.C3",
            "bp": "G-C",
            "name": "WC",
            "Saenger": "19-XIX",
            "LW": "cWW",
            "DSSR": "cW-W",
            "source": "2juk.A.20",
            "target": "2juk.A.3"
        },
        {
            "LW": "B53",
            "backbone": true,
            "source": "2juk.A.21",
            "target": "2juk.A.22"
        },
        {
            "LW": "B35",
            "backbone": true,
            "source": "2juk.A.21",
            "target": "2juk.A.20"
        },
        {
            "index": 2,
            "nt1": "A.C21",
            "nt2": "A.G2",
            "bp": "C-G",
            "name": "WC",
            "Saenger": "19-XIX",
            "LW": "cWW",
            "DSSR": "cW-W",
            "source": "2juk.A.21",
            "target": "2juk.A.2"
        },
        {
            "LW": "B35",
            "backbone": true,
            "source": "2juk.A.22",
            "target": "2juk.A.21"
        },
        {
            "index": 1,
            "nt1": "A.C22",
            "nt2": "A.G1",
            "bp": "C-G",
            "name": "WC",
            "Saenger": "19-XIX",
            "LW": "cWW",
            "DSSR": "cW-W",
            "source": "2juk.A.22",
            "target": "2juk.A.1"
        },
        {
            "LW": "B53",
            "backbone": true,
            "source": "2juk.A.3",
            "target": "2juk.A.4"
        },
        {
            "LW": "B35",
            "backbone": true,
            "source": "2juk.A.3",
            "target": "2juk.A.2"
        },
        {
            "index": 3,
            "nt1": "A.C3",
            "nt2": "A.G20",
            "bp": "C-G",
            "name": "WC",
            "Saenger": "19-XIX",
            "LW": "cWW",
            "DSSR": "cW-W",
            "source": "2juk.A.3",
            "target": "2juk.A.20"
        },
        {
            "LW": "B53",
            "backbone": true,
            "source": "2juk.A.4",
            "target": "2juk.A.5"
        },
        {
            "LW": "B35",
            "backbone": true,
            "source": "2juk.A.4",
            "target": "2juk.A.3"
        },
        {
            "index": 4,
            "nt1": "A.C4",
            "nt2": "A.G19",
            "bp": "C-G",
            "name": "WC",
            "Saenger": "19-XIX",
            "LW": "cWW",
            "DSSR": "cW-W",
            "source": "2juk.A.4",
            "target": "2juk.A.19"
        },
        {
            "LW": "B53",
            "backbone": true,
            "source": "2juk.A.5",
            "target": "2juk.A.6"
        },
        {
            "LW": "B35",
            "backbone": true,
            "source": "2juk.A.5",
            "target": "2juk.A.4"
        },
        {
            "index": 5,
            "nt1": "A.U5",
            "nt2": "A.A18",
            "bp": "U-A",
            "name": "WC",
            "Saenger": "20-XX",
            "LW": "cWW",
            "DSSR": "cW-W",
            "source": "2juk.A.5",
            "target": "2juk.A.18"
        },
        {
            "LW": "B53",
            "backbone": true,
            "source": "2juk.A.6",
            "target": "2juk.A.7"
        },
        {
            "LW": "B35",
            "backbone": true,
            "source": "2juk.A.6",
            "target": "2juk.A.5"
        },
        {
            "index": 6,
            "nt1": "A.U6",
            "nt2": "A.A17",
            "bp": "U-A",
            "name": "WC",
            "Saenger": "20-XX",
            "LW": "cWW",
            "DSSR": "cW-W",
            "source": "2juk.A.6",
            "target": "2juk.A.17"
        },
        {
            "LW": "B53",
            "backbone": true,
            "source": "2juk.A.7",
            "target": "2juk.A.8"
        },
        {
            "LW": "B35",
            "backbone": true,
            "source": "2juk.A.7",
            "target": "2juk.A.6"
        },
        {
            "index": 7,
            "nt1": "A.C7",
            "nt2": "A.G16",
            "bp": "C-G",
            "name": "WC",
            "Saenger": "19-XIX",
            "LW": "cWW",
            "DSSR": "cW-W",
            "source": "2juk.A.7",
            "target": "2juk.A.16"
        },
        {
            "LW": "B53",
            "backbone": true,
            "source": "2juk.A.8",
            "target": "2juk.A.9"
        },
        {
            "LW": "B35",
            "backbone": true,
            "source": "2juk.A.8",
            "target": "2juk.A.7"
        },
        {
            "index": 8,
            "nt1": "A.C8",
            "nt2": "A.G15",
            "bp": "C-G",
            "name": "WC",
            "Saenger": "19-XIX",
            "LW": "cWW",
            "DSSR": "cW-W",
            "source": "2juk.A.8",
            "target": "2juk.A.15"
        },
        {
            "LW": "B53",
            "backbone": true,
            "source": "2juk.A.9",
            "target": "2juk.A.10"
        },
        {
            "LW": "B35",
            "backbone": true,
            "source": "2juk.A.9",
            "target": "2juk.A.8"
        },
        {
            "index": 9,
            "nt1": "A.C9",
            "nt2": "A.G14",
            "bp": "C-G",
            "name": "WC",
            "Saenger": "19-XIX",
            "LW": "cWW",
            "DSSR": "cW-W",
            "source": "2juk.A.9",
            "target": "2juk.A.14"
        }
    ]
}