{
    "directed": true,
    "multigraph": false,
    "graph": {
        "dbn": {
            "all_chains": {
                "num_nts": 22,
                "num_chars": 22,
                "bseq": "GGCCUUCCCACAAGGGAAGGCC",
                "sstr": "(((((((((....)))))))))",
                "form": "AAA.AAA....B.AAAA.AAA-"
            },
            "single_chains": {
                "m1_chain_A": {
                    "num_nts": 22,
                    "num_chars": 22,
                    "bseq": "GGCCUUCCCACAAGGGAAGGCC",
                    "sstr": "(((((((((....)))))))))",
                    "form": "AAA.AAA....B.AAAA.AAA-"
                }
            }
        },
        "resolution_low": null,
        "resolution_high": null
    },
    "nodes": [
        {
            "index": 1,
            "index_chain": 1,
            "chain_name": "A",
            "nt_resnum": 1,
            "nt_name": "G",
            "nt_code": "G",
            "nt_id": "A.G1",
            "nt_type": "RNA",
            "dbn": "(",
            "summary": "anti,~C3'-endo,BI,canonical,non-pair-contact,helix-end,stem-end",
            "alpha": null,
            "beta": null,
            "gamma": 53.9,
            "delta": 78.1,
            "epsilon": -166.7,
            "zeta": -69.2,
            "epsilon_zeta": -97.5,
            "bb_type": "BI",
            "chi": -149.3,
            "glyco_bond": "anti",
            "C5prime_xyz": [
                -1.41,
                8.824,
                -0.043
            ],
            "P_xyz": [
                null,
                null,
                null
            ],
            "form": "A",
            "ssZp": 4.17,
            "Dp": 4.62,
            "splay_angle": 20.081,
            "splay_distance": 3.233,
            "splay_ratio": 0.176,
            "eta": null,
            "theta": null,
            "eta_prime": null,
            "theta_prime": null,
            "eta_base": null,
            "theta_base": null,
            "v0": 4.0,
            "v1": -28.3,
            "v2": 39.3,
            "v3": -39.0,
            "v4": 22.5,
            "amplitude": 40.5,
            "phase_angle": 13.6,
            "puckering": "C3'-endo",
            "sugar_class": "~C3'-endo",
            "bin": "inc",
            "cluster": "__",
            "suiteness": 0.0,
            "filter_rmsd": 0.01,
            "frame": {
                "rmsd": 0.01,
                "origin": [
                    -5.084,
                    -14.813,
                    2.304
                ],
                "x_axis": [
                    0.155,
                    0.165,
                    -0.974
                ],
                "y_axis": [
                    -0.847,
                    0.53,
                    -0.045
                ],
                "z_axis": [
                    0.509,
                    0.832,
                    0.222
                ],
                "quaternion": [
                    0.691,
                    -0.317,
                    0.537,
                    0.366
                ]
            },
            "sse": {
                "sse": null
            },
            "binding_protein": null,
            "binding_ion": null,
            "binding_small-molecule": null,
            "TotalAsa": 264.32172218049686,
            "PolarAsa": 172.81436786939386,
            "ApolarAsa": 91.50735431110304,
            "id": "2juk.A.1"
        },
        {
            "index": 10,
            "index_chain": 10,
            "chain_name": "A",
            "nt_resnum": 10,
            "nt_name": "A",
            "nt_code": "A",
            "nt_id": "A.A10",
            "nt_type": "RNA",
            "dbn": ".",
            "summary": "anti,~C3'-endo,BI,non-canonical,non-pair-contact,helix-end,hairpin-loop",
            "alpha": -76.6,
            "beta": 179.6,
            "gamma": 56.6,
            "delta": 83.6,
            "epsilon": -171.0,
            "zeta": -59.5,
            "epsilon_zeta": -111.5,
            "bb_type": "BI",
            "chi": -150.8,
            "glyco_bond": "anti",
            "C5prime_xyz": [
                -1.261,
                8.587,
                0.65
            ],
            "P_xyz": [
                1.36,
                8.807,
                0.881
            ],
            "form": ".",
            "ssZp": 4.28,
            "Dp": 4.51,
            "splay_angle": 26.927,
            "splay_distance": 4.321,
            "splay_ratio": 0.246,
            "eta": 161.3,
            "theta": -118.5,
            "eta_prime": -173.6,
            "theta_prime": -117.3,
            "eta_base": -106.3,
            "theta_base": -74.1,
            "v0": 9.0,
            "v1": -30.2,
            "v2": 37.7,
            "v3": -34.1,
            "v4": 16.2,
            "amplitude": 37.9,
            "phase_angle": 5.5,
            "puckering": "C3'-endo",
            "sugar_class": "~C3'-endo",
            "bin": "33p",
            "cluster": "1a",
            "suiteness": 0.399,
            "filter_rmsd": 0.041,
            "frame": {
                "rmsd": 0.013,
                "origin": [
                    0.184,
                    9.862,
                    -0.012
                ],
                "x_axis": [
                    0.597,
                    -0.407,
                    -0.692
                ],
                "y_axis": [
                    -0.161,
                    0.784,
                    -0.6
                ],
                "z_axis": [
                    0.786,
                    0.47,
                    0.402
                ],
                "quaternion": [
                    0.834,
                    -0.321,
                    0.443,
                    -0.074
                ]
            },
            "sse": {
                "sse": "hairpin_1"
            },
            "binding_protein": null,
            "binding_ion": "G0B",
            "binding_small-molecule": true,
            "TotalAsa": 129.6815991430446,
            "PolarAsa": 86.65226134273821,
            "ApolarAsa": 43.02933780030637,
            "id": "2juk.A.10"
        },
        {
            "index": 11,
            "index_chain": 11,
            "chain_name": "A",
            "nt_resnum": 11,
            "nt_name": "C",
            "nt_code": "C",
            "nt_id": "A.C11",
            "nt_type": "RNA",
            "dbn": ".",
            "summary": "turn,anti,~C2'-endo,non-pair-contact,hairpin-loop,splayed-apart",
            "alpha": 162.3,
            "beta": -167.5,
            "gamma": -177.2,
            "delta": 151.0,
            "epsilon": -168.7,
            "zeta": -116.6,
            "epsilon_zeta": -52.1,
            "bb_type": "--",
            "chi": -135.5,
            "glyco_bond": "anti",
            "C5prime_xyz": [
                -1.338,
                8.417,
                0.371
            ],
            "P_xyz": [
                0.909,
                9.297,
                -0.668
            ],
            "form": ".",
            "ssZp": 2.17,
            "Dp": 2.05,
            "splay_angle": 87.046,
            "splay_distance": 14.131,
            "splay_ratio": 0.689,
            "eta": -175.0,
            "theta": 156.2,
            "eta_prime": -133.0,
            "theta_prime": 88.5,
            "eta_base": -76.8,
            "theta_base": 47.0,
            "v0": -8.5,
            "v1": 28.0,
            "v2": -34.8,
            "v3": 31.2,
            "v4": -14.7,
            "amplitude": 34.9,
            "phase_angle": 185.0,
            "puckering": "C3'-exo",
            "sugar_class": "~C2'-endo",
            "bin": "32p",
            "cluster": "1b",
            "suiteness": 0.645,
            "filter_rmsd": 0.065,
            "frame": {
                "rmsd": 0.013,
                "origin": [
                    4.34,
                    8.825,
                    -0.58
                ],
                "x_axis": [
                    0.125,
                    0.163,
                    -0.979
                ],
                "y_axis": [
                    -0.353,
                    0.929,
                    0.11
                ],
                "z_axis": [
                    0.927,
                    0.332,
                    0.173
                ],
                "quaternion": [
                    0.746,
                    -0.074,
                    0.639,
                    0.173
                ]
            },
            "sse": {
                "sse": "hairpin_1"
            },
            "binding_protein": null,
            "binding_ion": "G0B",
            "binding_small-molecule": "",
            "TotalAsa": 207.67717538176947,
            "PolarAsa": 168.94773990679275,
            "ApolarAsa": 38.7294354749767,
            "id": "2juk.A.11"
        },
        {
            "index": 12,
            "index_chain": 12,
            "chain_name": "A",
            "nt_resnum": 12,
            "nt_name": "A",
            "nt_code": "A",
            "nt_id": "A.A12",
            "nt_type": "RNA",
            "dbn": ".",
            "summary": "anti,~C3'-endo,BI,non-pair-contact,hairpin-loop,splayed-apart",
            "alpha": -33.0,
            "beta": -62.1,
            "gamma": -175.4,
            "delta": 83.6,
            "epsilon": -158.2,
            "zeta": -68.5,
            "epsilon_zeta": -89.7,
            "bb_type": "BI",
            "chi": -142.4,
            "glyco_bond": "anti",
            "C5prime_xyz": [
                -2.646,
                8.821,
                -1.116
            ],
            "P_xyz": [
                -0.354,
                8.522,
                -2.404
            ],
            "form": "B",
            "ssZp": 3.63,
            "Dp": 4.42,
            "splay_angle": 22.928,
            "splay_distance": 3.824,
            "splay_ratio": 0.199,
            "eta": 88.3,
            "theta": -167.1,
            "eta_prime": 78.4,
            "theta_prime": -171.6,
            "eta_base": 68.9,
            "theta_base": -122.7,
            "v0": -6.0,
            "v1": -16.2,
            "v2": 30.1,
            "v3": -34.7,
            "v4": 26.1,
            "amplitude": 34.3,
            "phase_angle": 28.6,
            "puckering": "C3'-endo",
            "sugar_class": "~C3'-endo",
            "bin": "23t",
            "cluster": "6n",
            "suiteness": 0.639,
            "filter_rmsd": 0.046,
            "frame": {
                "rmsd": 0.024,
                "origin": [
                    -7.21,
                    16.655,
                    1.653
                ],
                "x_axis": [
                    0.394,
                    0.054,
                    -0.918
                ],
                "y_axis": [
                    0.868,
                    -0.348,
                    0.353
                ],
                "z_axis": [
                    -0.301,
                    -0.936,
                    -0.184
                ],
                "quaternion": [
                    0.464,
                    0.694,
                    0.332,
                    -0.439
                ]
            },
            "sse": {
                "sse": "hairpin_1"
            },
            "binding_protein": null,
            "binding_ion": "G0B",
            "binding_small-molecule": true,
            "TotalAsa": 270.26233256221263,
            "PolarAsa": 190.52487547691098,
            "ApolarAsa": 79.73745708530171,
            "id": "2juk.A.12"
        },
        {
            "index": 13,
            "index_chain": 13,
            "chain_name": "A",
            "nt_resnum": 13,
            "nt_name": "A",
            "nt_code": "A",
            "nt_id": "A.A13",
            "nt_type": "RNA",
            "dbn": ".",
            "summary": "anti,~C3'-endo,BI,non-canonical,non-pair-contact,helix-end,hairpin-loop",
            "alpha": -77.9,
            "beta": 167.8,
            "gamma": 63.4,
            "delta": 90.5,
            "epsilon": -160.6,
            "zeta": -53.2,
            "epsilon_zeta": -107.5,
            "bb_type": "BI",
            "chi": -139.5,
            "glyco_bond": "anti",
            "C5prime_xyz": [
                -1.458,
                8.631,
                -0.655
            ],
            "P_xyz": [
                1.008,
                8.775,
                -1.577
            ],
            "form": ".",
            "ssZp": 4.0,
            "Dp": 4.56,
            "splay_angle": 28.171,
            "splay_distance": 4.497,
            "splay_ratio": 0.244,
            "eta": 159.8,
            "theta": -121.1,
            "eta_prime": -177.7,
            "theta_prime": -124.8,
            "eta_base": -112.7,
            "theta_base": -82.0,
            "v0": 8.2,
            "v1": -27.4,
            "v2": 34.0,
            "v3": -30.4,
            "v4": 14.5,
            "amplitude": 34.1,
            "phase_angle": 5.1,
            "puckering": "C3'-endo",
            "sugar_class": "~C3'-endo",
            "bin": "33t",
            "cluster": "1c",
            "suiteness": 0.477,
            "filter_rmsd": 0.041,
            "frame": {
                "rmsd": 0.012,
                "origin": [
                    -6.135,
                    13.716,
                    -0.544
                ],
                "x_axis": [
                    0.884,
                    -0.211,
                    -0.417
                ],
                "y_axis": [
                    0.248,
                    -0.544,
                    0.802
                ],
                "z_axis": [
                    -0.396,
                    -0.812,
                    -0.428
                ],
                "quaternion": [
                    0.477,
                    0.845,
                    0.011,
                    -0.24
                ]
            },
            "sse": {
                "sse": "hairpin_1"
            },
            "binding_protein": null,
            "binding_ion": "G0B",
            "binding_small-molecule": true,
            "TotalAsa": 187.86307942103863,
            "PolarAsa": 130.86809695878858,
            "ApolarAsa": 56.9949824622501,
            "id": "2juk.A.13"
        },
        {
            "index": 14,
            "index_chain": 14,
            "chain_name": "A",
            "nt_resnum": 14,
            "nt_name": "G",
            "nt_code": "G",
            "nt_id": "A.G14",
            "nt_type": "RNA",
            "dbn": ")",
            "summary": "anti,~C3'-endo,BI,canonical,non-pair-contact,helix,stem-end,hairpin-loop",
            "alpha": -78.4,
            "beta": 171.0,
            "gamma": 59.7,
            "delta": 80.4,
            "epsilon": -165.4,
            "zeta": -64.8,
            "epsilon_zeta": -100.6,
            "bb_type": "BI",
            "chi": -161.5,
            "glyco_bond": "anti",
            "C5prime_xyz": [
                -1.086,
                8.53,
                1.132
            ],
            "P_xyz": [
                1.564,
                8.599,
                1.098
            ],
            "form": "A",
            "ssZp": 4.63,
            "Dp": 4.68,
            "splay_angle": 30.557,
            "splay_distance": 4.816,
            "splay_ratio": 0.266,
            "eta": 157.1,
            "theta": -146.9,
            "eta_prime": -174.5,
            "theta_prime": -148.1,
            "eta_base": -101.1,
            "theta_base": -128.5,
            "v0": 12.1,
            "v1": -34.6,
            "v2": 41.9,
            "v3": -36.5,
            "v4": 15.8,
            "amplitude": 42.0,
            "phase_angle": 2.4,
            "puckering": "C3'-endo",
            "sugar_class": "~C3'-endo",
            "bin": "33p",
            "cluster": "1a",
            "suiteness": 0.325,
            "filter_rmsd": 0.011,
            "frame": {
                "rmsd": 0.011,
                "origin": [
                    -3.811,
                    10.144,
                    -1.983
                ],
                "x_axis": [
                    0.796,
                    -0.39,
                    0.463
                ],
                "y_axis": [
                    -0.591,
                    -0.337,
                    0.733
                ],
                "z_axis": [
                    -0.13,
                    -0.857,
                    -0.499
                ],
                "quaternion": [
                    0.49,
                    0.811,
                    -0.302,
                    0.103
                ]
            },
            "sse": {
                "sse": "hairpin_1"
            },
            "binding_protein": null,
            "binding_ion": "G0B",
            "binding_small-molecule": true,
            "TotalAsa": 199.61178464934457,
            "PolarAsa": 158.69816491032893,
            "ApolarAsa": 40.913619739015594,
            "id": "2juk.A.14"
        },
        {
            "index": 15,
            "index_chain": 15,
            "chain_name": "A",
            "nt_resnum": 15,
            "nt_name": "G",
            "nt_code": "G",
            "nt_id": "A.G15",
            "nt_type": "RNA",
            "dbn": ")",
            "summary": "anti,~C3'-endo,BI,canonical,non-pair-contact,helix,stem",
            "alpha": -70.7,
            "beta": 178.1,
            "gamma": 62.4,
            "delta": 79.2,
            "epsilon": -162.2,
            "zeta": -70.0,
            "epsilon_zeta": -92.2,
            "bb_type": "BI",
            "chi": -166.9,
            "glyco_bond": "anti",
            "C5prime_xyz": [
                -1.273,
                8.377,
                1.543
            ],
            "P_xyz": [
                1.347,
                8.568,
                1.728
            ],
            "form": "A",
            "ssZp": 4.65,
            "Dp": 4.68,
            "splay_angle": 24.542,
            "splay_distance": 3.984,
            "splay_ratio": 0.22,
            "eta": 174.7,
            "theta": -151.3,
            "eta_prime": -171.9,
            "theta_prime": -148.6,
            "eta_base": -134.5,
            "theta_base": -131.3,
            "v0": 8.1,
            "v1": -31.4,
            "v2": 40.5,
            "v3": -37.8,
            "v4": 19.0,
            "amplitude": 40.9,
            "phase_angle": 7.9,
            "puckering": "C3'-endo",
            "sugar_class": "~C3'-endo",
            "bin": "33p",
            "cluster": "1a",
            "suiteness": 0.831,
            "filter_rmsd": 0.01,
            "frame": {
                "rmsd": 0.01,
                "origin": [
                    -1.884,
                    6.061,
                    -3.658
                ],
                "x_axis": [
                    0.333,
                    -0.17,
                    0.928
                ],
                "y_axis": [
                    -0.941,
                    0.007,
                    0.339
                ],
                "z_axis": [
                    -0.064,
                    -0.985,
                    -0.157
                ],
                "quaternion": [
                    0.544,
                    0.609,
                    -0.456,
                    0.354
                ]
            },
            "sse": {
                "sse": null
            },
            "binding_protein": null,
            "binding_ion": "G0B",
            "binding_small-molecule": true,
            "TotalAsa": 195.23366706571116,
            "PolarAsa": 155.00845201035773,
            "ApolarAsa": 40.225215055353424,
            "id": "2juk.A.15"
        },
        {
            "index": 16,
            "index_chain": 16,
            "chain_name": "A",
            "nt_resnum": 16,
            "nt_name": "G",
            "nt_code": "G",
            "nt_id": "A.G16",
            "nt_type": "RNA",
            "dbn": ")",
            "summary": "anti,~C3'-endo,BI,canonical,non-pair-contact,helix,stem",
            "alpha": -70.2,
            "beta": -175.1,
            "gamma": 62.9,
            "delta": 80.4,
            "epsilon": -163.9,
            "zeta": -67.2,
            "epsilon_zeta": -96.8,
            "bb_type": "BI",
            "chi": -163.8,
            "glyco_bond": "anti",
            "C5prime_xyz": [
                -1.213,
                8.389,
                1.405
            ],
            "P_xyz": [
                1.209,
                8.229,
                2.451
            ],
            "form": "A",
            "ssZp": 4.58,
            "Dp": 4.63,
            "splay_angle": 20.459,
            "splay_distance": 3.234,
            "splay_ratio": 0.179,
            "eta": -178.9,
            "theta": -148.5,
            "eta_prime": -168.9,
            "theta_prime": -146.5,
            "eta_base": -141.6,
            "theta_base": -126.2,
            "v0": 5.9,
            "v1": -28.6,
            "v2": 38.0,
            "v3": -36.6,
            "v4": 19.6,
            "amplitude": 38.7,
            "phase_angle": 10.5,
            "puckering": "C3'-endo",
            "sugar_class": "~C3'-endo",
            "bin": "33p",
            "cluster": "1a",
            "suiteness": 0.783,
            "filter_rmsd": 0.01,
            "frame": {
                "rmsd": 0.01,
                "origin": [
                    0.195,
                    2.722,
                    -4.291
                ],
                "x_axis": [
                    -0.14,
                    -0.05,
                    0.989
                ],
                "y_axis": [
                    -0.99,
                    -0.006,
                    -0.141
                ],
                "z_axis": [
                    0.013,
                    -0.999,
                    -0.048
                ],
                "quaternion": [
                    -0.449,
                    -0.478,
                    0.544,
                    -0.524
                ]
            },
            "sse": {
                "sse": null
            },
            "binding_protein": null,
            "binding_ion": "G0B",
            "binding_small-molecule": true,
            "TotalAsa": 184.4279577084332,
            "PolarAsa": 142.4957907568039,
            "ApolarAsa": 41.93216695162933,
            "id": "2juk.A.16"
        },
        {
            "index": 17,
            "index_chain": 17,
            "chain_name": "A",
            "nt_resnum": 17,
            "nt_name": "A",
            "nt_code": "A",
            "nt_id": "A.A17",
            "nt_type": "RNA",
            "dbn": ")",
            "summary": "anti,~C3'-endo,BI,canonical,non-pair-contact,helix,stem",
            "alpha": -72.9,
            "beta": -174.7,
            "gamma": 56.9,
            "delta": 81.6,
            "epsilon": -168.6,
            "zeta": -73.0,
            "epsilon_zeta": -95.6,
            "bb_type": "BI",
            "chi": -143.0,
            "glyco_bond": "anti",
            "C5prime_xyz": [
                -1.342,
                8.651,
                0.162
            ],
            "P_xyz": [
                1.278,
                8.994,
                0.178
            ],
            "form": "A",
            "ssZp": 3.99,
            "Dp": 4.54,
            "splay_angle": 19.305,
            "splay_distance": 3.036,
            "splay_ratio": 0.168,
            "eta": 173.7,
            "theta": -157.0,
            "eta_prime": -174.9,
            "theta_prime": -157.7,
            "eta_base": -143.9,
            "theta_base": -139.0,
            "v0": 7.1,
            "v1": -28.5,
            "v2": 36.8,
            "v3": -34.5,
            "v4": 17.6,
            "amplitude": 37.2,
            "phase_angle": 8.3,
            "puckering": "C3'-endo",
            "sugar_class": "~C3'-endo",
            "bin": "33p",
            "cluster": "1a",
            "suiteness": 0.741,
            "filter_rmsd": 0.043,
            "frame": {
                "rmsd": 0.02,
                "origin": [
                    1.359,
                    -0.212,
                    -3.585
                ],
                "x_axis": [
                    -0.596,
                    -0.067,
                    0.8
                ],
                "y_axis": [
                    -0.771,
                    -0.231,
                    -0.593
                ],
                "z_axis": [
                    0.225,
                    -0.971,
                    0.086
                ],
                "quaternion": [
                    0.255,
                    0.371,
                    -0.565,
                    0.691
                ]
            },
            "sse": {
                "sse": null
            },
            "binding_protein": null,
            "binding_ion": "G0B",
            "binding_small-molecule": true,
            "TotalAsa": 180.06037565578322,
            "PolarAsa": 136.21201057369345,
            "ApolarAsa": 43.848365082089764,
            "id": "2juk.A.17"
        },
        {
            "index": 18,
            "index_chain": 18,
            "chain_name": "A",
            "nt_resnum": 18,
            "nt_name": "A",
            "nt_code": "A",
            "nt_id": "A.A18",
            "nt_type": "RNA",
            "dbn": ")",
            "summary": "anti,~C3'-endo,BI,canonical,non-pair-contact,helix,stem",
            "alpha": -76.5,
            "beta": 171.0,
            "gamma": 61.4,
            "delta": 82.2,
            "epsilon": -160.6,
            "zeta": -63.2,
            "epsilon_zeta": -97.3,
            "bb_type": "BI",
            "chi": -139.1,
            "glyco_bond": "anti",
            "C5prime_xyz": [
                -1.36,
                8.629,
                -0.362
            ],
            "P_xyz": [
                1.04,
                8.76,
                -1.444
            ],
            "form": ".",
            "ssZp": 3.92,
            "Dp": 4.68,
            "splay_angle": 36.725,
            "splay_distance": 5.745,
            "splay_ratio": 0.315,
            "eta": 163.1,
            "theta": -139.7,
            "eta_prime": 175.1,
            "theta_prime": -142.9,
            "eta_base": -152.8,
            "theta_base": -124.2,
            "v0": 10.3,
            "v1": -33.1,
            "v2": 40.9,
            "v3": -36.7,
            "v4": 17.0,
            "amplitude": 41.1,
            "phase_angle": 4.7,
            "puckering": "C3'-endo",
            "sugar_class": "~C3'-endo",
            "bin": "33p",
            "cluster": "1a",
            "suiteness": 0.614,
            "filter_rmsd": 0.042,
            "frame": {
                "rmsd": 0.014,
                "origin": [
                    2.997,
                    -2.758,
                    -3.357
                ],
                "x_axis": [
                    -0.782,
                    -0.148,
                    0.605
                ],
                "y_axis": [
                    -0.475,
                    -0.486,
                    -0.733
                ],
                "z_axis": [
                    0.403,
                    -0.861,
                    0.31
                ],
                "quaternion": [
                    0.102,
                    0.314,
                    -0.496,
                    0.803
                ]
            },
            "sse": {
                "sse": null
            },
            "binding_protein": null,
            "binding_ion": "G0B",
            "binding_small-molecule": null,
            "TotalAsa": 193.54973136653678,
            "PolarAsa": 137.96241597390588,
            "ApolarAsa": 55.58731539263085,
            "id": "2juk.A.18"
        },
        {
            "index": 19,
            "index_chain": 19,
            "chain_name": "A",
            "nt_resnum": 19,
            "nt_name": "G",
            "nt_code": "G",
            "nt_id": "A.G19",
            "nt_type": "RNA",
            "dbn": ")",
            "summary": "anti,~C3'-endo,BI,canonical,non-pair-contact,helix,stem",
            "alpha": -77.2,
            "beta": -175.1,
            "gamma": 55.5,
            "delta": 77.1,
            "epsilon": -157.8,
            "zeta": -67.4,
            "epsilon_zeta": -90.5,
            "bb_type": "BI",
            "chi": -168.9,
            "glyco_bond": "anti",
            "C5prime_xyz": [
                -1.433,
                8.708,
                0.969
            ],
            "P_xyz": [
                1.148,
                9.22,
                1.198
            ],
            "form": "A",
            "ssZp": 4.64,
            "Dp": 4.69,
            "splay_angle": 28.187,
            "splay_distance": 4.394,
            "splay_ratio": 0.25,
            "eta": 165.6,
            "theta": -148.9,
            "eta_prime": 177.1,
            "theta_prime": -144.6,
            "eta_base": -146.5,
            "theta_base": -120.8,
            "v0": 3.7,
            "v1": -28.6,
            "v2": 40.1,
            "v3": -39.9,
            "v4": 23.1,
            "amplitude": 41.3,
            "phase_angle": 13.9,
            "puckering": "C3'-endo",
            "sugar_class": "~C3'-endo",
            "bin": "33p",
            "cluster": "1a",
            "suiteness": 0.768,
            "filter_rmsd": 0.01,
            "frame": {
                "rmsd": 0.01,
                "origin": [
                    2.443,
                    -7.53,
                    -0.205
                ],
                "x_axis": [
                    -0.954,
                    0.266,
                    -0.137
                ],
                "y_axis": [
                    0.134,
                    -0.027,
                    -0.991
                ],
                "z_axis": [
                    -0.268,
                    -0.963,
                    -0.01
                ],
                "quaternion": [
                    0.047,
                    -0.144,
                    -0.696,
                    0.702
                ]
            },
            "sse": {
                "sse": null
            },
            "binding_protein": null,
            "binding_ion": "G0B",
            "binding_small-molecule": null,
            "TotalAsa": 185.8279975964104,
            "PolarAsa": 141.1311033900184,
            "ApolarAsa": 44.696894206392,
            "id": "2juk.A.19"
        },
        {
            "index": 2,
            "index_chain": 2,
            "chain_name": "A",
            "nt_resnum": 2,
            "nt_name": "G",
            "nt_code": "G",
            "nt_id": "A.G2",
            "nt_type": "RNA",
            "dbn": "(",
            "summary": "anti,~C3'-endo,BI,canonical,non-pair-contact,helix,stem",
            "alpha": -74.9,
            "beta": 177.2,
            "gamma": 61.3,
            "delta": 80.2,
            "epsilon": -165.8,
            "zeta": -67.0,
            "epsilon_zeta": -98.8,
            "bb_type": "BI",
            "chi": -145.8,
            "glyco_bond": "anti",
            "C5prime_xyz": [
                -1.54,
                8.843,
                -0.147
            ],
            "P_xyz": [
                1.009,
                9.404,
                -0.493
            ],
            "form": "A",
            "ssZp": 4.08,
            "Dp": 4.6,
            "splay_angle": 17.262,
            "splay_distance": 2.783,
            "splay_ratio": 0.151,
            "eta": 169.0,
            "theta": -150.0,
            "eta_prime": 180.0,
            "theta_prime": -151.2,
            "eta_base": -154.4,
            "theta_base": -128.6,
            "v0": 3.6,
            "v1": -27.2,
            "v2": 38.0,
            "v3": -37.8,
            "v4": 22.0,
            "amplitude": 39.1,
            "phase_angle": 13.9,
            "puckering": "C3'-endo",
            "sugar_class": "~C3'-endo",
            "bin": "33p",
            "cluster": "1a",
            "suiteness": 0.726,
            "filter_rmsd": 0.011,
            "frame": {
                "rmsd": 0.011,
                "origin": [
                    -2.384,
                    -13.098,
                    2.768
                ],
                "x_axis": [
                    -0.221,
                    0.291,
                    -0.931
                ],
                "y_axis": [
                    -0.717,
                    0.599,
                    0.358
                ],
                "z_axis": [
                    0.661,
                    0.746,
                    0.076
                ],
                "quaternion": [
                    0.603,
                    -0.161,
                    0.66,
                    0.418
                ]
            },
            "sse": {
                "sse": null
            },
            "binding_protein": null,
            "binding_ion": "G0B",
            "binding_small-molecule": null,
            "TotalAsa": 190.83844460055056,
            "PolarAsa": 146.82959627196527,
            "ApolarAsa": 44.008848328585294,
            "id": "2juk.A.2"
        },
        {
            "index": 20,
            "index_chain": 20,
            "chain_name": "A",
            "nt_resnum": 20,
            "nt_name": "G",
            "nt_code": "G",
            "nt_id": "A.G20",
            "nt_type": "RNA",
            "dbn": ")",
            "summary": "anti,~C3'-endo,BI,canonical,non-pair-contact,helix,stem",
            "alpha": -75.4,
            "beta": -170.4,
            "gamma": 55.5,
            "delta": 79.2,
            "epsilon": -157.6,
            "zeta": -65.2,
            "epsilon_zeta": -92.4,
            "bb_type": "BI",
            "chi": -160.1,
            "glyco_bond": "anti",
            "C5prime_xyz": [
                -1.484,
                8.802,
                0.474
            ],
            "P_xyz": [
                1.04,
                9.345,
                1.016
            ],
            "form": "A",
            "ssZp": 4.37,
            "Dp": 4.64,
            "splay_angle": 23.18,
            "splay_distance": 3.842,
            "splay_ratio": 0.208,
            "eta": 171.8,
            "theta": -144.1,
            "eta_prime": -179.2,
            "theta_prime": -141.6,
            "eta_base": -146.6,
            "theta_base": -118.6,
            "v0": 2.8,
            "v1": -26.6,
            "v2": 37.8,
            "v3": -38.2,
            "v4": 22.6,
            "amplitude": 39.2,
            "phase_angle": 15.1,
            "puckering": "C3'-endo",
            "sugar_class": "~C3'-endo",
            "bin": "33p",
            "cluster": "1a",
            "suiteness": 0.815,
            "filter_rmsd": 0.017,
            "frame": {
                "rmsd": 0.017,
                "origin": [
                    0.37,
                    -10.749,
                    1.952
                ],
                "x_axis": [
                    -0.674,
                    0.363,
                    -0.644
                ],
                "y_axis": [
                    0.643,
                    -0.143,
                    -0.753
                ],
                "z_axis": [
                    -0.365,
                    -0.921,
                    -0.137
                ],
                "quaternion": [
                    -0.108,
                    -0.389,
                    -0.646,
                    0.648
                ]
            },
            "sse": {
                "sse": null
            },
            "binding_protein": null,
            "binding_ion": null,
            "binding_small-molecule": null,
            "TotalAsa": 176.20903507303376,
            "PolarAsa": 135.7111215979409,
            "ApolarAsa": 40.4979134750929,
            "id": "2juk.A.20"
        },
        {
            "index": 21,
            "index_chain": 21,
            "chain_name": "A",
            "nt_resnum": 21,
            "nt_name": "C",
            "nt_code": "C",
            "nt_id": "A.C21",
            "nt_type": "RNA",
            "dbn": ")",
            "summary": "anti,~C3'-endo,BI,canonical,non-pair-contact,helix,stem",
            "alpha": -76.9,
            "beta": -175.5,
            "gamma": 54.8,
            "delta": 74.6,
            "epsilon": -166.3,
            "zeta": -72.6,
            "epsilon_zeta": -93.7,
            "bb_type": "BI",
            "chi": -150.4,
            "glyco_bond": "anti",
            "C5prime_xyz": [
                -1.627,
                8.898,
                0.041
            ],
            "P_xyz": [
                0.885,
                9.685,
                0.206
            ],
            "form": "A",
            "ssZp": 4.21,
            "Dp": 4.61,
            "splay_angle": 14.808,
            "splay_distance": 2.376,
            "splay_ratio": 0.13,
            "eta": 165.3,
            "theta": -161.8,
            "eta_prime": 177.0,
            "theta_prime": -160.6,
            "eta_base": -148.6,
            "theta_base": -140.9,
            "v0": -1.2,
            "v1": -25.3,
            "v2": 39.3,
            "v3": -42.2,
            "v4": 27.9,
            "amplitude": 42.1,
            "phase_angle": 20.8,
            "puckering": "C3'-endo",
            "sugar_class": "~C3'-endo",
            "bin": "33p",
            "cluster": "1a",
            "suiteness": 0.743,
            "filter_rmsd": 0.063,
            "frame": {
                "rmsd": 0.006,
                "origin": [
                    -2.676,
                    -13.053,
                    2.371
                ],
                "x_axis": [
                    -0.193,
                    0.367,
                    -0.91
                ],
                "y_axis": [
                    0.851,
                    -0.398,
                    -0.342
                ],
                "z_axis": [
                    -0.488,
                    -0.841,
                    -0.236
                ],
                "quaternion": [
                    0.208,
                    0.6,
                    0.508,
                    -0.582
                ]
            },
            "sse": {
                "sse": null
            },
            "binding_protein": null,
            "binding_ion": null,
            "binding_small-molecule": null,
            "TotalAsa": 168.26243498808932,
            "PolarAsa": 116.32492297249652,
            "ApolarAsa": 51.937512015592795,
            "id": "2juk.A.21"
        },
        {
            "index": 22,
            "index_chain": 22,
            "chain_name": "A",
            "nt_resnum": 22,
            "nt_name": "C",
            "nt_code": "C",
            "nt_id": "A.C22",
            "nt_type": "RNA",
            "dbn": ")",
            "summary": "anti,~C3'-endo,canonical,non-pair-contact,helix-end,stem-end",
            "alpha": -71.9,
            "beta": 165.6,
            "gamma": 64.0,
            "delta": 80.8,
            "epsilon": null,
            "zeta": null,
            "epsilon_zeta": null,
            "bb_type": "--",
            "chi": -142.0,
            "glyco_bond": "anti",
            "C5prime_xyz": [
                -1.495,
                8.83,
                -0.369
            ],
            "P_xyz": [
                0.954,
                9.174,
                -1.26
            ],
            "form": "-",
            "ssZp": null,
            "Dp": null,
            "splay_angle": null,
            "splay_distance": null,
            "splay_ratio": null,
            "eta": null,
            "theta": null,
            "eta_prime": null,
            "theta_prime": null,
            "eta_base": null,
            "theta_base": null,
            "v0": 2.5,
            "v1": -26.3,
            "v2": 37.6,
            "v3": -38.0,
            "v4": 22.7,
            "amplitude": 39.0,
            "phase_angle": 15.4,
            "puckering": "C3'-endo",
            "sugar_class": "~C3'-endo",
            "bin": "33p",
            "cluster": "1a",
            "suiteness": 0.615,
            "filter_rmsd": 0.064,
            "frame": {
                "rmsd": 0.006,
                "origin": [
                    -4.694,
                    -14.307,
                    2.335
                ],
                "x_axis": [
                    0.05,
                    0.092,
                    -0.995
                ],
                "y_axis": [
                    0.622,
                    -0.782,
                    -0.041
                ],
                "z_axis": [
                    -0.782,
                    -0.616,
                    -0.096
                ],
                "quaternion": [
                    0.207,
                    0.694,
                    0.257,
                    -0.64
                ]
            },
            "sse": {
                "sse": null
            },
            "binding_protein": null,
            "binding_ion": null,
            "binding_small-molecule": null,
            "TotalAsa": 278.2404592403079,
            "PolarAsa": 181.76773774463632,
            "ApolarAsa": 96.47272149567162,
            "id": "2juk.A.22"
        },
        {
            "index": 3,
            "index_chain": 3,
            "chain_name": "A",
            "nt_resnum": 3,
            "nt_name": "C",
            "nt_code": "C",
            "nt_id": "A.C3",
            "nt_type": "RNA",
            "dbn": "(",
            "summary": "anti,~C3'-endo,BI,canonical,non-pair-contact,helix,stem",
            "alpha": -75.4,
            "beta": 174.9,
            "gamma": 61.1,
            "delta": 80.2,
            "epsilon": -162.4,
            "zeta": -63.7,
            "epsilon_zeta": -98.8,
            "bb_type": "BI",
            "chi": -139.4,
            "glyco_bond": "anti",
            "C5prime_xyz": [
                -1.49,
                8.82,
                -0.549
            ],
            "P_xyz": [
                1.047,
                9.296,
                -1.091
            ],
            "form": "A",
            "ssZp": 3.8,
            "Dp": 4.59,
            "splay_angle": 25.818,
            "splay_distance": 4.19,
            "splay_ratio": 0.224,
            "eta": 167.2,
            "theta": -143.8,
            "eta_prime": -179.6,
            "theta_prime": -144.6,
            "eta_base": -143.5,
            "theta_base": -120.6,
            "v0": 1.7,
            "v1": -25.2,
            "v2": 36.8,
            "v3": -37.5,
            "v4": 23.0,
            "amplitude": 38.4,
            "phase_angle": 16.5,
            "puckering": "C3'-endo",
            "sugar_class": "~C3'-endo",
            "bin": "33p",
            "cluster": "1a",
            "suiteness": 0.721,
            "filter_rmsd": 0.064,
            "frame": {
                "rmsd": 0.006,
                "origin": [
                    -0.301,
                    -11.505,
                    1.838
                ],
                "x_axis": [
                    -0.535,
                    0.517,
                    -0.668
                ],
                "y_axis": [
                    -0.315,
                    0.611,
                    0.726
                ],
                "z_axis": [
                    0.784,
                    0.599,
                    -0.164
                ],
                "quaternion": [
                    0.477,
                    0.067,
                    0.76,
                    0.436
                ]
            },
            "sse": {
                "sse": null
            },
            "binding_protein": null,
            "binding_ion": "G0B",
            "binding_small-molecule": "",
            "TotalAsa": 176.16054225106603,
            "PolarAsa": 126.13811724969446,
            "ApolarAsa": 50.02242500137152,
            "id": "2juk.A.3"
        },
        {
            "index": 4,
            "index_chain": 4,
            "chain_name": "A",
            "nt_resnum": 4,
            "nt_name": "C",
            "nt_code": "C",
            "nt_id": "A.C4",
            "nt_type": "RNA",
            "dbn": "(",
            "summary": "anti,~C3'-endo,BI,canonical,non-pair-contact,helix,stem,phosphate",
            "alpha": -75.3,
            "beta": 178.2,
            "gamma": 57.9,
            "delta": 78.7,
            "epsilon": -160.5,
            "zeta": -62.2,
            "epsilon_zeta": -98.4,
            "bb_type": "BI",
            "chi": -147.4,
            "glyco_bond": "anti",
            "C5prime_xyz": [
                -1.52,
                8.866,
                -0.208
            ],
            "P_xyz": [
                1.04,
                9.49,
                -0.312
            ],
            "form": ".",
            "ssZp": 4.1,
            "Dp": 4.63,
            "splay_angle": 34.31,
            "splay_distance": 5.78,
            "splay_ratio": 0.299,
            "eta": 165.4,
            "theta": -142.8,
            "eta_prime": 179.6,
            "theta_prime": -141.7,
            "eta_base": -142.1,
            "theta_base": -119.4,
            "v0": 1.6,
            "v1": -26.5,
            "v2": 38.8,
            "v3": -39.7,
            "v4": 24.3,
            "amplitude": 40.5,
            "phase_angle": 16.7,
            "puckering": "C3'-endo",
            "sugar_class": "~C3'-endo",
            "bin": "33p",
            "cluster": "1a",
            "suiteness": 0.774,
            "filter_rmsd": 0.064,
            "frame": {
                "rmsd": 0.007,
                "origin": [
                    1.689,
                    -8.527,
                    -0.336
                ],
                "x_axis": [
                    -0.832,
                    0.537,
                    -0.138
                ],
                "y_axis": [
                    0.057,
                    0.331,
                    0.942
                ],
                "z_axis": [
                    0.551,
                    0.776,
                    -0.306
                ],
                "quaternion": [
                    0.219,
                    0.189,
                    0.786,
                    0.547
                ]
            },
            "sse": {
                "sse": null
            },
            "binding_protein": null,
            "binding_ion": "G0B",
            "binding_small-molecule": "",
            "TotalAsa": 171.53345299597342,
            "PolarAsa": 123.41977358630959,
            "ApolarAsa": 48.113679409663796,
            "id": "2juk.A.4"
        },
        {
            "index": 5,
            "index_chain": 5,
            "chain_name": "A",
            "nt_resnum": 5,
            "nt_name": "U",
            "nt_code": "U",
            "nt_id": "A.U5",
            "nt_type": "RNA",
            "dbn": "(",
            "summary": "anti,~C3'-endo,BI,canonical,non-pair-contact,helix,stem,phosphate",
            "alpha": -78.3,
            "beta": -168.3,
            "gamma": 52.2,
            "delta": 73.7,
            "epsilon": -158.7,
            "zeta": -71.2,
            "epsilon_zeta": -87.4,
            "bb_type": "BI",
            "chi": -155.6,
            "glyco_bond": "anti",
            "C5prime_xyz": [
                -1.664,
                8.852,
                0.008
            ],
            "P_xyz": [
                0.86,
                9.535,
                0.362
            ],
            "form": "A",
            "ssZp": 4.38,
            "Dp": 4.68,
            "splay_angle": 22.708,
            "splay_distance": 3.861,
            "splay_ratio": 0.203,
            "eta": 166.5,
            "theta": -156.1,
            "eta_prime": 176.7,
            "theta_prime": -151.3,
            "eta_base": -149.5,
            "theta_base": -125.3,
            "v0": 0.3,
            "v1": -26.9,
            "v2": 40.5,
            "v3": -42.4,
            "v4": 26.8,
            "amplitude": 42.8,
            "phase_angle": 18.6,
            "puckering": "C3'-endo",
            "sugar_class": "~C3'-endo",
            "bin": "33p",
            "cluster": "1a",
            "suiteness": 0.76,
            "filter_rmsd": 0.1,
            "frame": {
                "rmsd": 0.024,
                "origin": [
                    2.443,
                    -3.564,
                    -3.2
                ],
                "x_axis": [
                    -0.913,
                    0.088,
                    0.398
                ],
                "y_axis": [
                    0.371,
                    -0.226,
                    0.901
                ],
                "z_axis": [
                    0.17,
                    0.97,
                    0.173
                ],
                "quaternion": [
                    -0.093,
                    0.187,
                    0.615,
                    0.76
                ]
            },
            "sse": {
                "sse": null
            },
            "binding_protein": null,
            "binding_ion": "G0B",
            "binding_small-molecule": true,
            "TotalAsa": 165.2272514973777,
            "PolarAsa": 118.73745762628322,
            "ApolarAsa": 46.48979387109447,
            "id": "2juk.A.5"
        },
        {
            "index": 6,
            "index_chain": 6,
            "chain_name": "A",
            "nt_resnum": 6,
            "nt_name": "U",
            "nt_code": "U",
            "nt_id": "A.U6",
            "nt_type": "RNA",
            "dbn": "(",
            "summary": "anti,~C3'-endo,BI,canonical,non-pair-contact,helix,stem,phosphate",
            "alpha": -74.9,
            "beta": -179.2,
            "gamma": 55.7,
            "delta": 78.1,
            "epsilon": -167.9,
            "zeta": -66.2,
            "epsilon_zeta": -101.7,
            "bb_type": "BI",
            "chi": -158.4,
            "glyco_bond": "anti",
            "C5prime_xyz": [
                -1.788,
                8.809,
                -0.768
            ],
            "P_xyz": [
                0.682,
                9.565,
                -1.256
            ],
            "form": "A",
            "ssZp": 4.44,
            "Dp": 4.62,
            "splay_angle": 14.13,
            "splay_distance": 2.414,
            "splay_ratio": 0.13,
            "eta": 165.0,
            "theta": -152.8,
            "eta_prime": 174.9,
            "theta_prime": -153.1,
            "eta_base": -149.8,
            "theta_base": -138.2,
            "v0": 4.5,
            "v1": -28.9,
            "v2": 39.7,
            "v3": -39.0,
            "v4": 22.2,
            "amplitude": 40.7,
            "phase_angle": 12.8,
            "puckering": "C3'-endo",
            "sugar_class": "~C3'-endo",
            "bin": "33p",
            "cluster": "1a",
            "suiteness": 0.507,
            "filter_rmsd": 0.101,
            "frame": {
                "rmsd": 0.021,
                "origin": [
                    1.353,
                    0.116,
                    -3.618
                ],
                "x_axis": [
                    -0.533,
                    -0.179,
                    0.827
                ],
                "y_axis": [
                    0.843,
                    -0.189,
                    0.503
                ],
                "z_axis": [
                    0.067,
                    0.965,
                    0.252
                ],
                "quaternion": [
                    -0.364,
                    0.318,
                    0.522,
                    0.703
                ]
            },
            "sse": {
                "sse": null
            },
            "binding_protein": null,
            "binding_ion": "G0B",
            "binding_small-molecule": true,
            "TotalAsa": 171.03182525838625,
            "PolarAsa": 116.57270654740906,
            "ApolarAsa": 54.45911871097719,
            "id": "2juk.A.6"
        },
        {
            "index": 7,
            "index_chain": 7,
            "chain_name": "A",
            "nt_resnum": 7,
            "nt_name": "C",
            "nt_code": "C",
            "nt_id": "A.C7",
            "nt_type": "RNA",
            "dbn": "(",
            "summary": "anti,~C3'-endo,BI,canonical,non-pair-contact,helix,stem",
            "alpha": -70.9,
            "beta": 171.6,
            "gamma": 62.8,
            "delta": 77.9,
            "epsilon": -166.8,
            "zeta": -66.2,
            "epsilon_zeta": -100.6,
            "bb_type": "BI",
            "chi": -145.5,
            "glyco_bond": "anti",
            "C5prime_xyz": [
                -2.469,
                8.626,
                -1.666
            ],
            "P_xyz": [
                -0.231,
                9.532,
                -2.714
            ],
            "form": "A",
            "ssZp": 3.95,
            "Dp": 4.57,
            "splay_angle": 20.733,
            "splay_distance": 3.377,
            "splay_ratio": 0.18,
            "eta": 170.3,
            "theta": -151.4,
            "eta_prime": -176.5,
            "theta_prime": -151.8,
            "eta_base": -148.2,
            "theta_base": -129.9,
            "v0": 1.3,
            "v1": -26.1,
            "v2": 38.4,
            "v3": -39.5,
            "v4": 24.5,
            "amplitude": 40.2,
            "phase_angle": 17.2,
            "puckering": "C3'-endo",
            "sugar_class": "~C3'-endo",
            "bin": "33p",
            "cluster": "1a",
            "suiteness": 0.522,
            "filter_rmsd": 0.063,
            "frame": {
                "rmsd": 0.007,
                "origin": [
                    0.048,
                    2.128,
                    -3.899
                ],
                "x_axis": [
                    -0.185,
                    -0.065,
                    0.981
                ],
                "y_axis": [
                    0.943,
                    0.271,
                    0.196
                ],
                "z_axis": [
                    -0.278,
                    0.96,
                    0.011
                ],
                "quaternion": [
                    0.524,
                    -0.365,
                    -0.601,
                    -0.481
                ]
            },
            "sse": {
                "sse": null
            },
            "binding_protein": null,
            "binding_ion": "G0B",
            "binding_small-molecule": true,
            "TotalAsa": 182.85529995420558,
            "PolarAsa": 125.06494185787182,
            "ApolarAsa": 57.79035809633376,
            "id": "2juk.A.7"
        },
        {
            "index": 8,
            "index_chain": 8,
            "chain_name": "A",
            "nt_resnum": 8,
            "nt_name": "C",
            "nt_code": "C",
            "nt_id": "A.C8",
            "nt_type": "RNA",
            "dbn": "(",
            "summary": "anti,~C3'-endo,BI,canonical,non-pair-contact,helix,stem",
            "alpha": -68.6,
            "beta": 174.2,
            "gamma": 66.0,
            "delta": 76.5,
            "epsilon": -157.9,
            "zeta": -71.2,
            "epsilon_zeta": -86.7,
            "bb_type": "BI",
            "chi": -154.9,
            "glyco_bond": "anti",
            "C5prime_xyz": [
                -1.395,
                8.816,
                -0.26
            ],
            "P_xyz": [
                1.206,
                9.222,
                -0.469
            ],
            "form": ".",
            "ssZp": 4.48,
            "Dp": 4.69,
            "splay_angle": 34.984,
            "splay_distance": 5.51,
            "splay_ratio": 0.301,
            "eta": 178.1,
            "theta": -151.6,
            "eta_prime": -169.1,
            "theta_prime": -150.6,
            "eta_base": -134.6,
            "theta_base": -133.3,
            "v0": 3.7,
            "v1": -28.3,
            "v2": 39.8,
            "v3": -39.6,
            "v4": 22.9,
            "amplitude": 41.0,
            "phase_angle": 14.0,
            "puckering": "C3'-endo",
            "sugar_class": "~C3'-endo",
            "bin": "33p",
            "cluster": "1a",
            "suiteness": 0.627,
            "filter_rmsd": 0.064,
            "frame": {
                "rmsd": 0.006,
                "origin": [
                    -1.842,
                    4.923,
                    -3.767
                ],
                "x_axis": [
                    0.243,
                    -0.133,
                    0.961
                ],
                "y_axis": [
                    0.893,
                    0.418,
                    -0.167
                ],
                "z_axis": [
                    -0.38,
                    0.898,
                    0.22
                ],
                "quaternion": [
                    0.686,
                    -0.389,
                    -0.489,
                    -0.374
                ]
            },
            "sse": {
                "sse": null
            },
            "binding_protein": null,
            "binding_ion": "G0B",
            "binding_small-molecule": true,
            "TotalAsa": 162.19552329403385,
            "PolarAsa": 115.99695760357564,
            "ApolarAsa": 46.19856569045825,
            "id": "2juk.A.8"
        },
        {
            "index": 9,
            "index_chain": 9,
            "chain_name": "A",
            "nt_resnum": 9,
            "nt_name": "C",
            "nt_code": "C",
            "nt_id": "A.C9",
            "nt_type": "RNA",
            "dbn": "(",
            "summary": "anti,~C3'-endo,canonical,non-pair-contact,helix,stem-end,hairpin-loop,phosphate",
            "alpha": -75.4,
            "beta": -170.9,
            "gamma": 52.9,
            "delta": 81.0,
            "epsilon": -153.4,
            "zeta": -57.6,
            "epsilon_zeta": -95.9,
            "bb_type": "--",
            "chi": -158.6,
            "glyco_bond": "anti",
            "C5prime_xyz": [
                -1.039,
                8.605,
                0.913
            ],
            "P_xyz": [
                1.484,
                8.833,
                1.667
            ],
            "form": ".",
            "ssZp": 4.45,
            "Dp": 4.65,
            "splay_angle": 31.587,
            "splay_distance": 4.829,
            "splay_ratio": 0.274,
            "eta": 170.6,
            "theta": -132.5,
            "eta_prime": 176.4,
            "theta_prime": -126.3,
            "eta_base": -157.9,
            "theta_base": -76.9,
            "v0": 3.6,
            "v1": -25.8,
            "v2": 35.7,
            "v3": -35.5,
            "v4": 20.5,
            "amplitude": 36.8,
            "phase_angle": 13.7,
            "puckering": "C3'-endo",
            "sugar_class": "~C3'-endo",
            "bin": "33p",
            "cluster": "1a",
            "suiteness": 0.605,
            "filter_rmsd": 0.064,
            "frame": {
                "rmsd": 0.006,
                "origin": [
                    -4.149,
                    9.654,
                    -2.135
                ],
                "x_axis": [
                    0.614,
                    -0.703,
                    0.359
                ],
                "y_axis": [
                    0.673,
                    0.228,
                    -0.704
                ],
                "z_axis": [
                    0.413,
                    0.674,
                    0.613
                ],
                "quaternion": [
                    0.783,
                    -0.44,
                    0.017,
                    -0.439
                ]
            },
            "sse": {
                "sse": "hairpin_1"
            },
            "binding_protein": null,
            "binding_ion": "G0B",
            "binding_small-molecule": true,
            "TotalAsa": 152.1733614781494,
            "PolarAsa": 97.55044468901141,
            "ApolarAsa": 54.622916789137975,
            "id": "2juk.A.9"
        }
    ],
    "links": [
        {
            "LW": "B53",
            "backbone": true,
            "source": "2juk.A.1",
            "target": "2juk.A.2"
        },
        {
            "index": 1,
            "nt1": "A.G1",
            "nt2": "A.C22",
            "bp": "G-C",
            "name": "WC",
            "Saenger": "19-XIX",
            "LW": "cWW",
            "DSSR": "cW-W",
            "source": "2juk.A.1",
            "target": "2juk.A.22"
        },
        {
            "LW": "B53",
            "backbone": true,
            "source": "2juk.A.10",
            "target": "2juk.A.11"
        },
        {
            "LW": "B35",
            "backbone": true,
            "source": "2juk.A.10",
            "target": "2juk.A.9"
        },
        {
            "index": 10,
            "nt1": "A.A10",
            "nt2": "A.A13",
            "bp": "A-A",
            "name": "~Sheared",
            "Saenger": "--",
            "LW": "tSH",
            "DSSR": "tm-M",
            "source": "2juk.A.10",
            "target": "2juk.A.13"
        },
        {
            "LW": "B53",
            "backbone": true,
            "source": "2juk.A.11",
            "target": "2juk.A.12"
        },
        {
            "LW": "B35",
            "backbone": true,
            "source": "2juk.A.11",
            "target": "2juk.A.10"
        },
        {
            "LW": "B53",
            "backbone": true,
            "source": "2juk.A.12",
            "target": "2juk.A.13"
        },
        {
            "LW": "B35",
            "backbone": true,
            "source": "2juk.A.12",
            "target": "2juk.A.11"
        },
        {
            "LW": "B53",
            "backbone": true,
            "source": "2juk.A.13",
            "target": "2juk.A.14"
        },
        {
            "LW": "B35",
            "backbone": true,
            "source": "2juk.A.13",
            "target": "2juk.A.12"
        },
        {
            "index": 10,
            "nt1": "A.A13",
            "nt2": "A.A10",
            "bp": "A-A",
            "name": "~Sheared",
            "Saenger": "--",
            "LW": "tHS",
            "DSSR": "tm-M",
            "source": "2juk.A.13",
            "target": "2juk.A.10"
        },
        {
            "LW": "B53",
            "backbone": true,
            "source": "2juk.A.14",
            "target": "2juk.A.15"
        },
        {
            "LW": "B35",
            "backbone": true,
            "source": "2juk.A.14",
            "target": "2juk.A.13"
        },
        {
            "index": 9,
            "nt1": "A.G14",
            "nt2": "A.C9",
            "bp": "G-C",
            "name": "WC",
            "Saenger": "19-XIX",
            "LW": "cWW",
            "DSSR": "cW-W",
            "source": "2juk.A.14",
            "target": "2juk.A.9"
        },
        {
            "LW": "B53",
            "backbone": true,
            "source": "2juk.A.15",
            "target": "2juk.A.16"
        },
        {
            "LW": "B35",
            "backbone": true,
            "source": "2juk.A.15",
            "target": "2juk.A.14"
        },
        {
            "index": 8,
            "nt1": "A.G15",
            "nt2": "A.C8",
            "bp": "G-C",
            "name": "WC",
            "Saenger": "19-XIX",
            "LW": "cWW",
            "DSSR": "cW-W",
            "source": "2juk.A.15",
            "target": "2juk.A.8"
        },
        {
            "LW": "B53",
            "backbone": true,
            "source": "2juk.A.16",
            "target": "2juk.A.17"
        },
        {
            "LW": "B35",
            "backbone": true,
            "source": "2juk.A.16",
            "target": "2juk.A.15"
        },
        {
            "index": 7,
            "nt1": "A.G16",
            "nt2": "A.C7",
            "bp": "G-C",
            "name": "WC",
            "Saenger": "19-XIX",
            "LW": "cWW",
            "DSSR": "cW-W",
            "source": "2juk.A.16",
            "target": "2juk.A.7"
        },
        {
            "LW": "B53",
            "backbone": true,
            "source": "2juk.A.17",
            "target": "2juk.A.18"
        },
        {
            "LW": "B35",
            "backbone": true,
            "source": "2juk.A.17",
            "target": "2juk.A.16"
        },
        {
            "index": 6,
            "nt1": "A.A17",
            "nt2": "A.U6",
            "bp": "A-U",
            "name": "WC",
            "Saenger": "20-XX",
            "LW": "cWW",
            "DSSR": "cW-W",
            "source": "2juk.A.17",
            "target": "2juk.A.6"
        },
        {
            "LW": "B53",
            "backbone": true,
            "source": "2juk.A.18",
            "target": "2juk.A.19"
        },
        {
            "LW": "B35",
            "backbone": true,
            "source": "2juk.A.18",
            "target": "2juk.A.17"
        },
        {
            "index": 5,
            "nt1": "A.A18",
            "nt2": "A.U5",
            "bp": "A-U",
            "name": "WC",
            "Saenger": "20-XX",
            "LW": "cWW",
            "DSSR": "cW-W",
            "source": "2juk.A.18",
            "target": "2juk.A.5"
        },
        {
            "LW": "B53",
            "backbone": true,
            "source": "2juk.A.19",
            "target": "2juk.A.20"
        },
        {
            "LW": "B35",
            "backbone": true,
            "source": "2juk.A.19",
            "target": "2juk.A.18"
        },
        {
            "index": 4,
            "nt1": "A.G19",
            "nt2": "A.C4",
            "bp": "G-C",
            "name": "WC",
            "Saenger": "19-XIX",
            "LW": "cWW",
            "DSSR": "cW-W",
            "source": "2juk.A.19",
            "target": "2juk.A.4"
        },
        {
            "LW": "B53",
            "backbone": true,
            "source": "2juk.A.2",
            "target": "2juk.A.3"
        },
        {
            "LW": "B35",
            "backbone": true,
            "source": "2juk.A.2",
            "target": "2juk.A.1"
        },
        {
            "index": 2,
            "nt1": "A.G2",
            "nt2": "A.C21",
            "bp": "G-C",
            "name": "WC",
            "Saenger": "19-XIX",
            "LW": "cWW",
            "DSSR": "cW-W",
            "source": "2juk.A.2",
            "target": "2juk.A.21"
        },
        {
            "LW": "B53",
            "backbone": true,
            "source": "2juk.A.20",
            "target": "2juk.A.21"
        },
        {
            "LW": "B35",
            "backbone": true,
            "source": "2juk.A.20",
            "target": "2juk.A.19"
        },
        {
            "index": 3,
            "nt1": "A.G20",
            "nt2": "A.C3",
            "bp": "G-C",
            "name": "WC",
            "Saenger": "19-XIX",
            "LW": "cWW",
            "DSSR": "cW-W",
            "source": "2juk.A.20",
            "target": "2juk.A.3"
        },
        {
            "LW": "B53",
            "backbone": true,
            "source": "2juk.A.21",
            "target": "2juk.A.22"
        },
        {
            "LW": "B35",
            "backbone": true,
            "source": "2juk.A.21",
            "target": "2juk.A.20"
        },
        {
            "index": 2,
            "nt1": "A.C21",
            "nt2": "A.G2",
            "bp": "C-G",
            "name": "WC",
            "Saenger": "19-XIX",
            "LW": "cWW",
            "DSSR": "cW-W",
            "source": "2juk.A.21",
            "target": "2juk.A.2"
        },
        {
            "LW": "B35",
            "backbone": true,
            "source": "2juk.A.22",
            "target": "2juk.A.21"
        },
        {
            "index": 1,
            "nt1": "A.C22",
            "nt2": "A.G1",
            "bp": "C-G",
            "name": "WC",
            "Saenger": "19-XIX",
            "LW": "cWW",
            "DSSR": "cW-W",
            "source": "2juk.A.22",
            "target": "2juk.A.1"
        },
        {
            "LW": "B53",
            "backbone": true,
            "source": "2juk.A.3",
            "target": "2juk.A.4"
        },
        {
            "LW": "B35",
            "backbone": true,
            "source": "2juk.A.3",
            "target": "2juk.A.2"
        },
        {
            "index": 3,
            "nt1": "A.C3",
            "nt2": "A.G20",
            "bp": "C-G",
            "name": "WC",
            "Saenger": "19-XIX",
            "LW": "cWW",
            "DSSR": "cW-W",
            "source": "2juk.A.3",
            "target": "2juk.A.20"
        },
        {
            "LW": "B53",
            "backbone": true,
            "source": "2juk.A.4",
            "target": "2juk.A.5"
        },
        {
            "LW": "B35",
            "backbone": true,
            "source": "2juk.A.4",
            "target": "2juk.A.3"
        },
        {
            "index": 4,
            "nt1": "A.C4",
            "nt2": "A.G19",
            "bp": "C-G",
            "name": "WC",
            "Saenger": "19-XIX",
            "LW": "cWW",
            "DSSR": "cW-W",
            "source": "2juk.A.4",
            "target": "2juk.A.19"
        },
        {
            "LW": "B53",
            "backbone": true,
            "source": "2juk.A.5",
            "target": "2juk.A.6"
        },
        {
            "LW": "B35",
            "backbone": true,
            "source": "2juk.A.5",
            "target": "2juk.A.4"
        },
        {
            "index": 5,
            "nt1": "A.U5",
            "nt2": "A.A18",
            "bp": "U-A",
            "name": "WC",
            "Saenger": "20-XX",
            "LW": "cWW",
            "DSSR": "cW-W",
            "source": "2juk.A.5",
            "target": "2juk.A.18"
        },
        {
            "LW": "B53",
            "backbone": true,
            "source": "2juk.A.6",
            "target": "2juk.A.7"
        },
        {
            "LW": "B35",
            "backbone": true,
            "source": "2juk.A.6",
            "target": "2juk.A.5"
        },
        {
            "index": 6,
            "nt1": "A.U6",
            "nt2": "A.A17",
            "bp": "U-A",
            "name": "WC",
            "Saenger": "20-XX",
            "LW": "cWW",
            "DSSR": "cW-W",
            "source": "2juk.A.6",
            "target": "2juk.A.17"
        },
        {
            "LW": "B53",
            "backbone": true,
            "source": "2juk.A.7",
            "target": "2juk.A.8"
        },
        {
            "LW": "B35",
            "backbone": true,
            "source": "2juk.A.7",
            "target": "2juk.A.6"
        },
        {
            "index": 7,
            "nt1": "A.C7",
            "nt2": "A.G16",
            "bp": "C-G",
            "name": "WC",
            "Saenger": "19-XIX",
            "LW": "cWW",
            "DSSR": "cW-W",
            "source": "2juk.A.7",
            "target": "2juk.A.16"
        },
        {
            "LW": "B53",
            "backbone": true,
            "source": "2juk.A.8",
            "target": "2juk.A.9"
        },
        {
            "LW": "B35",
            "backbone": true,
            "source": "2juk.A.8",
            "target": "2juk.A.7"
        },
        {
            "index": 8,
            "nt1": "A.C8",
            "nt2": "A.G15",
            "bp": "C-G",
            "name": "WC",
            "Saenger": "19-XIX",
            "LW": "cWW",
            "DSSR": "cW-W",
            "source": "2juk.A.8",
            "target": "2juk.A.15"
        },
        {
            "LW": "B53",
            "backbone": true,
            "source": "2juk.A.9",
            "target": "2juk.A.10"
        },
        {
            "LW": "B35",
            "backbone": true,
            "source": "2juk.A.9",
            "target": "2juk.A.8"
        },
        {
            "index": 9,
            "nt1": "A.C9",
            "nt2": "A.G14",
            "bp": "C-G",
            "name": "WC",
            "Saenger": "19-XIX",
            "LW": "cWW",
            "DSSR": "cW-W",
            "source": "2juk.A.9",
            "target": "2juk.A.14"
        }
    ]
}