{
    "directed": true,
    "multigraph": false,
    "graph": {
        "dbn": {
            "all_chains": {
                "num_nts": 26,
                "num_chars": 26,
                "bseq": "GAGCUGCAGCACGAAAGUGACGGCUC",
                "sstr": "((((((...(((....))).))))))",
                "form": ".A.......AA.....A....AAA.-"
            },
            "single_chains": {
                "m1_chain_A": {
                    "num_nts": 26,
                    "num_chars": 26,
                    "bseq": "GAGCUGCAGCACGAAAGUGACGGCUC",
                    "sstr": "((((((...(((....))).))))))",
                    "form": ".A.......AA.....A....AAA.-"
                }
            }
        },
        "resolution_low": null,
        "resolution_high": null
    },
    "nodes": [
        {
            "index": 1,
            "index_chain": 1,
            "chain_name": "A",
            "nt_resnum": 1,
            "nt_name": "G",
            "nt_code": "G",
            "nt_id": "A.G1",
            "nt_type": "RNA",
            "dbn": "(",
            "summary": "anti,~C3'-endo,BI,canonical,non-pair-contact,helix-end,stem-end,coaxial-stack",
            "alpha": null,
            "beta": null,
            "gamma": 45.7,
            "delta": 90.8,
            "epsilon": -145.5,
            "zeta": -78.6,
            "epsilon_zeta": -66.9,
            "bb_type": "BI",
            "chi": -157.4,
            "glyco_bond": "anti",
            "C5prime_xyz": [
                -1.099,
                8.803,
                0.466
            ],
            "P_xyz": [
                null,
                null,
                null
            ],
            "form": ".",
            "ssZp": 4.3,
            "Dp": 4.54,
            "splay_angle": 30.824,
            "splay_distance": 4.952,
            "splay_ratio": 0.266,
            "eta": null,
            "theta": null,
            "eta_prime": null,
            "theta_prime": null,
            "eta_base": null,
            "theta_base": null,
            "v0": 2.6,
            "v1": -23.3,
            "v2": 33.7,
            "v3": -33.2,
            "v4": 19.3,
            "amplitude": 34.8,
            "phase_angle": 14.4,
            "puckering": "C3'-endo",
            "sugar_class": "~C3'-endo",
            "bin": "inc",
            "cluster": "__",
            "suiteness": 0.0,
            "filter_rmsd": 0.016,
            "frame": {
                "rmsd": 0.016,
                "origin": [
                    209.925,
                    -56.932,
                    6.342
                ],
                "x_axis": [
                    -0.07,
                    -0.214,
                    -0.974
                ],
                "y_axis": [
                    0.408,
                    -0.897,
                    0.168
                ],
                "z_axis": [
                    -0.91,
                    -0.386,
                    0.151
                ],
                "quaternion": [
                    -0.214,
                    -0.647,
                    -0.075,
                    0.728
                ]
            },
            "sse": {
                "sse": null
            },
            "binding_protein": null,
            "binding_ion": "MG",
            "binding_small-molecule": true,
            "TotalAsa": 280.91453419151566,
            "PolarAsa": 180.97408709476966,
            "ApolarAsa": 99.94044709674601,
            "id": "2mis.A.1"
        },
        {
            "index": 10,
            "index_chain": 10,
            "chain_name": "A",
            "nt_resnum": 10,
            "nt_name": "C",
            "nt_code": "C",
            "nt_id": "A.C10",
            "nt_type": "RNA",
            "dbn": "(",
            "summary": "anti,~C3'-endo,BI,non-stack,canonical,non-pair-contact,helix,stem-end,coaxial-stack,internal-loop",
            "alpha": -42.9,
            "beta": 143.6,
            "gamma": 65.1,
            "delta": 93.6,
            "epsilon": -138.5,
            "zeta": -75.3,
            "epsilon_zeta": -63.2,
            "bb_type": "BI",
            "chi": -166.1,
            "glyco_bond": "anti",
            "C5prime_xyz": [
                -1.147,
                8.559,
                0.964
            ],
            "P_xyz": [
                1.451,
                8.432,
                0.446
            ],
            "form": "A",
            "ssZp": 4.39,
            "Dp": 4.63,
            "splay_angle": 26.277,
            "splay_distance": 4.317,
            "splay_ratio": 0.228,
            "eta": -168.8,
            "theta": -127.4,
            "eta_prime": -152.5,
            "theta_prime": -133.2,
            "eta_base": -116.9,
            "theta_base": -117.7,
            "v0": 9.3,
            "v1": -27.9,
            "v2": 34.7,
            "v3": -30.3,
            "v4": 13.2,
            "amplitude": 34.8,
            "phase_angle": 3.4,
            "puckering": "C3'-endo",
            "sugar_class": "~C3'-endo",
            "bin": "33p",
            "cluster": "1a",
            "suiteness": 0.22,
            "filter_rmsd": 0.067,
            "frame": {
                "rmsd": 0.008,
                "origin": [
                    201.44,
                    -78.162,
                    1.154
                ],
                "x_axis": [
                    -0.485,
                    0.386,
                    0.785
                ],
                "y_axis": [
                    -0.872,
                    -0.15,
                    -0.465
                ],
                "z_axis": [
                    -0.062,
                    -0.91,
                    0.409
                ],
                "quaternion": [
                    0.44,
                    0.253,
                    -0.481,
                    0.715
                ]
            },
            "sse": {
                "sse": null
            },
            "binding_protein": null,
            "binding_ion": "MG",
            "binding_small-molecule": true,
            "TotalAsa": 167.0688826267441,
            "PolarAsa": 130.6148442310588,
            "ApolarAsa": 36.45403839568532,
            "id": "2mis.A.10"
        },
        {
            "index": 11,
            "index_chain": 11,
            "chain_name": "A",
            "nt_resnum": 11,
            "nt_name": "A",
            "nt_code": "A",
            "nt_id": "A.A11",
            "nt_type": "RNA",
            "dbn": "(",
            "summary": "anti,~C3'-endo,BI,canonical,non-pair-contact,helix,stem,coaxial-stack",
            "alpha": -76.0,
            "beta": -172.5,
            "gamma": 43.8,
            "delta": 89.9,
            "epsilon": -147.5,
            "zeta": -68.8,
            "epsilon_zeta": -78.7,
            "bb_type": "BI",
            "chi": -140.2,
            "glyco_bond": "anti",
            "C5prime_xyz": [
                -1.113,
                8.716,
                -0.575
            ],
            "P_xyz": [
                1.474,
                9.227,
                -0.491
            ],
            "form": "A",
            "ssZp": 3.7,
            "Dp": 4.57,
            "splay_angle": 23.384,
            "splay_distance": 3.946,
            "splay_ratio": 0.203,
            "eta": 163.1,
            "theta": -137.4,
            "eta_prime": 175.9,
            "theta_prime": -134.7,
            "eta_base": -151.9,
            "theta_base": -118.7,
            "v0": 3.6,
            "v1": -24.6,
            "v2": 35.0,
            "v3": -34.0,
            "v4": 19.1,
            "amplitude": 35.9,
            "phase_angle": 13.0,
            "puckering": "C3'-endo",
            "sugar_class": "~C3'-endo",
            "bin": "33p",
            "cluster": "1a",
            "suiteness": 0.396,
            "filter_rmsd": 0.036,
            "frame": {
                "rmsd": 0.018,
                "origin": [
                    202.005,
                    -81.395,
                    3.959
                ],
                "x_axis": [
                    -0.857,
                    0.35,
                    0.378
                ],
                "y_axis": [
                    -0.505,
                    -0.421,
                    -0.753
                ],
                "z_axis": [
                    -0.104,
                    -0.837,
                    0.538
                ],
                "quaternion": [
                    0.255,
                    0.082,
                    -0.474,
                    0.839
                ]
            },
            "sse": {
                "sse": null
            },
            "binding_protein": null,
            "binding_ion": "MG",
            "binding_small-molecule": true,
            "TotalAsa": 184.9277369334122,
            "PolarAsa": 130.19641995595796,
            "ApolarAsa": 54.73131697745427,
            "id": "2mis.A.11"
        },
        {
            "index": 12,
            "index_chain": 12,
            "chain_name": "A",
            "nt_resnum": 12,
            "nt_name": "C",
            "nt_code": "C",
            "nt_id": "A.C12",
            "nt_type": "RNA",
            "dbn": "(",
            "summary": "anti,~C3'-endo,BI,canonical,non-pair-contact,helix,stem-end,coaxial-stack,hairpin-loop",
            "alpha": -81.9,
            "beta": 162.7,
            "gamma": 80.0,
            "delta": 88.9,
            "epsilon": -148.5,
            "zeta": -71.6,
            "epsilon_zeta": -76.9,
            "bb_type": "BI",
            "chi": -160.9,
            "glyco_bond": "anti",
            "C5prime_xyz": [
                -2.107,
                9.035,
                0.343
            ],
            "P_xyz": [
                0.29,
                10.085,
                -0.011
            ],
            "form": ".",
            "ssZp": 3.92,
            "Dp": 4.07,
            "splay_angle": 17.064,
            "splay_distance": 3.345,
            "splay_ratio": 0.164,
            "eta": 174.0,
            "theta": -108.4,
            "eta_prime": -167.3,
            "theta_prime": -125.1,
            "eta_base": -141.0,
            "theta_base": -84.9,
            "v0": -18.5,
            "v1": -4.5,
            "v2": 23.8,
            "v3": -35.5,
            "v4": 34.1,
            "amplitude": 36.1,
            "phase_angle": 48.8,
            "puckering": "C4'-exo",
            "sugar_class": "~C3'-endo",
            "bin": "33p",
            "cluster": "1a",
            "suiteness": 0.191,
            "filter_rmsd": 0.066,
            "frame": {
                "rmsd": 0.008,
                "origin": [
                    200.009,
                    -83.171,
                    6.862
                ],
                "x_axis": [
                    -0.809,
                    0.513,
                    -0.288
                ],
                "y_axis": [
                    -0.11,
                    -0.612,
                    -0.783
                ],
                "z_axis": [
                    -0.578,
                    -0.602,
                    0.552
                ],
                "quaternion": [
                    0.18,
                    -0.251,
                    -0.402,
                    0.862
                ]
            },
            "sse": {
                "sse": "hairpin_1"
            },
            "binding_protein": null,
            "binding_ion": "MG",
            "binding_small-molecule": true,
            "TotalAsa": 170.0155196164139,
            "PolarAsa": 113.9466249120852,
            "ApolarAsa": 56.068894704328734,
            "id": "2mis.A.12"
        },
        {
            "index": 13,
            "index_chain": 13,
            "chain_name": "A",
            "nt_resnum": 13,
            "nt_name": "G",
            "nt_code": "G",
            "nt_id": "A.G13",
            "nt_type": "RNA",
            "dbn": ".",
            "summary": "anti,~C3'-endo,non-canonical,non-pair-contact,helix-end,hairpin-loop,splayed-apart",
            "alpha": 115.9,
            "beta": -162.6,
            "gamma": -164.9,
            "delta": 88.6,
            "epsilon": -134.6,
            "zeta": -118.0,
            "epsilon_zeta": -16.5,
            "bb_type": "--",
            "chi": -154.6,
            "glyco_bond": "anti",
            "C5prime_xyz": [
                -1.5,
                9.005,
                0.196
            ],
            "P_xyz": [
                -0.707,
                10.826,
                -1.544
            ],
            "form": ".",
            "ssZp": 4.02,
            "Dp": 4.39,
            "splay_angle": 89.808,
            "splay_distance": 13.102,
            "splay_ratio": 0.707,
            "eta": 149.6,
            "theta": -179.2,
            "eta_prime": 168.4,
            "theta_prime": 152.5,
            "eta_base": -131.7,
            "theta_base": 106.0,
            "v0": -8.1,
            "v1": -14.5,
            "v2": 29.8,
            "v3": -35.6,
            "v4": 27.5,
            "amplitude": 35.1,
            "phase_angle": 31.7,
            "puckering": "C3'-endo",
            "sugar_class": "~C3'-endo",
            "bin": "33t",
            "cluster": "1c",
            "suiteness": 0.233,
            "filter_rmsd": 0.016,
            "frame": {
                "rmsd": 0.016,
                "origin": [
                    196.928,
                    -82.394,
                    7.91
                ],
                "x_axis": [
                    -0.564,
                    0.212,
                    -0.798
                ],
                "y_axis": [
                    0.111,
                    -0.938,
                    -0.328
                ],
                "z_axis": [
                    -0.819,
                    -0.274,
                    0.505
                ],
                "quaternion": [
                    0.029,
                    -0.466,
                    -0.173,
                    0.867
                ]
            },
            "sse": {
                "sse": "hairpin_1"
            },
            "binding_protein": null,
            "binding_ion": "MG",
            "binding_small-molecule": true,
            "TotalAsa": 204.3777760343184,
            "PolarAsa": 163.20615011667132,
            "ApolarAsa": 41.17162591764709,
            "id": "2mis.A.13"
        },
        {
            "index": 14,
            "index_chain": 14,
            "chain_name": "A",
            "nt_resnum": 14,
            "nt_name": "A",
            "nt_code": "A",
            "nt_id": "A.A14",
            "nt_type": "RNA",
            "dbn": ".",
            "summary": "turn,anti,~C3'-endo,BI,non-pair-contact,hairpin-loop,splayed-apart",
            "alpha": 135.2,
            "beta": -168.1,
            "gamma": 63.8,
            "delta": 91.9,
            "epsilon": -139.6,
            "zeta": -70.2,
            "epsilon_zeta": -69.5,
            "bb_type": "BI",
            "chi": -172.7,
            "glyco_bond": "anti",
            "C5prime_xyz": [
                -1.101,
                8.433,
                1.376
            ],
            "P_xyz": [
                1.432,
                8.382,
                2.12
            ],
            "form": ".",
            "ssZp": 4.58,
            "Dp": 4.63,
            "splay_angle": 29.428,
            "splay_distance": 4.587,
            "splay_ratio": 0.255,
            "eta": 31.9,
            "theta": -125.5,
            "eta_prime": 46.7,
            "theta_prime": -120.0,
            "eta_base": 37.0,
            "theta_base": -82.9,
            "v0": 7.6,
            "v1": -27.2,
            "v2": 35.3,
            "v3": -31.9,
            "v4": 15.3,
            "amplitude": 35.5,
            "phase_angle": 6.5,
            "puckering": "C3'-endo",
            "sugar_class": "~C3'-endo",
            "bin": "33p",
            "cluster": "1g",
            "suiteness": 0.01,
            "filter_rmsd": 0.035,
            "frame": {
                "rmsd": 0.018,
                "origin": [
                    201.897,
                    -91.074,
                    16.373
                ],
                "x_axis": [
                    0.589,
                    -0.481,
                    -0.649
                ],
                "y_axis": [
                    -0.796,
                    -0.209,
                    -0.568
                ],
                "z_axis": [
                    0.138,
                    0.851,
                    -0.506
                ],
                "quaternion": [
                    -0.467,
                    0.759,
                    -0.421,
                    -0.169
                ]
            },
            "sse": {
                "sse": "hairpin_1"
            },
            "binding_protein": null,
            "binding_ion": "MG",
            "binding_small-molecule": null,
            "TotalAsa": 307.60114154319655,
            "PolarAsa": 201.93096508388655,
            "ApolarAsa": 105.67017645931003,
            "id": "2mis.A.14"
        },
        {
            "index": 15,
            "index_chain": 15,
            "chain_name": "A",
            "nt_resnum": 15,
            "nt_name": "A",
            "nt_code": "A",
            "nt_id": "A.A15",
            "nt_type": "RNA",
            "dbn": ".",
            "summary": "anti,~C3'-endo,BI,non-pair-contact,hairpin-loop,phosphate",
            "alpha": -55.8,
            "beta": 151.9,
            "gamma": 65.0,
            "delta": 89.4,
            "epsilon": -143.0,
            "zeta": -77.6,
            "epsilon_zeta": -65.4,
            "bb_type": "BI",
            "chi": -170.1,
            "glyco_bond": "anti",
            "C5prime_xyz": [
                -1.619,
                8.753,
                1.093
            ],
            "P_xyz": [
                0.98,
                9.19,
                1.184
            ],
            "form": ".",
            "ssZp": 4.25,
            "Dp": 4.39,
            "splay_angle": 27.549,
            "splay_distance": 4.324,
            "splay_ratio": 0.24,
            "eta": 175.9,
            "theta": -135.9,
            "eta_prime": -155.8,
            "theta_prime": -133.6,
            "eta_base": -96.6,
            "theta_base": -73.6,
            "v0": -5.8,
            "v1": -16.2,
            "v2": 30.4,
            "v3": -34.8,
            "v4": 25.6,
            "amplitude": 34.4,
            "phase_angle": 28.2,
            "puckering": "C3'-endo",
            "sugar_class": "~C3'-endo",
            "bin": "33p",
            "cluster": "1a",
            "suiteness": 0.417,
            "filter_rmsd": 0.035,
            "frame": {
                "rmsd": 0.018,
                "origin": [
                    204.145,
                    -88.962,
                    12.978
                ],
                "x_axis": [
                    -0.123,
                    -0.345,
                    -0.93
                ],
                "y_axis": [
                    -0.984,
                    0.166,
                    0.069
                ],
                "z_axis": [
                    0.131,
                    0.924,
                    -0.36
                ],
                "quaternion": [
                    0.413,
                    -0.517,
                    0.642,
                    0.386
                ]
            },
            "sse": {
                "sse": "hairpin_1"
            },
            "binding_protein": null,
            "binding_ion": "MG",
            "binding_small-molecule": true,
            "TotalAsa": 174.6555734941735,
            "PolarAsa": 120.87675085387436,
            "ApolarAsa": 53.77882264029915,
            "id": "2mis.A.15"
        },
        {
            "index": 16,
            "index_chain": 16,
            "chain_name": "A",
            "nt_resnum": 16,
            "nt_name": "A",
            "nt_code": "A",
            "nt_id": "A.A16",
            "nt_type": "RNA",
            "dbn": ".",
            "summary": "anti,~C3'-endo,non-canonical,non-pair-contact,helix-end,hairpin-loop",
            "alpha": -57.7,
            "beta": 146.8,
            "gamma": 60.8,
            "delta": 89.4,
            "epsilon": -93.0,
            "zeta": -114.1,
            "epsilon_zeta": 21.0,
            "bb_type": "--",
            "chi": -144.5,
            "glyco_bond": "anti",
            "C5prime_xyz": [
                -0.913,
                8.634,
                -0.303
            ],
            "P_xyz": [
                1.521,
                8.313,
                -1.29
            ],
            "form": ".",
            "ssZp": 3.12,
            "Dp": 4.67,
            "splay_angle": 26.574,
            "splay_distance": 4.864,
            "splay_ratio": 0.234,
            "eta": -176.0,
            "theta": -100.2,
            "eta_prime": -154.3,
            "theta_prime": -105.1,
            "eta_base": -80.4,
            "theta_base": -80.4,
            "v0": 8.5,
            "v1": -29.5,
            "v2": 38.1,
            "v3": -34.4,
            "v4": 16.3,
            "amplitude": 38.3,
            "phase_angle": 6.2,
            "puckering": "C3'-endo",
            "sugar_class": "~C3'-endo",
            "bin": "33p",
            "cluster": "1a",
            "suiteness": 0.37,
            "filter_rmsd": 0.035,
            "frame": {
                "rmsd": 0.019,
                "origin": [
                    202.96,
                    -86.596,
                    9.558
                ],
                "x_axis": [
                    -0.759,
                    0.255,
                    -0.599
                ],
                "y_axis": [
                    -0.393,
                    0.553,
                    0.734
                ],
                "z_axis": [
                    0.518,
                    0.793,
                    -0.32
                ],
                "quaternion": [
                    0.344,
                    -0.043,
                    0.811,
                    0.471
                ]
            },
            "sse": {
                "sse": "hairpin_1"
            },
            "binding_protein": null,
            "binding_ion": "MG",
            "binding_small-molecule": true,
            "TotalAsa": 168.03035669703988,
            "PolarAsa": 118.62814505407394,
            "ApolarAsa": 49.402211642965966,
            "id": "2mis.A.16"
        },
        {
            "index": 17,
            "index_chain": 17,
            "chain_name": "A",
            "nt_resnum": 17,
            "nt_name": "G",
            "nt_code": "G",
            "nt_id": "A.G17",
            "nt_type": "RNA",
            "dbn": ")",
            "summary": "anti,~C3'-endo,BI,canonical,non-pair-contact,helix,stem-end,coaxial-stack,hairpin-loop",
            "alpha": 90.0,
            "beta": -94.3,
            "gamma": -154.3,
            "delta": 85.2,
            "epsilon": -138.0,
            "zeta": -80.3,
            "epsilon_zeta": -57.8,
            "bb_type": "BI",
            "chi": -152.5,
            "glyco_bond": "anti",
            "C5prime_xyz": [
                -1.187,
                8.897,
                0.118
            ],
            "P_xyz": [
                -1.314,
                9.781,
                -2.375
            ],
            "form": "A",
            "ssZp": 4.13,
            "Dp": 4.66,
            "splay_angle": 19.803,
            "splay_distance": 3.25,
            "splay_ratio": 0.172,
            "eta": 178.7,
            "theta": 172.9,
            "eta_prime": -160.7,
            "theta_prime": -179.1,
            "eta_base": -115.3,
            "theta_base": -168.0,
            "v0": 1.6,
            "v1": -25.3,
            "v2": 38.0,
            "v3": -38.2,
            "v4": 22.9,
            "amplitude": 39.6,
            "phase_angle": 16.3,
            "puckering": "C3'-endo",
            "sugar_class": "~C3'-endo",
            "bin": "trig",
            "cluster": "!!",
            "suiteness": 0.0,
            "filter_rmsd": 0.017,
            "frame": {
                "rmsd": 0.017,
                "origin": [
                    200.966,
                    -83.363,
                    6.519
                ],
                "x_axis": [
                    -0.859,
                    0.447,
                    -0.249
                ],
                "y_axis": [
                    0.053,
                    0.562,
                    0.826
                ],
                "z_axis": [
                    0.509,
                    0.696,
                    -0.506
                ],
                "quaternion": [
                    0.221,
                    0.146,
                    0.855,
                    0.445
                ]
            },
            "sse": {
                "sse": "hairpin_1"
            },
            "binding_protein": null,
            "binding_ion": "MG",
            "binding_small-molecule": true,
            "TotalAsa": 183.39188803006397,
            "PolarAsa": 150.20700247050502,
            "ApolarAsa": 33.184885559558914,
            "id": "2mis.A.17"
        },
        {
            "index": 18,
            "index_chain": 18,
            "chain_name": "A",
            "nt_resnum": 18,
            "nt_name": "U",
            "nt_code": "U",
            "nt_id": "A.U18",
            "nt_type": "RNA",
            "dbn": ")",
            "summary": "anti,~C3'-endo,BI,canonical,non-pair-contact,helix,stem,coaxial-stack",
            "alpha": -83.1,
            "beta": 162.4,
            "gamma": 73.6,
            "delta": 87.7,
            "epsilon": -156.4,
            "zeta": -82.9,
            "epsilon_zeta": -73.5,
            "bb_type": "BI",
            "chi": -158.2,
            "glyco_bond": "anti",
            "C5prime_xyz": [
                -1.946,
                8.97,
                0.339
            ],
            "P_xyz": [
                0.485,
                9.868,
                -0.12
            ],
            "form": ".",
            "ssZp": 4.16,
            "Dp": 4.25,
            "splay_angle": 30.699,
            "splay_distance": 5.06,
            "splay_ratio": 0.265,
            "eta": 165.3,
            "theta": -154.7,
            "eta_prime": -179.9,
            "theta_prime": -155.1,
            "eta_base": -160.5,
            "theta_base": -127.1,
            "v0": -12.8,
            "v1": -10.8,
            "v2": 28.3,
            "v3": -36.8,
            "v4": 31.3,
            "amplitude": 36.4,
            "phase_angle": 38.8,
            "puckering": "C4'-exo",
            "sugar_class": "~C3'-endo",
            "bin": "33p",
            "cluster": "1a",
            "suiteness": 0.385,
            "filter_rmsd": 0.099,
            "frame": {
                "rmsd": 0.017,
                "origin": [
                    202.122,
                    -81.644,
                    4.014
                ],
                "x_axis": [
                    -0.9,
                    0.309,
                    0.308
                ],
                "y_axis": [
                    0.43,
                    0.51,
                    0.745
                ],
                "z_axis": [
                    0.073,
                    0.803,
                    -0.592
                ],
                "quaternion": [
                    -0.068,
                    0.213,
                    0.866,
                    0.447
                ]
            },
            "sse": {
                "sse": null
            },
            "binding_protein": null,
            "binding_ion": "MG",
            "binding_small-molecule": true,
            "TotalAsa": 188.38875720027076,
            "PolarAsa": 121.82619183543159,
            "ApolarAsa": 66.5625653648392,
            "id": "2mis.A.18"
        },
        {
            "index": 19,
            "index_chain": 19,
            "chain_name": "A",
            "nt_resnum": 19,
            "nt_name": "G",
            "nt_code": "G",
            "nt_id": "A.G19",
            "nt_type": "RNA",
            "dbn": ")",
            "summary": "anti,~C3'-endo,BI,canonical,non-pair-contact,helix,stem-end,coaxial-stack,internal-loop",
            "alpha": -61.9,
            "beta": 163.0,
            "gamma": 65.6,
            "delta": 88.4,
            "epsilon": -137.7,
            "zeta": -101.3,
            "epsilon_zeta": -36.4,
            "bb_type": "BI",
            "chi": -155.4,
            "glyco_bond": "anti",
            "C5prime_xyz": [
                -1.494,
                8.992,
                0.243
            ],
            "P_xyz": [
                1.065,
                9.572,
                -0.032
            ],
            "form": ".",
            "ssZp": 4.03,
            "Dp": 4.4,
            "splay_angle": 27.27,
            "splay_distance": 4.576,
            "splay_ratio": 0.236,
            "eta": -174.8,
            "theta": -149.2,
            "eta_prime": -162.3,
            "theta_prime": -146.7,
            "eta_base": -125.9,
            "theta_base": -124.8,
            "v0": -7.3,
            "v1": -15.2,
            "v2": 30.3,
            "v3": -35.6,
            "v4": 27.1,
            "amplitude": 35.1,
            "phase_angle": 30.5,
            "puckering": "C3'-endo",
            "sugar_class": "~C3'-endo",
            "bin": "33p",
            "cluster": "1a",
            "suiteness": 0.654,
            "filter_rmsd": 0.016,
            "frame": {
                "rmsd": 0.016,
                "origin": [
                    201.488,
                    -78.031,
                    0.53
                ],
                "x_axis": [
                    -0.543,
                    0.584,
                    0.603
                ],
                "y_axis": [
                    0.816,
                    0.197,
                    0.544
                ],
                "z_axis": [
                    0.199,
                    0.787,
                    -0.584
                ],
                "quaternion": [
                    -0.132,
                    0.459,
                    0.762,
                    0.437
                ]
            },
            "sse": {
                "sse": null
            },
            "binding_protein": null,
            "binding_ion": "MG",
            "binding_small-molecule": true,
            "TotalAsa": 201.17821322352106,
            "PolarAsa": 158.72783992637846,
            "ApolarAsa": 42.45037329714261,
            "id": "2mis.A.19"
        },
        {
            "index": 2,
            "index_chain": 2,
            "chain_name": "A",
            "nt_resnum": 2,
            "nt_name": "A",
            "nt_code": "A",
            "nt_id": "A.A2",
            "nt_type": "RNA",
            "dbn": "(",
            "summary": "anti,~C3'-endo,BI,canonical,non-pair-contact,helix,stem,coaxial-stack",
            "alpha": -83.1,
            "beta": -171.3,
            "gamma": 54.5,
            "delta": 89.5,
            "epsilon": -149.2,
            "zeta": -74.3,
            "epsilon_zeta": -74.9,
            "bb_type": "BI",
            "chi": -156.5,
            "glyco_bond": "anti",
            "C5prime_xyz": [
                -1.072,
                8.726,
                0.405
            ],
            "P_xyz": [
                1.518,
                9.035,
                0.816
            ],
            "form": "A",
            "ssZp": 4.33,
            "Dp": 4.57,
            "splay_angle": 20.819,
            "splay_distance": 3.526,
            "splay_ratio": 0.185,
            "eta": 168.3,
            "theta": -141.8,
            "eta_prime": 178.5,
            "theta_prime": -140.4,
            "eta_base": -150.6,
            "theta_base": -124.9,
            "v0": 4.0,
            "v1": -25.3,
            "v2": 35.7,
            "v3": -34.4,
            "v4": 19.1,
            "amplitude": 36.5,
            "phase_angle": 12.4,
            "puckering": "C3'-endo",
            "sugar_class": "~C3'-endo",
            "bin": "33p",
            "cluster": "1a",
            "suiteness": 0.45,
            "filter_rmsd": 0.035,
            "frame": {
                "rmsd": 0.018,
                "origin": [
                    205.305,
                    -58.614,
                    5.751
                ],
                "x_axis": [
                    0.637,
                    -0.351,
                    -0.686
                ],
                "y_axis": [
                    0.407,
                    -0.603,
                    0.686
                ],
                "z_axis": [
                    -0.655,
                    -0.717,
                    -0.241
                ],
                "quaternion": [
                    0.445,
                    0.787,
                    0.018,
                    -0.426
                ]
            },
            "sse": {
                "sse": null
            },
            "binding_protein": null,
            "binding_ion": "MG",
            "binding_small-molecule": true,
            "TotalAsa": 191.33335959239307,
            "PolarAsa": 133.6746034207655,
            "ApolarAsa": 57.658756171627566,
            "id": "2mis.A.2"
        },
        {
            "index": 20,
            "index_chain": 20,
            "chain_name": "A",
            "nt_resnum": 20,
            "nt_name": "A",
            "nt_code": "A",
            "nt_id": "A.A20",
            "nt_type": "RNA",
            "dbn": ".",
            "summary": "anti,~C3'-endo,BI,non-canonical,non-pair-contact,helix,multiplet,internal-loop,A-minor",
            "alpha": -31.1,
            "beta": 148.1,
            "gamma": 38.2,
            "delta": 88.8,
            "epsilon": -156.3,
            "zeta": -49.0,
            "epsilon_zeta": -107.3,
            "bb_type": "BI",
            "chi": -146.9,
            "glyco_bond": "anti",
            "C5prime_xyz": [
                -1.732,
                8.968,
                -0.29
            ],
            "P_xyz": [
                0.833,
                9.601,
                -0.256
            ],
            "form": ".",
            "ssZp": 3.82,
            "Dp": 4.19,
            "splay_angle": 24.823,
            "splay_distance": 4.907,
            "splay_ratio": 0.232,
            "eta": 175.5,
            "theta": -88.9,
            "eta_prime": -169.4,
            "theta_prime": -108.9,
            "eta_base": -138.6,
            "theta_base": -96.7,
            "v0": -12.6,
            "v1": -9.9,
            "v2": 26.8,
            "v3": -35.2,
            "v4": 30.2,
            "amplitude": 34.8,
            "phase_angle": 39.5,
            "puckering": "C4'-exo",
            "sugar_class": "~C3'-endo",
            "bin": "33p",
            "cluster": "1a",
            "suiteness": 0.045,
            "filter_rmsd": 0.035,
            "frame": {
                "rmsd": 0.019,
                "origin": [
                    201.328,
                    -74.174,
                    -1.927
                ],
                "x_axis": [
                    -0.137,
                    0.487,
                    0.863
                ],
                "y_axis": [
                    0.971,
                    -0.105,
                    0.213
                ],
                "z_axis": [
                    0.194,
                    0.867,
                    -0.458
                ],
                "quaternion": [
                    -0.274,
                    0.597,
                    0.61,
                    0.442
                ]
            },
            "sse": {
                "sse": null
            },
            "binding_protein": null,
            "binding_ion": null,
            "binding_small-molecule": null,
            "TotalAsa": 189.66307157293917,
            "PolarAsa": 136.573649681021,
            "ApolarAsa": 53.08942189191821,
            "id": "2mis.A.20"
        },
        {
            "index": 21,
            "index_chain": 21,
            "chain_name": "A",
            "nt_resnum": 21,
            "nt_name": "C",
            "nt_code": "C",
            "nt_id": "A.C21",
            "nt_type": "RNA",
            "dbn": ")",
            "summary": "anti,~C3'-endo,BI,canonical,non-pair-contact,helix,stem-end,coaxial-stack,internal-loop",
            "alpha": 117.1,
            "beta": 177.1,
            "gamma": -163.4,
            "delta": 88.1,
            "epsilon": -167.9,
            "zeta": -102.1,
            "epsilon_zeta": -65.8,
            "bb_type": "BI",
            "chi": -167.8,
            "glyco_bond": "anti",
            "C5prime_xyz": [
                -2.31,
                8.982,
                0.787
            ],
            "P_xyz": [
                -2.076,
                11.353,
                -0.353
            ],
            "form": ".",
            "ssZp": 4.09,
            "Dp": 3.97,
            "splay_angle": 29.382,
            "splay_distance": 4.63,
            "splay_ratio": 0.254,
            "eta": 146.5,
            "theta": 133.1,
            "eta_prime": 165.4,
            "theta_prime": 148.0,
            "eta_base": -162.1,
            "theta_base": 171.2,
            "v0": -20.9,
            "v1": -2.7,
            "v2": 23.1,
            "v3": -36.2,
            "v4": 36.0,
            "amplitude": 37.3,
            "phase_angle": 51.8,
            "puckering": "C4'-exo",
            "sugar_class": "~C3'-endo",
            "bin": "33t",
            "cluster": "1c",
            "suiteness": 0.058,
            "filter_rmsd": 0.066,
            "frame": {
                "rmsd": 0.008,
                "origin": [
                    200.409,
                    -69.504,
                    -0.735
                ],
                "x_axis": [
                    0.04,
                    -0.373,
                    0.927
                ],
                "y_axis": [
                    0.909,
                    -0.371,
                    -0.189
                ],
                "z_axis": [
                    0.415,
                    0.85,
                    0.324
                ],
                "quaternion": [
                    -0.498,
                    0.522,
                    0.257,
                    0.643
                ]
            },
            "sse": {
                "sse": null
            },
            "binding_protein": null,
            "binding_ion": "MG",
            "binding_small-molecule": true,
            "TotalAsa": 197.33814791203218,
            "PolarAsa": 128.60658292912865,
            "ApolarAsa": 68.73156498290349,
            "id": "2mis.A.21"
        },
        {
            "index": 22,
            "index_chain": 22,
            "chain_name": "A",
            "nt_resnum": 22,
            "nt_name": "G",
            "nt_code": "G",
            "nt_id": "A.G22",
            "nt_type": "RNA",
            "dbn": ")",
            "summary": "anti,~C3'-endo,BI,canonical,non-pair-contact,helix,stem,coaxial-stack",
            "alpha": -75.2,
            "beta": 164.7,
            "gamma": 65.2,
            "delta": 87.3,
            "epsilon": -138.9,
            "zeta": -64.9,
            "epsilon_zeta": -74.1,
            "bb_type": "BI",
            "chi": -168.0,
            "glyco_bond": "anti",
            "C5prime_xyz": [
                -1.147,
                8.695,
                1.077
            ],
            "P_xyz": [
                1.474,
                8.966,
                0.96
            ],
            "form": "A",
            "ssZp": 4.58,
            "Dp": 4.67,
            "splay_angle": 23.189,
            "splay_distance": 3.8,
            "splay_ratio": 0.204,
            "eta": 175.9,
            "theta": -126.9,
            "eta_prime": 176.5,
            "theta_prime": -127.8,
            "eta_base": -164.9,
            "theta_base": -88.4,
            "v0": 3.8,
            "v1": -26.5,
            "v2": 37.7,
            "v3": -36.6,
            "v4": 20.6,
            "amplitude": 38.7,
            "phase_angle": 13.0,
            "puckering": "C3'-endo",
            "sugar_class": "~C3'-endo",
            "bin": "33p",
            "cluster": "&a",
            "suiteness": 0.543,
            "filter_rmsd": 0.017,
            "frame": {
                "rmsd": 0.017,
                "origin": [
                    199.626,
                    -65.097,
                    -1.919
                ],
                "x_axis": [
                    0.407,
                    -0.278,
                    0.87
                ],
                "y_axis": [
                    0.841,
                    -0.258,
                    -0.476
                ],
                "z_axis": [
                    0.357,
                    0.925,
                    0.128
                ],
                "quaternion": [
                    0.565,
                    -0.62,
                    -0.227,
                    -0.495
                ]
            },
            "sse": {
                "sse": null
            },
            "binding_protein": null,
            "binding_ion": "MG",
            "binding_small-molecule": true,
            "TotalAsa": 216.96331490670335,
            "PolarAsa": 165.25407250707815,
            "ApolarAsa": 51.709242399625126,
            "id": "2mis.A.22"
        },
        {
            "index": 23,
            "index_chain": 23,
            "chain_name": "A",
            "nt_resnum": 23,
            "nt_name": "G",
            "nt_code": "G",
            "nt_id": "A.G23",
            "nt_type": "RNA",
            "dbn": ")",
            "summary": "anti,~C3'-endo,BI,canonical,non-pair-contact,helix,stem,coaxial-stack",
            "alpha": -83.2,
            "beta": 162.9,
            "gamma": 72.1,
            "delta": 86.0,
            "epsilon": -140.7,
            "zeta": -75.2,
            "epsilon_zeta": -65.6,
            "bb_type": "BI",
            "chi": -167.0,
            "glyco_bond": "anti",
            "C5prime_xyz": [
                -1.502,
                8.864,
                0.96
            ],
            "P_xyz": [
                1.053,
                9.496,
                0.773
            ],
            "form": "A",
            "ssZp": 4.45,
            "Dp": 4.54,
            "splay_angle": 20.522,
            "splay_distance": 3.472,
            "splay_ratio": 0.181,
            "eta": 163.6,
            "theta": -139.5,
            "eta_prime": -174.0,
            "theta_prime": -140.5,
            "eta_base": -113.3,
            "theta_base": -114.6,
            "v0": -4.2,
            "v1": -19.5,
            "v2": 34.3,
            "v3": -37.9,
            "v4": 26.5,
            "amplitude": 37.8,
            "phase_angle": 25.0,
            "puckering": "C3'-endo",
            "sugar_class": "~C3'-endo",
            "bin": "33p",
            "cluster": "1a",
            "suiteness": 0.34,
            "filter_rmsd": 0.016,
            "frame": {
                "rmsd": 0.016,
                "origin": [
                    201.141,
                    -62.982,
                    0.85
                ],
                "x_axis": [
                    0.81,
                    -0.508,
                    0.293
                ],
                "y_axis": [
                    0.398,
                    0.11,
                    -0.911
                ],
                "z_axis": [
                    0.43,
                    0.854,
                    0.291
                ],
                "quaternion": [
                    0.744,
                    -0.593,
                    0.046,
                    -0.305
                ]
            },
            "sse": {
                "sse": null
            },
            "binding_protein": null,
            "binding_ion": "MG",
            "binding_small-molecule": true,
            "TotalAsa": 183.88749619989795,
            "PolarAsa": 146.46193389224362,
            "ApolarAsa": 37.425562307654296,
            "id": "2mis.A.23"
        },
        {
            "index": 24,
            "index_chain": 24,
            "chain_name": "A",
            "nt_resnum": 24,
            "nt_name": "C",
            "nt_code": "C",
            "nt_id": "A.C24",
            "nt_type": "RNA",
            "dbn": ")",
            "summary": "anti,~C3'-endo,BI,canonical,non-pair-contact,helix,stem,coaxial-stack",
            "alpha": -78.7,
            "beta": 165.9,
            "gamma": 65.2,
            "delta": 85.5,
            "epsilon": -157.7,
            "zeta": -83.8,
            "epsilon_zeta": -74.0,
            "bb_type": "BI",
            "chi": -157.1,
            "glyco_bond": "anti",
            "C5prime_xyz": [
                -1.724,
                8.985,
                0.356
            ],
            "P_xyz": [
                0.769,
                9.789,
                0.04
            ],
            "form": "A",
            "ssZp": 4.28,
            "Dp": 4.41,
            "splay_angle": 22.534,
            "splay_distance": 3.657,
            "splay_ratio": 0.195,
            "eta": 162.6,
            "theta": -159.8,
            "eta_prime": -179.6,
            "theta_prime": -161.3,
            "eta_base": -137.5,
            "theta_base": -147.4,
            "v0": -8.2,
            "v1": -16.3,
            "v2": 32.9,
            "v3": -38.7,
            "v4": 29.6,
            "amplitude": 38.3,
            "phase_angle": 30.8,
            "puckering": "C3'-endo",
            "sugar_class": "~C3'-endo",
            "bin": "33p",
            "cluster": "1a",
            "suiteness": 0.577,
            "filter_rmsd": 0.065,
            "frame": {
                "rmsd": 0.008,
                "origin": [
                    202.94,
                    -61.15,
                    3.188
                ],
                "x_axis": [
                    0.811,
                    -0.508,
                    -0.291
                ],
                "y_axis": [
                    -0.0,
                    0.496,
                    -0.868
                ],
                "z_axis": [
                    0.585,
                    0.704,
                    0.402
                ],
                "quaternion": [
                    0.823,
                    -0.478,
                    0.266,
                    -0.154
                ]
            },
            "sse": {
                "sse": null
            },
            "binding_protein": null,
            "binding_ion": "MG",
            "binding_small-molecule": null,
            "TotalAsa": 186.85528577235254,
            "PolarAsa": 124.63997954849643,
            "ApolarAsa": 62.21530622385615,
            "id": "2mis.A.24"
        },
        {
            "index": 25,
            "index_chain": 25,
            "chain_name": "A",
            "nt_resnum": 25,
            "nt_name": "U",
            "nt_code": "U",
            "nt_id": "A.U25",
            "nt_type": "RNA",
            "dbn": ")",
            "summary": "anti,~C3'-endo,BI,canonical,non-pair-contact,helix,stem,coaxial-stack",
            "alpha": -83.1,
            "beta": 171.5,
            "gamma": 64.3,
            "delta": 86.6,
            "epsilon": -137.9,
            "zeta": -73.5,
            "epsilon_zeta": -64.4,
            "bb_type": "BI",
            "chi": -149.1,
            "glyco_bond": "anti",
            "C5prime_xyz": [
                -1.382,
                8.851,
                -0.04
            ],
            "P_xyz": [
                1.143,
                9.33,
                -0.636
            ],
            "form": ".",
            "ssZp": 4.02,
            "Dp": 4.65,
            "splay_angle": 33.414,
            "splay_distance": 5.595,
            "splay_ratio": 0.289,
            "eta": 169.8,
            "theta": -132.8,
            "eta_prime": 175.9,
            "theta_prime": -130.6,
            "eta_base": -162.4,
            "theta_base": -106.6,
            "v0": 1.2,
            "v1": -24.2,
            "v2": 36.7,
            "v3": -37.1,
            "v4": 22.6,
            "amplitude": 38.3,
            "phase_angle": 16.9,
            "puckering": "C3'-endo",
            "sugar_class": "~C3'-endo",
            "bin": "33p",
            "cluster": "1a",
            "suiteness": 0.516,
            "filter_rmsd": 0.101,
            "frame": {
                "rmsd": 0.016,
                "origin": [
                    204.585,
                    -59.147,
                    5.769
                ],
                "x_axis": [
                    0.699,
                    -0.285,
                    -0.656
                ],
                "y_axis": [
                    -0.257,
                    0.755,
                    -0.603
                ],
                "z_axis": [
                    0.667,
                    0.59,
                    0.455
                ],
                "quaternion": [
                    0.853,
                    -0.35,
                    0.388,
                    -0.008
                ]
            },
            "sse": {
                "sse": null
            },
            "binding_protein": null,
            "binding_ion": null,
            "binding_small-molecule": null,
            "TotalAsa": 173.25377534394713,
            "PolarAsa": 123.78473557536367,
            "ApolarAsa": 49.46903976858348,
            "id": "2mis.A.25"
        },
        {
            "index": 26,
            "index_chain": 26,
            "chain_name": "A",
            "nt_resnum": 26,
            "nt_name": "C",
            "nt_code": "C",
            "nt_id": "A.C26",
            "nt_type": "RNA",
            "dbn": ")",
            "summary": "anti,~C3'-endo,canonical,non-pair-contact,helix-end,stem-end,coaxial-stack",
            "alpha": -58.7,
            "beta": 165.8,
            "gamma": 56.6,
            "delta": 81.7,
            "epsilon": null,
            "zeta": null,
            "epsilon_zeta": null,
            "bb_type": "--",
            "chi": -168.4,
            "glyco_bond": "anti",
            "C5prime_xyz": [
                -2.017,
                8.908,
                0.891
            ],
            "P_xyz": [
                0.394,
                9.835,
                1.421
            ],
            "form": "-",
            "ssZp": null,
            "Dp": null,
            "splay_angle": null,
            "splay_distance": null,
            "splay_ratio": null,
            "eta": null,
            "theta": null,
            "eta_prime": null,
            "theta_prime": null,
            "eta_base": null,
            "theta_base": null,
            "v0": -12.2,
            "v1": -12.1,
            "v2": 29.8,
            "v3": -38.1,
            "v4": 31.9,
            "amplitude": 37.5,
            "phase_angle": 37.4,
            "puckering": "C4'-exo",
            "sugar_class": "~C3'-endo",
            "bin": "33p",
            "cluster": "1a",
            "suiteness": 0.854,
            "filter_rmsd": 0.066,
            "frame": {
                "rmsd": 0.008,
                "origin": [
                    209.898,
                    -57.398,
                    5.635
                ],
                "x_axis": [
                    -0.003,
                    -0.152,
                    -0.988
                ],
                "y_axis": [
                    -0.749,
                    0.655,
                    -0.099
                ],
                "z_axis": [
                    0.662,
                    0.74,
                    -0.116
                ],
                "quaternion": [
                    0.62,
                    -0.338,
                    0.666,
                    0.241
                ]
            },
            "sse": {
                "sse": null
            },
            "binding_protein": null,
            "binding_ion": "MG",
            "binding_small-molecule": null,
            "TotalAsa": 276.3726842848949,
            "PolarAsa": 191.02983881713277,
            "ApolarAsa": 85.34284546776219,
            "id": "2mis.A.26"
        },
        {
            "index": 3,
            "index_chain": 3,
            "chain_name": "A",
            "nt_resnum": 3,
            "nt_name": "G",
            "nt_code": "G",
            "nt_id": "A.G3",
            "nt_type": "RNA",
            "dbn": "(",
            "summary": "anti,~C3'-endo,BI,canonical,non-pair-contact,helix,stem,coaxial-stack",
            "alpha": -70.2,
            "beta": 163.6,
            "gamma": 65.0,
            "delta": 86.8,
            "epsilon": -145.5,
            "zeta": -82.0,
            "epsilon_zeta": -63.5,
            "bb_type": "BI",
            "chi": -153.7,
            "glyco_bond": "anti",
            "C5prime_xyz": [
                -1.722,
                9.053,
                0.118
            ],
            "P_xyz": [
                0.767,
                9.848,
                -0.244
            ],
            "form": ".",
            "ssZp": 4.05,
            "Dp": 4.32,
            "splay_angle": 23.61,
            "splay_distance": 3.997,
            "splay_ratio": 0.205,
            "eta": 172.9,
            "theta": -148.2,
            "eta_prime": -171.8,
            "theta_prime": -148.1,
            "eta_base": -144.8,
            "theta_base": -123.1,
            "v0": -11.8,
            "v1": -11.9,
            "v2": 29.2,
            "v3": -37.2,
            "v4": 30.9,
            "amplitude": 36.7,
            "phase_angle": 37.1,
            "puckering": "C4'-exo",
            "sugar_class": "~C3'-endo",
            "bin": "33p",
            "cluster": "1a",
            "suiteness": 0.689,
            "filter_rmsd": 0.016,
            "frame": {
                "rmsd": 0.016,
                "origin": [
                    203.025,
                    -60.057,
                    3.481
                ],
                "x_axis": [
                    0.799,
                    -0.509,
                    -0.32
                ],
                "y_axis": [
                    0.017,
                    -0.514,
                    0.858
                ],
                "z_axis": [
                    -0.601,
                    -0.691,
                    -0.402
                ],
                "quaternion": [
                    0.47,
                    0.824,
                    -0.149,
                    -0.28
                ]
            },
            "sse": {
                "sse": null
            },
            "binding_protein": null,
            "binding_ion": "MG",
            "binding_small-molecule": null,
            "TotalAsa": 183.23696543490934,
            "PolarAsa": 139.31009583686767,
            "ApolarAsa": 43.92686959804165,
            "id": "2mis.A.3"
        },
        {
            "index": 4,
            "index_chain": 4,
            "chain_name": "A",
            "nt_resnum": 4,
            "nt_name": "C",
            "nt_code": "C",
            "nt_id": "A.C4",
            "nt_type": "RNA",
            "dbn": "(",
            "summary": "anti,~C3'-endo,BI,canonical,non-pair-contact,helix,stem,coaxial-stack",
            "alpha": -74.8,
            "beta": 163.0,
            "gamma": 65.1,
            "delta": 87.4,
            "epsilon": -159.3,
            "zeta": -80.1,
            "epsilon_zeta": -79.2,
            "bb_type": "BI",
            "chi": -151.2,
            "glyco_bond": "anti",
            "C5prime_xyz": [
                -1.709,
                9.012,
                -0.036
            ],
            "P_xyz": [
                0.787,
                9.727,
                -0.513
            ],
            "form": ".",
            "ssZp": 4.03,
            "Dp": 4.3,
            "splay_angle": 29.952,
            "splay_distance": 4.855,
            "splay_ratio": 0.259,
            "eta": 166.8,
            "theta": -155.4,
            "eta_prime": -177.6,
            "theta_prime": -154.9,
            "eta_base": -141.1,
            "theta_base": -123.6,
            "v0": -10.0,
            "v1": -13.4,
            "v2": 29.9,
            "v3": -36.8,
            "v4": 29.5,
            "amplitude": 36.2,
            "phase_angle": 34.3,
            "puckering": "C3'-endo",
            "sugar_class": "~C3'-endo",
            "bin": "33p",
            "cluster": "1a",
            "suiteness": 0.625,
            "filter_rmsd": 0.066,
            "frame": {
                "rmsd": 0.008,
                "origin": [
                    201.685,
                    -62.873,
                    0.981
                ],
                "x_axis": [
                    0.809,
                    -0.541,
                    0.227
                ],
                "y_axis": [
                    -0.426,
                    -0.275,
                    0.862
                ],
                "z_axis": [
                    -0.404,
                    -0.795,
                    -0.453
                ],
                "quaternion": [
                    0.52,
                    0.797,
                    -0.304,
                    -0.055
                ]
            },
            "sse": {
                "sse": null
            },
            "binding_protein": null,
            "binding_ion": "MG",
            "binding_small-molecule": true,
            "TotalAsa": 187.01170639840876,
            "PolarAsa": 125.88170601208182,
            "ApolarAsa": 61.13000038632694,
            "id": "2mis.A.4"
        },
        {
            "index": 5,
            "index_chain": 5,
            "chain_name": "A",
            "nt_resnum": 5,
            "nt_name": "U",
            "nt_code": "U",
            "nt_id": "A.U5",
            "nt_type": "RNA",
            "dbn": "(",
            "summary": "anti,~C3'-endo,BI,canonical,non-pair-contact,helix,stem,coaxial-stack",
            "alpha": -77.1,
            "beta": 162.8,
            "gamma": 76.2,
            "delta": 91.0,
            "epsilon": -137.8,
            "zeta": -70.4,
            "epsilon_zeta": -67.3,
            "bb_type": "BI",
            "chi": -156.7,
            "glyco_bond": "anti",
            "C5prime_xyz": [
                -1.24,
                8.734,
                0.405
            ],
            "P_xyz": [
                1.26,
                9.022,
                -0.388
            ],
            "form": ".",
            "ssZp": 4.27,
            "Dp": 4.62,
            "splay_angle": 13.127,
            "splay_distance": 2.201,
            "splay_ratio": 0.115,
            "eta": -179.1,
            "theta": -129.3,
            "eta_prime": -165.0,
            "theta_prime": -133.6,
            "eta_base": -124.3,
            "theta_base": -106.5,
            "v0": 4.5,
            "v1": -25.0,
            "v2": 34.7,
            "v3": -33.1,
            "v4": 18.0,
            "amplitude": 35.4,
            "phase_angle": 11.4,
            "puckering": "C3'-endo",
            "sugar_class": "~C3'-endo",
            "bin": "33p",
            "cluster": "1a",
            "suiteness": 0.233,
            "filter_rmsd": 0.1,
            "frame": {
                "rmsd": 0.016,
                "origin": [
                    200.552,
                    -67.135,
                    -1.049
                ],
                "x_axis": [
                    0.365,
                    -0.677,
                    0.64
                ],
                "y_axis": [
                    -0.794,
                    0.132,
                    0.593
                ],
                "z_axis": [
                    -0.486,
                    -0.724,
                    -0.489
                ],
                "quaternion": [
                    0.502,
                    0.656,
                    -0.56,
                    0.059
                ]
            },
            "sse": {
                "sse": null
            },
            "binding_protein": null,
            "binding_ion": "MG",
            "binding_small-molecule": true,
            "TotalAsa": 173.53127435965277,
            "PolarAsa": 121.29863230991941,
            "ApolarAsa": 52.232642049733364,
            "id": "2mis.A.5"
        },
        {
            "index": 6,
            "index_chain": 6,
            "chain_name": "A",
            "nt_resnum": 6,
            "nt_name": "G",
            "nt_code": "G",
            "nt_id": "A.G6",
            "nt_type": "RNA",
            "dbn": "(",
            "summary": "anti,~C3'-endo,canonical,non-pair-contact,helix,stem-end,coaxial-stack,internal-loop",
            "alpha": -92.0,
            "beta": 167.6,
            "gamma": 75.4,
            "delta": 89.4,
            "epsilon": -137.8,
            "zeta": -151.1,
            "epsilon_zeta": 13.3,
            "bb_type": "--",
            "chi": -122.7,
            "glyco_bond": "anti",
            "C5prime_xyz": [
                -1.887,
                8.715,
                -1.59
            ],
            "P_xyz": [
                0.259,
                9.007,
                -3.097
            ],
            "form": ".",
            "ssZp": 2.49,
            "Dp": 4.28,
            "splay_angle": 62.271,
            "splay_distance": 10.356,
            "splay_ratio": 0.519,
            "eta": 164.2,
            "theta": 159.7,
            "eta_prime": -177.6,
            "theta_prime": 166.4,
            "eta_base": -136.2,
            "theta_base": -176.9,
            "v0": -11.1,
            "v1": -11.0,
            "v2": 27.2,
            "v3": -34.7,
            "v4": 28.9,
            "amplitude": 34.2,
            "phase_angle": 37.3,
            "puckering": "C4'-exo",
            "sugar_class": "~C3'-endo",
            "bin": "33p",
            "cluster": "1a",
            "suiteness": 0.132,
            "filter_rmsd": 0.016,
            "frame": {
                "rmsd": 0.016,
                "origin": [
                    200.561,
                    -69.304,
                    -1.422
                ],
                "x_axis": [
                    0.02,
                    -0.483,
                    0.876
                ],
                "y_axis": [
                    -0.995,
                    -0.092,
                    -0.028
                ],
                "z_axis": [
                    0.094,
                    -0.871,
                    -0.482
                ],
                "quaternion": [
                    0.334,
                    0.631,
                    -0.585,
                    0.384
                ]
            },
            "sse": {
                "sse": null
            },
            "binding_protein": null,
            "binding_ion": "MG",
            "binding_small-molecule": true,
            "TotalAsa": 165.6782834469066,
            "PolarAsa": 122.86471066625546,
            "ApolarAsa": 42.81357278065123,
            "id": "2mis.A.6"
        },
        {
            "index": 7,
            "index_chain": 7,
            "chain_name": "A",
            "nt_resnum": 7,
            "nt_name": "C",
            "nt_code": "C",
            "nt_id": "A.C7",
            "nt_type": "RNA",
            "dbn": ".",
            "summary": "anti,~C3'-endo,non-canonical,non-pair-contact,multiplet,internal-loop",
            "alpha": -33.2,
            "beta": 146.0,
            "gamma": 32.7,
            "delta": 88.7,
            "epsilon": -178.7,
            "zeta": 20.7,
            "epsilon_zeta": 160.6,
            "bb_type": "--",
            "chi": -167.8,
            "glyco_bond": "anti",
            "C5prime_xyz": [
                -1.711,
                8.815,
                0.999
            ],
            "P_xyz": [
                0.81,
                9.132,
                1.741
            ],
            "form": ".",
            "ssZp": 4.19,
            "Dp": 4.18,
            "splay_angle": 13.64,
            "splay_distance": 2.524,
            "splay_ratio": 0.135,
            "eta": -178.0,
            "theta": -37.8,
            "eta_prime": 179.9,
            "theta_prime": -76.7,
            "eta_base": -171.1,
            "theta_base": -113.4,
            "v0": -5.4,
            "v1": -17.0,
            "v2": 31.4,
            "v3": -35.6,
            "v4": 25.8,
            "amplitude": 35.3,
            "phase_angle": 27.2,
            "puckering": "C3'-endo",
            "sugar_class": "~C3'-endo",
            "bin": "33p",
            "cluster": "7a",
            "suiteness": 0.511,
            "filter_rmsd": 0.066,
            "frame": {
                "rmsd": 0.008,
                "origin": [
                    197.74,
                    -75.625,
                    -9.125
                ],
                "x_axis": [
                    0.382,
                    -0.093,
                    0.92
                ],
                "y_axis": [
                    -0.665,
                    0.664,
                    0.343
                ],
                "z_axis": [
                    -0.642,
                    -0.742,
                    0.192
                ],
                "quaternion": [
                    0.748,
                    0.363,
                    -0.522,
                    0.191
                ]
            },
            "sse": {
                "sse": null
            },
            "binding_protein": null,
            "binding_ion": "MG",
            "binding_small-molecule": true,
            "TotalAsa": 183.84962426188386,
            "PolarAsa": 112.10357153690863,
            "ApolarAsa": 71.74605272497527,
            "id": "2mis.A.7"
        },
        {
            "index": 8,
            "index_chain": 8,
            "chain_name": "A",
            "nt_resnum": 8,
            "nt_name": "A",
            "nt_code": "A",
            "nt_id": "A.A8",
            "nt_type": "RNA",
            "dbn": ".",
            "summary": "turn,anti,~C2'-endo,non-pair-contact,internal-loop,A-minor,phosphate",
            "alpha": 141.1,
            "beta": -166.1,
            "gamma": 41.1,
            "delta": 143.5,
            "epsilon": -100.5,
            "zeta": -118.5,
            "epsilon_zeta": 18.0,
            "bb_type": "--",
            "chi": -130.9,
            "glyco_bond": "anti",
            "C5prime_xyz": [
                -1.8,
                8.778,
                -0.641
            ],
            "P_xyz": [
                0.166,
                9.948,
                0.678
            ],
            "form": ".",
            "ssZp": 1.3,
            "Dp": 1.26,
            "splay_angle": 43.493,
            "splay_distance": 7.93,
            "splay_ratio": 0.373,
            "eta": 52.2,
            "theta": -124.9,
            "eta_prime": 105.6,
            "theta_prime": -133.7,
            "eta_base": 107.0,
            "theta_base": -121.4,
            "v0": -23.2,
            "v1": 34.2,
            "v2": -31.7,
            "v3": 19.0,
            "v4": 2.4,
            "amplitude": 34.4,
            "phase_angle": 157.3,
            "puckering": "C2'-endo",
            "sugar_class": "~C2'-endo",
            "bin": "trig",
            "cluster": "!!",
            "suiteness": 0.0,
            "filter_rmsd": 0.035,
            "frame": {
                "rmsd": 0.018,
                "origin": [
                    198.218,
                    -78.075,
                    -8.752
                ],
                "x_axis": [
                    0.22,
                    0.226,
                    -0.949
                ],
                "y_axis": [
                    -0.94,
                    0.31,
                    -0.144
                ],
                "z_axis": [
                    0.261,
                    0.924,
                    0.28
                ],
                "quaternion": [
                    0.673,
                    -0.397,
                    0.45,
                    0.433
                ]
            },
            "sse": {
                "sse": null
            },
            "binding_protein": null,
            "binding_ion": "MG",
            "binding_small-molecule": true,
            "TotalAsa": 246.72844441672774,
            "PolarAsa": 179.92919942161177,
            "ApolarAsa": 66.79924499511598,
            "id": "2mis.A.8"
        },
        {
            "index": 9,
            "index_chain": 9,
            "chain_name": "A",
            "nt_resnum": 9,
            "nt_name": "G",
            "nt_code": "G",
            "nt_id": "A.G9",
            "nt_type": "RNA",
            "dbn": ".",
            "summary": "anti,~C3'-endo,BI,non-canonical,non-pair-contact,helix,multiplet,internal-loop,A-minor,phosphate",
            "alpha": -59.0,
            "beta": 61.7,
            "gamma": -167.4,
            "delta": 88.3,
            "epsilon": -150.3,
            "zeta": -103.5,
            "epsilon_zeta": -46.8,
            "bb_type": "BI",
            "chi": -150.9,
            "glyco_bond": "anti",
            "C5prime_xyz": [
                -1.606,
                9.025,
                -0.011
            ],
            "P_xyz": [
                -3.434,
                10.338,
                -1.397
            ],
            "form": ".",
            "ssZp": 4.07,
            "Dp": 4.33,
            "splay_angle": 42.093,
            "splay_distance": 6.642,
            "splay_ratio": 0.362,
            "eta": -93.2,
            "theta": 115.4,
            "eta_prime": -98.2,
            "theta_prime": 150.0,
            "eta_base": -78.4,
            "theta_base": -168.8,
            "v0": -9.7,
            "v1": -13.3,
            "v2": 29.3,
            "v3": -36.0,
            "v4": 28.8,
            "amplitude": 35.5,
            "phase_angle": 34.2,
            "puckering": "C3'-endo",
            "sugar_class": "~C3'-endo",
            "bin": "23t",
            "cluster": "!!",
            "suiteness": 0.0,
            "filter_rmsd": 0.016,
            "frame": {
                "rmsd": 0.016,
                "origin": [
                    200.396,
                    -73.078,
                    -2.992
                ],
                "x_axis": [
                    0.131,
                    0.599,
                    0.79
                ],
                "y_axis": [
                    -0.955,
                    -0.139,
                    0.264
                ],
                "z_axis": [
                    0.268,
                    -0.789,
                    0.553
                ],
                "quaternion": [
                    0.622,
                    0.423,
                    -0.21,
                    0.625
                ]
            },
            "sse": {
                "sse": null
            },
            "binding_protein": null,
            "binding_ion": "MG",
            "binding_small-molecule": true,
            "TotalAsa": 155.2746048859694,
            "PolarAsa": 111.56585495530278,
            "ApolarAsa": 43.70874993066663,
            "id": "2mis.A.9"
        }
    ],
    "links": [
        {
            "LW": "B53",
            "backbone": true,
            "source": "2mis.A.1",
            "target": "2mis.A.2"
        },
        {
            "index": 1,
            "nt1": "A.G1",
            "nt2": "A.C26",
            "bp": "G-C",
            "name": "WC",
            "Saenger": "19-XIX",
            "LW": "cWW",
            "DSSR": "cW-W",
            "source": "2mis.A.1",
            "target": "2mis.A.26"
        },
        {
            "LW": "B53",
            "backbone": true,
            "source": "2mis.A.10",
            "target": "2mis.A.11"
        },
        {
            "LW": "B35",
            "backbone": true,
            "source": "2mis.A.10",
            "target": "2mis.A.9"
        },
        {
            "index": 9,
            "nt1": "A.C10",
            "nt2": "A.G19",
            "bp": "C-G",
            "name": "WC",
            "Saenger": "19-XIX",
            "LW": "cWW",
            "DSSR": "cW-W",
            "source": "2mis.A.10",
            "target": "2mis.A.19"
        },
        {
            "LW": "B53",
            "backbone": true,
            "source": "2mis.A.11",
            "target": "2mis.A.12"
        },
        {
            "LW": "B35",
            "backbone": true,
            "source": "2mis.A.11",
            "target": "2mis.A.10"
        },
        {
            "index": 10,
            "nt1": "A.A11",
            "nt2": "A.U18",
            "bp": "A-U",
            "name": "WC",
            "Saenger": "20-XX",
            "LW": "cWW",
            "DSSR": "cW-W",
            "source": "2mis.A.11",
            "target": "2mis.A.18"
        },
        {
            "LW": "B53",
            "backbone": true,
            "source": "2mis.A.12",
            "target": "2mis.A.13"
        },
        {
            "LW": "B35",
            "backbone": true,
            "source": "2mis.A.12",
            "target": "2mis.A.11"
        },
        {
            "index": 11,
            "nt1": "A.C12",
            "nt2": "A.G17",
            "bp": "C-G",
            "name": "WC",
            "Saenger": "19-XIX",
            "LW": "cWW",
            "DSSR": "cW-W",
            "source": "2mis.A.12",
            "target": "2mis.A.17"
        },
        {
            "LW": "B53",
            "backbone": true,
            "source": "2mis.A.13",
            "target": "2mis.A.14"
        },
        {
            "LW": "B35",
            "backbone": true,
            "source": "2mis.A.13",
            "target": "2mis.A.12"
        },
        {
            "index": 12,
            "nt1": "A.G13",
            "nt2": "A.A16",
            "bp": "G-A",
            "name": "Sheared",
            "Saenger": "11-XI",
            "LW": "tSH",
            "DSSR": "tm-M",
            "source": "2mis.A.13",
            "target": "2mis.A.16"
        },
        {
            "LW": "B53",
            "backbone": true,
            "source": "2mis.A.14",
            "target": "2mis.A.15"
        },
        {
            "LW": "B35",
            "backbone": true,
            "source": "2mis.A.14",
            "target": "2mis.A.13"
        },
        {
            "LW": "B53",
            "backbone": true,
            "source": "2mis.A.15",
            "target": "2mis.A.16"
        },
        {
            "LW": "B35",
            "backbone": true,
            "source": "2mis.A.15",
            "target": "2mis.A.14"
        },
        {
            "LW": "B53",
            "backbone": true,
            "source": "2mis.A.16",
            "target": "2mis.A.17"
        },
        {
            "LW": "B35",
            "backbone": true,
            "source": "2mis.A.16",
            "target": "2mis.A.15"
        },
        {
            "index": 12,
            "nt1": "A.A16",
            "nt2": "A.G13",
            "bp": "A-G",
            "name": "Sheared",
            "Saenger": "11-XI",
            "LW": "tHS",
            "DSSR": "tm-M",
            "source": "2mis.A.16",
            "target": "2mis.A.13"
        },
        {
            "LW": "B53",
            "backbone": true,
            "source": "2mis.A.17",
            "target": "2mis.A.18"
        },
        {
            "LW": "B35",
            "backbone": true,
            "source": "2mis.A.17",
            "target": "2mis.A.16"
        },
        {
            "index": 11,
            "nt1": "A.G17",
            "nt2": "A.C12",
            "bp": "G-C",
            "name": "WC",
            "Saenger": "19-XIX",
            "LW": "cWW",
            "DSSR": "cW-W",
            "source": "2mis.A.17",
            "target": "2mis.A.12"
        },
        {
            "LW": "B53",
            "backbone": true,
            "source": "2mis.A.18",
            "target": "2mis.A.19"
        },
        {
            "LW": "B35",
            "backbone": true,
            "source": "2mis.A.18",
            "target": "2mis.A.17"
        },
        {
            "index": 10,
            "nt1": "A.U18",
            "nt2": "A.A11",
            "bp": "U-A",
            "name": "WC",
            "Saenger": "20-XX",
            "LW": "cWW",
            "DSSR": "cW-W",
            "source": "2mis.A.18",
            "target": "2mis.A.11"
        },
        {
            "LW": "B53",
            "backbone": true,
            "source": "2mis.A.19",
            "target": "2mis.A.20"
        },
        {
            "LW": "B35",
            "backbone": true,
            "source": "2mis.A.19",
            "target": "2mis.A.18"
        },
        {
            "index": 9,
            "nt1": "A.G19",
            "nt2": "A.C10",
            "bp": "G-C",
            "name": "WC",
            "Saenger": "19-XIX",
            "LW": "cWW",
            "DSSR": "cW-W",
            "source": "2mis.A.19",
            "target": "2mis.A.10"
        },
        {
            "LW": "B53",
            "backbone": true,
            "source": "2mis.A.2",
            "target": "2mis.A.3"
        },
        {
            "LW": "B35",
            "backbone": true,
            "source": "2mis.A.2",
            "target": "2mis.A.1"
        },
        {
            "index": 2,
            "nt1": "A.A2",
            "nt2": "A.U25",
            "bp": "A-U",
            "name": "WC",
            "Saenger": "20-XX",
            "LW": "cWW",
            "DSSR": "cW-W",
            "source": "2mis.A.2",
            "target": "2mis.A.25"
        },
        {
            "LW": "B53",
            "backbone": true,
            "source": "2mis.A.20",
            "target": "2mis.A.21"
        },
        {
            "LW": "B35",
            "backbone": true,
            "source": "2mis.A.20",
            "target": "2mis.A.19"
        },
        {
            "index": 8,
            "nt1": "A.A20",
            "nt2": "A.G9",
            "bp": "A-G",
            "name": "--",
            "Saenger": "--",
            "LW": "cWW",
            "DSSR": "cW-W",
            "source": "2mis.A.20",
            "target": "2mis.A.9"
        },
        {
            "LW": "B53",
            "backbone": true,
            "source": "2mis.A.21",
            "target": "2mis.A.22"
        },
        {
            "LW": "B35",
            "backbone": true,
            "source": "2mis.A.21",
            "target": "2mis.A.20"
        },
        {
            "index": 6,
            "nt1": "A.C21",
            "nt2": "A.G6",
            "bp": "C-G",
            "name": "WC",
            "Saenger": "19-XIX",
            "LW": "cWW",
            "DSSR": "cW-W",
            "source": "2mis.A.21",
            "target": "2mis.A.6"
        },
        {
            "LW": "B53",
            "backbone": true,
            "source": "2mis.A.22",
            "target": "2mis.A.23"
        },
        {
            "LW": "B35",
            "backbone": true,
            "source": "2mis.A.22",
            "target": "2mis.A.21"
        },
        {
            "index": 5,
            "nt1": "A.G22",
            "nt2": "A.U5",
            "bp": "G-U",
            "name": "Wobble",
            "Saenger": "28-XXVIII",
            "LW": "cWW",
            "DSSR": "cW-W",
            "source": "2mis.A.22",
            "target": "2mis.A.5"
        },
        {
            "LW": "B53",
            "backbone": true,
            "source": "2mis.A.23",
            "target": "2mis.A.24"
        },
        {
            "LW": "B35",
            "backbone": true,
            "source": "2mis.A.23",
            "target": "2mis.A.22"
        },
        {
            "index": 4,
            "nt1": "A.G23",
            "nt2": "A.C4",
            "bp": "G-C",
            "name": "WC",
            "Saenger": "19-XIX",
            "LW": "cWW",
            "DSSR": "cW-W",
            "source": "2mis.A.23",
            "target": "2mis.A.4"
        },
        {
            "LW": "B53",
            "backbone": true,
            "source": "2mis.A.24",
            "target": "2mis.A.25"
        },
        {
            "LW": "B35",
            "backbone": true,
            "source": "2mis.A.24",
            "target": "2mis.A.23"
        },
        {
            "index": 3,
            "nt1": "A.C24",
            "nt2": "A.G3",
            "bp": "C-G",
            "name": "WC",
            "Saenger": "19-XIX",
            "LW": "cWW",
            "DSSR": "cW-W",
            "source": "2mis.A.24",
            "target": "2mis.A.3"
        },
        {
            "LW": "B53",
            "backbone": true,
            "source": "2mis.A.25",
            "target": "2mis.A.26"
        },
        {
            "LW": "B35",
            "backbone": true,
            "source": "2mis.A.25",
            "target": "2mis.A.24"
        },
        {
            "index": 2,
            "nt1": "A.U25",
            "nt2": "A.A2",
            "bp": "U-A",
            "name": "WC",
            "Saenger": "20-XX",
            "LW": "cWW",
            "DSSR": "cW-W",
            "source": "2mis.A.25",
            "target": "2mis.A.2"
        },
        {
            "LW": "B35",
            "backbone": true,
            "source": "2mis.A.26",
            "target": "2mis.A.25"
        },
        {
            "index": 1,
            "nt1": "A.C26",
            "nt2": "A.G1",
            "bp": "C-G",
            "name": "WC",
            "Saenger": "19-XIX",
            "LW": "cWW",
            "DSSR": "cW-W",
            "source": "2mis.A.26",
            "target": "2mis.A.1"
        },
        {
            "LW": "B53",
            "backbone": true,
            "source": "2mis.A.3",
            "target": "2mis.A.4"
        },
        {
            "LW": "B35",
            "backbone": true,
            "source": "2mis.A.3",
            "target": "2mis.A.2"
        },
        {
            "index": 3,
            "nt1": "A.G3",
            "nt2": "A.C24",
            "bp": "G-C",
            "name": "WC",
            "Saenger": "19-XIX",
            "LW": "cWW",
            "DSSR": "cW-W",
            "source": "2mis.A.3",
            "target": "2mis.A.24"
        },
        {
            "LW": "B53",
            "backbone": true,
            "source": "2mis.A.4",
            "target": "2mis.A.5"
        },
        {
            "LW": "B35",
            "backbone": true,
            "source": "2mis.A.4",
            "target": "2mis.A.3"
        },
        {
            "index": 4,
            "nt1": "A.C4",
            "nt2": "A.G23",
            "bp": "C-G",
            "name": "WC",
            "Saenger": "19-XIX",
            "LW": "cWW",
            "DSSR": "cW-W",
            "source": "2mis.A.4",
            "target": "2mis.A.23"
        },
        {
            "LW": "B53",
            "backbone": true,
            "source": "2mis.A.5",
            "target": "2mis.A.6"
        },
        {
            "LW": "B35",
            "backbone": true,
            "source": "2mis.A.5",
            "target": "2mis.A.4"
        },
        {
            "index": 5,
            "nt1": "A.U5",
            "nt2": "A.G22",
            "bp": "U-G",
            "name": "Wobble",
            "Saenger": "28-XXVIII",
            "LW": "cWW",
            "DSSR": "cW-W",
            "source": "2mis.A.5",
            "target": "2mis.A.22"
        },
        {
            "LW": "B53",
            "backbone": true,
            "source": "2mis.A.6",
            "target": "2mis.A.7"
        },
        {
            "LW": "B35",
            "backbone": true,
            "source": "2mis.A.6",
            "target": "2mis.A.5"
        },
        {
            "index": 6,
            "nt1": "A.G6",
            "nt2": "A.C21",
            "bp": "G-C",
            "name": "WC",
            "Saenger": "19-XIX",
            "LW": "cWW",
            "DSSR": "cW-W",
            "source": "2mis.A.6",
            "target": "2mis.A.21"
        },
        {
            "LW": "B53",
            "backbone": true,
            "source": "2mis.A.7",
            "target": "2mis.A.8"
        },
        {
            "LW": "B35",
            "backbone": true,
            "source": "2mis.A.7",
            "target": "2mis.A.6"
        },
        {
            "index": 7,
            "nt1": "A.C7",
            "nt2": "A.G9",
            "bp": "C+G",
            "name": "--",
            "Saenger": "--",
            "LW": "tHS",
            "DSSR": "tM+m",
            "source": "2mis.A.7",
            "target": "2mis.A.9"
        },
        {
            "LW": "B53",
            "backbone": true,
            "source": "2mis.A.8",
            "target": "2mis.A.9"
        },
        {
            "LW": "B35",
            "backbone": true,
            "source": "2mis.A.8",
            "target": "2mis.A.7"
        },
        {
            "LW": "B53",
            "backbone": true,
            "source": "2mis.A.9",
            "target": "2mis.A.10"
        },
        {
            "LW": "B35",
            "backbone": true,
            "source": "2mis.A.9",
            "target": "2mis.A.8"
        },
        {
            "index": 8,
            "nt1": "A.G9",
            "nt2": "A.A20",
            "bp": "G-A",
            "name": "--",
            "Saenger": "--",
            "LW": "cWW",
            "DSSR": "cW-W",
            "source": "2mis.A.9",
            "target": "2mis.A.20"
        },
        {
            "index": 7,
            "nt1": "A.G9",
            "nt2": "A.C7",
            "bp": "G+C",
            "name": "--",
            "Saenger": "--",
            "LW": "tSH",
            "DSSR": "tM+m",
            "source": "2mis.A.9",
            "target": "2mis.A.7"
        }
    ]
}