{
    "directed": true,
    "multigraph": false,
    "graph": {
        "dbn": {
            "all_chains": {
                "num_nts": 26,
                "num_chars": 26,
                "bseq": "GAGCUGCAGCACGAAAGUGACGGCUC",
                "sstr": "((((((...(((....))).))))))",
                "form": ".A.......AA.....A....AAA.-"
            },
            "single_chains": {
                "m1_chain_A": {
                    "num_nts": 26,
                    "num_chars": 26,
                    "bseq": "GAGCUGCAGCACGAAAGUGACGGCUC",
                    "sstr": "((((((...(((....))).))))))",
                    "form": ".A.......AA.....A....AAA.-"
                }
            }
        },
        "resolution_low": null,
        "resolution_high": null
    },
    "nodes": [
        {
            "index": 1,
            "index_chain": 1,
            "chain_name": "A",
            "nt_resnum": 1,
            "nt_name": "G",
            "nt_code": "G",
            "nt_id": "A.G1",
            "nt_type": "RNA",
            "dbn": "(",
            "summary": "anti,~C3'-endo,BI,canonical,non-pair-contact,helix-end,stem-end,coaxial-stack",
            "alpha": null,
            "beta": null,
            "gamma": 60.1,
            "delta": 91.5,
            "epsilon": -141.7,
            "zeta": -81.4,
            "epsilon_zeta": -60.3,
            "bb_type": "BI",
            "chi": -154.7,
            "glyco_bond": "anti",
            "C5prime_xyz": [
                -1.023,
                8.783,
                0.303
            ],
            "P_xyz": [
                null,
                null,
                null
            ],
            "form": ".",
            "ssZp": 4.22,
            "Dp": 4.57,
            "splay_angle": 30.824,
            "splay_distance": 4.952,
            "splay_ratio": 0.266,
            "eta": null,
            "theta": null,
            "eta_prime": null,
            "theta_prime": null,
            "eta_base": null,
            "theta_base": null,
            "v0": 4.2,
            "v1": -24.4,
            "v2": 34.0,
            "v3": -32.6,
            "v4": 17.8,
            "amplitude": 34.7,
            "phase_angle": 11.8,
            "puckering": "C3'-endo",
            "sugar_class": "~C3'-endo",
            "bin": "inc",
            "cluster": "__",
            "suiteness": 0.0,
            "filter_rmsd": 0.016,
            "frame": {
                "rmsd": 0.016,
                "origin": [
                    209.925,
                    -56.932,
                    6.342
                ],
                "x_axis": [
                    -0.07,
                    -0.214,
                    -0.974
                ],
                "y_axis": [
                    0.408,
                    -0.897,
                    0.168
                ],
                "z_axis": [
                    -0.91,
                    -0.386,
                    0.151
                ],
                "quaternion": [
                    -0.214,
                    -0.647,
                    -0.075,
                    0.728
                ]
            },
            "sse": {
                "sse": null
            },
            "binding_protein": null,
            "binding_ion": "MG",
            "binding_small-molecule": true,
            "TotalAsa": 280.91453419151566,
            "PolarAsa": 180.97408709476966,
            "ApolarAsa": 99.94044709674601,
            "id": "2mis.A.1"
        },
        {
            "index": 10,
            "index_chain": 10,
            "chain_name": "A",
            "nt_resnum": 10,
            "nt_name": "C",
            "nt_code": "C",
            "nt_id": "A.C10",
            "nt_type": "RNA",
            "dbn": "(",
            "summary": "anti,~C3'-endo,BI,non-stack,canonical,non-pair-contact,helix,stem-end,coaxial-stack,internal-loop",
            "alpha": -61.5,
            "beta": 165.1,
            "gamma": 65.5,
            "delta": 93.8,
            "epsilon": -142.8,
            "zeta": -73.6,
            "epsilon_zeta": -69.2,
            "bb_type": "BI",
            "chi": -167.3,
            "glyco_bond": "anti",
            "C5prime_xyz": [
                -1.083,
                8.496,
                1.052
            ],
            "P_xyz": [
                1.563,
                8.477,
                0.903
            ],
            "form": "A",
            "ssZp": 4.51,
            "Dp": 4.65,
            "splay_angle": 26.277,
            "splay_distance": 4.317,
            "splay_ratio": 0.228,
            "eta": -172.0,
            "theta": -130.8,
            "eta_prime": -160.7,
            "theta_prime": -133.4,
            "eta_base": -119.3,
            "theta_base": -117.3,
            "v0": 11.5,
            "v1": -30.0,
            "v2": 36.1,
            "v3": -30.3,
            "v4": 11.9,
            "amplitude": 36.1,
            "phase_angle": 0.4,
            "puckering": "C3'-endo",
            "sugar_class": "~C3'-endo",
            "bin": "33p",
            "cluster": "1a",
            "suiteness": 0.22,
            "filter_rmsd": 0.067,
            "frame": {
                "rmsd": 0.008,
                "origin": [
                    201.44,
                    -78.162,
                    1.154
                ],
                "x_axis": [
                    -0.485,
                    0.386,
                    0.785
                ],
                "y_axis": [
                    -0.872,
                    -0.15,
                    -0.465
                ],
                "z_axis": [
                    -0.062,
                    -0.91,
                    0.409
                ],
                "quaternion": [
                    0.44,
                    0.253,
                    -0.481,
                    0.715
                ]
            },
            "sse": {
                "sse": null
            },
            "binding_protein": null,
            "binding_ion": "MG",
            "binding_small-molecule": true,
            "TotalAsa": 167.0688826267441,
            "PolarAsa": 130.6148442310588,
            "ApolarAsa": 36.45403839568532,
            "id": "2mis.A.10"
        },
        {
            "index": 11,
            "index_chain": 11,
            "chain_name": "A",
            "nt_resnum": 11,
            "nt_name": "A",
            "nt_code": "A",
            "nt_id": "A.A11",
            "nt_type": "RNA",
            "dbn": "(",
            "summary": "anti,~C3'-endo,BI,canonical,non-pair-contact,helix,stem,coaxial-stack",
            "alpha": -79.9,
            "beta": -170.0,
            "gamma": 48.1,
            "delta": 89.7,
            "epsilon": -145.8,
            "zeta": -69.8,
            "epsilon_zeta": -76.0,
            "bb_type": "BI",
            "chi": -140.3,
            "glyco_bond": "anti",
            "C5prime_xyz": [
                -1.119,
                8.717,
                -0.564
            ],
            "P_xyz": [
                1.479,
                9.185,
                -0.532
            ],
            "form": "A",
            "ssZp": 3.7,
            "Dp": 4.58,
            "splay_angle": 23.384,
            "splay_distance": 3.946,
            "splay_ratio": 0.203,
            "eta": 165.7,
            "theta": -136.8,
            "eta_prime": 177.6,
            "theta_prime": -134.4,
            "eta_base": -151.9,
            "theta_base": -116.9,
            "v0": 3.7,
            "v1": -24.8,
            "v2": 35.1,
            "v3": -34.1,
            "v4": 19.1,
            "amplitude": 36.0,
            "phase_angle": 12.9,
            "puckering": "C3'-endo",
            "sugar_class": "~C3'-endo",
            "bin": "33p",
            "cluster": "1a",
            "suiteness": 0.396,
            "filter_rmsd": 0.036,
            "frame": {
                "rmsd": 0.018,
                "origin": [
                    202.005,
                    -81.395,
                    3.959
                ],
                "x_axis": [
                    -0.857,
                    0.35,
                    0.378
                ],
                "y_axis": [
                    -0.505,
                    -0.421,
                    -0.753
                ],
                "z_axis": [
                    -0.104,
                    -0.837,
                    0.538
                ],
                "quaternion": [
                    0.255,
                    0.082,
                    -0.474,
                    0.839
                ]
            },
            "sse": {
                "sse": null
            },
            "binding_protein": null,
            "binding_ion": "MG",
            "binding_small-molecule": true,
            "TotalAsa": 184.9277369334122,
            "PolarAsa": 130.19641995595796,
            "ApolarAsa": 54.73131697745427,
            "id": "2mis.A.11"
        },
        {
            "index": 12,
            "index_chain": 12,
            "chain_name": "A",
            "nt_resnum": 12,
            "nt_name": "C",
            "nt_code": "C",
            "nt_id": "A.C12",
            "nt_type": "RNA",
            "dbn": "(",
            "summary": "anti,~C3'-endo,BI,canonical,non-pair-contact,helix,stem-end,coaxial-stack,hairpin-loop",
            "alpha": -83.2,
            "beta": 162.4,
            "gamma": 79.2,
            "delta": 87.4,
            "epsilon": -152.3,
            "zeta": -69.8,
            "epsilon_zeta": -82.5,
            "bb_type": "BI",
            "chi": -160.6,
            "glyco_bond": "anti",
            "C5prime_xyz": [
                -2.008,
                9.012,
                0.372
            ],
            "P_xyz": [
                0.406,
                9.985,
                -0.063
            ],
            "form": ".",
            "ssZp": 4.04,
            "Dp": 4.21,
            "splay_angle": 17.064,
            "splay_distance": 3.345,
            "splay_ratio": 0.164,
            "eta": 170.4,
            "theta": -110.1,
            "eta_prime": -170.4,
            "theta_prime": -127.1,
            "eta_base": -141.5,
            "theta_base": -89.5,
            "v0": -15.0,
            "v1": -8.9,
            "v2": 27.4,
            "v3": -37.2,
            "v4": 33.0,
            "amplitude": 37.0,
            "phase_angle": 42.2,
            "puckering": "C4'-exo",
            "sugar_class": "~C3'-endo",
            "bin": "33p",
            "cluster": "1a",
            "suiteness": 0.191,
            "filter_rmsd": 0.066,
            "frame": {
                "rmsd": 0.008,
                "origin": [
                    200.009,
                    -83.171,
                    6.862
                ],
                "x_axis": [
                    -0.809,
                    0.513,
                    -0.288
                ],
                "y_axis": [
                    -0.11,
                    -0.612,
                    -0.783
                ],
                "z_axis": [
                    -0.578,
                    -0.602,
                    0.552
                ],
                "quaternion": [
                    0.18,
                    -0.251,
                    -0.402,
                    0.862
                ]
            },
            "sse": {
                "sse": "hairpin_1"
            },
            "binding_protein": null,
            "binding_ion": "MG",
            "binding_small-molecule": true,
            "TotalAsa": 170.0155196164139,
            "PolarAsa": 113.9466249120852,
            "ApolarAsa": 56.068894704328734,
            "id": "2mis.A.12"
        },
        {
            "index": 13,
            "index_chain": 13,
            "chain_name": "A",
            "nt_resnum": 13,
            "nt_name": "G",
            "nt_code": "G",
            "nt_id": "A.G13",
            "nt_type": "RNA",
            "dbn": ".",
            "summary": "anti,~C3'-endo,non-canonical,non-pair-contact,helix-end,hairpin-loop,splayed-apart",
            "alpha": 120.2,
            "beta": -164.3,
            "gamma": -165.0,
            "delta": 88.8,
            "epsilon": -138.0,
            "zeta": -115.3,
            "epsilon_zeta": -22.7,
            "bb_type": "--",
            "chi": -154.6,
            "glyco_bond": "anti",
            "C5prime_xyz": [
                -1.529,
                9.023,
                0.183
            ],
            "P_xyz": [
                -0.785,
                10.866,
                -1.557
            ],
            "form": ".",
            "ssZp": 4.05,
            "Dp": 4.35,
            "splay_angle": 89.808,
            "splay_distance": 13.102,
            "splay_ratio": 0.707,
            "eta": 153.7,
            "theta": 179.3,
            "eta_prime": 171.0,
            "theta_prime": 151.7,
            "eta_base": -131.7,
            "theta_base": 106.6,
            "v0": -9.4,
            "v1": -13.2,
            "v2": 29.0,
            "v3": -35.5,
            "v4": 28.3,
            "amplitude": 35.0,
            "phase_angle": 33.9,
            "puckering": "C3'-endo",
            "sugar_class": "~C3'-endo",
            "bin": "33t",
            "cluster": "1c",
            "suiteness": 0.233,
            "filter_rmsd": 0.016,
            "frame": {
                "rmsd": 0.016,
                "origin": [
                    196.928,
                    -82.394,
                    7.91
                ],
                "x_axis": [
                    -0.564,
                    0.212,
                    -0.798
                ],
                "y_axis": [
                    0.111,
                    -0.938,
                    -0.328
                ],
                "z_axis": [
                    -0.819,
                    -0.274,
                    0.505
                ],
                "quaternion": [
                    0.029,
                    -0.466,
                    -0.173,
                    0.867
                ]
            },
            "sse": {
                "sse": "hairpin_1"
            },
            "binding_protein": null,
            "binding_ion": "MG",
            "binding_small-molecule": true,
            "TotalAsa": 204.3777760343184,
            "PolarAsa": 163.20615011667132,
            "ApolarAsa": 41.17162591764709,
            "id": "2mis.A.13"
        },
        {
            "index": 14,
            "index_chain": 14,
            "chain_name": "A",
            "nt_resnum": 14,
            "nt_name": "A",
            "nt_code": "A",
            "nt_id": "A.A14",
            "nt_type": "RNA",
            "dbn": ".",
            "summary": "turn,anti,~C3'-endo,BI,non-pair-contact,hairpin-loop,splayed-apart",
            "alpha": 140.2,
            "beta": -172.8,
            "gamma": 61.6,
            "delta": 90.6,
            "epsilon": -142.7,
            "zeta": -68.5,
            "epsilon_zeta": -74.2,
            "bb_type": "BI",
            "chi": -171.4,
            "glyco_bond": "anti",
            "C5prime_xyz": [
                -1.11,
                8.482,
                1.301
            ],
            "P_xyz": [
                1.445,
                8.529,
                1.966
            ],
            "form": ".",
            "ssZp": 4.58,
            "Dp": 4.62,
            "splay_angle": 29.428,
            "splay_distance": 4.587,
            "splay_ratio": 0.255,
            "eta": 31.2,
            "theta": -127.8,
            "eta_prime": 46.0,
            "theta_prime": -122.0,
            "eta_base": 37.1,
            "theta_base": -85.4,
            "v0": 6.7,
            "v1": -27.1,
            "v2": 35.9,
            "v3": -33.1,
            "v4": 16.6,
            "amplitude": 36.3,
            "phase_angle": 8.2,
            "puckering": "C3'-endo",
            "sugar_class": "~C3'-endo",
            "bin": "33p",
            "cluster": "1g",
            "suiteness": 0.01,
            "filter_rmsd": 0.035,
            "frame": {
                "rmsd": 0.018,
                "origin": [
                    201.897,
                    -91.074,
                    16.373
                ],
                "x_axis": [
                    0.589,
                    -0.481,
                    -0.649
                ],
                "y_axis": [
                    -0.796,
                    -0.209,
                    -0.568
                ],
                "z_axis": [
                    0.138,
                    0.851,
                    -0.506
                ],
                "quaternion": [
                    -0.467,
                    0.759,
                    -0.421,
                    -0.169
                ]
            },
            "sse": {
                "sse": "hairpin_1"
            },
            "binding_protein": null,
            "binding_ion": "MG",
            "binding_small-molecule": null,
            "TotalAsa": 307.60114154319655,
            "PolarAsa": 201.93096508388655,
            "ApolarAsa": 105.67017645931003,
            "id": "2mis.A.14"
        },
        {
            "index": 15,
            "index_chain": 15,
            "chain_name": "A",
            "nt_resnum": 15,
            "nt_name": "A",
            "nt_code": "A",
            "nt_id": "A.A15",
            "nt_type": "RNA",
            "dbn": ".",
            "summary": "anti,~C3'-endo,BI,non-pair-contact,hairpin-loop,phosphate",
            "alpha": -56.8,
            "beta": 154.7,
            "gamma": 65.1,
            "delta": 90.3,
            "epsilon": -142.8,
            "zeta": -78.4,
            "epsilon_zeta": -64.3,
            "bb_type": "BI",
            "chi": -169.9,
            "glyco_bond": "anti",
            "C5prime_xyz": [
                -1.584,
                8.739,
                1.09
            ],
            "P_xyz": [
                1.016,
                9.15,
                1.198
            ],
            "form": ".",
            "ssZp": 4.27,
            "Dp": 4.4,
            "splay_angle": 27.549,
            "splay_distance": 4.324,
            "splay_ratio": 0.24,
            "eta": 177.7,
            "theta": -135.5,
            "eta_prime": -154.4,
            "theta_prime": -132.5,
            "eta_base": -96.4,
            "theta_base": -71.9,
            "v0": -5.2,
            "v1": -16.6,
            "v2": 30.4,
            "v3": -34.5,
            "v4": 25.0,
            "amplitude": 34.2,
            "phase_angle": 27.2,
            "puckering": "C3'-endo",
            "sugar_class": "~C3'-endo",
            "bin": "33p",
            "cluster": "1a",
            "suiteness": 0.417,
            "filter_rmsd": 0.035,
            "frame": {
                "rmsd": 0.018,
                "origin": [
                    204.145,
                    -88.962,
                    12.978
                ],
                "x_axis": [
                    -0.123,
                    -0.345,
                    -0.93
                ],
                "y_axis": [
                    -0.984,
                    0.166,
                    0.069
                ],
                "z_axis": [
                    0.131,
                    0.924,
                    -0.36
                ],
                "quaternion": [
                    0.413,
                    -0.517,
                    0.642,
                    0.386
                ]
            },
            "sse": {
                "sse": "hairpin_1"
            },
            "binding_protein": null,
            "binding_ion": "MG",
            "binding_small-molecule": true,
            "TotalAsa": 174.6555734941735,
            "PolarAsa": 120.87675085387436,
            "ApolarAsa": 53.77882264029915,
            "id": "2mis.A.15"
        },
        {
            "index": 16,
            "index_chain": 16,
            "chain_name": "A",
            "nt_resnum": 16,
            "nt_name": "A",
            "nt_code": "A",
            "nt_id": "A.A16",
            "nt_type": "RNA",
            "dbn": ".",
            "summary": "anti,~C3'-endo,non-canonical,non-pair-contact,helix-end,hairpin-loop",
            "alpha": -56.7,
            "beta": 146.1,
            "gamma": 62.2,
            "delta": 93.4,
            "epsilon": -113.8,
            "zeta": -15.4,
            "epsilon_zeta": -98.4,
            "bb_type": "--",
            "chi": -143.8,
            "glyco_bond": "anti",
            "C5prime_xyz": [
                -0.938,
                8.635,
                -0.337
            ],
            "P_xyz": [
                1.521,
                8.269,
                -1.25
            ],
            "form": ".",
            "ssZp": 3.4,
            "Dp": 4.62,
            "splay_angle": 26.574,
            "splay_distance": 4.864,
            "splay_ratio": 0.234,
            "eta": 179.3,
            "theta": -84.1,
            "eta_prime": -155.8,
            "theta_prime": -98.5,
            "eta_base": -79.4,
            "theta_base": -81.5,
            "v0": 7.3,
            "v1": -26.1,
            "v2": 33.8,
            "v3": -30.7,
            "v4": 14.7,
            "amplitude": 34.1,
            "phase_angle": 6.6,
            "puckering": "C3'-endo",
            "sugar_class": "~C3'-endo",
            "bin": "33p",
            "cluster": "1a",
            "suiteness": 0.37,
            "filter_rmsd": 0.035,
            "frame": {
                "rmsd": 0.019,
                "origin": [
                    202.96,
                    -86.596,
                    9.558
                ],
                "x_axis": [
                    -0.759,
                    0.255,
                    -0.599
                ],
                "y_axis": [
                    -0.393,
                    0.553,
                    0.734
                ],
                "z_axis": [
                    0.518,
                    0.793,
                    -0.32
                ],
                "quaternion": [
                    0.344,
                    -0.043,
                    0.811,
                    0.471
                ]
            },
            "sse": {
                "sse": "hairpin_1"
            },
            "binding_protein": null,
            "binding_ion": "MG",
            "binding_small-molecule": true,
            "TotalAsa": 168.03035669703988,
            "PolarAsa": 118.62814505407394,
            "ApolarAsa": 49.402211642965966,
            "id": "2mis.A.16"
        },
        {
            "index": 17,
            "index_chain": 17,
            "chain_name": "A",
            "nt_resnum": 17,
            "nt_name": "G",
            "nt_code": "G",
            "nt_id": "A.G17",
            "nt_type": "RNA",
            "dbn": ")",
            "summary": "anti,~C3'-endo,BI,canonical,non-pair-contact,helix,stem-end,coaxial-stack,hairpin-loop",
            "alpha": -109.5,
            "beta": 79.9,
            "gamma": 171.5,
            "delta": 86.9,
            "epsilon": -138.0,
            "zeta": -79.3,
            "epsilon_zeta": -58.7,
            "bb_type": "BI",
            "chi": -153.0,
            "glyco_bond": "anti",
            "C5prime_xyz": [
                -1.086,
                8.824,
                0.193
            ],
            "P_xyz": [
                -2.057,
                10.488,
                -1.608
            ],
            "form": "A",
            "ssZp": 4.13,
            "Dp": 4.66,
            "splay_angle": 19.803,
            "splay_distance": 3.25,
            "splay_ratio": 0.172,
            "eta": -175.1,
            "theta": 150.9,
            "eta_prime": -161.9,
            "theta_prime": 170.6,
            "eta_base": -121.1,
            "theta_base": -172.5,
            "v0": 4.0,
            "v1": -26.7,
            "v2": 37.9,
            "v3": -36.8,
            "v4": 20.6,
            "amplitude": 38.8,
            "phase_angle": 12.9,
            "puckering": "C3'-endo",
            "sugar_class": "~C3'-endo",
            "bin": "trig",
            "cluster": "!!",
            "suiteness": 0.0,
            "filter_rmsd": 0.017,
            "frame": {
                "rmsd": 0.017,
                "origin": [
                    200.966,
                    -83.363,
                    6.519
                ],
                "x_axis": [
                    -0.859,
                    0.447,
                    -0.249
                ],
                "y_axis": [
                    0.053,
                    0.562,
                    0.826
                ],
                "z_axis": [
                    0.509,
                    0.696,
                    -0.506
                ],
                "quaternion": [
                    0.221,
                    0.146,
                    0.855,
                    0.445
                ]
            },
            "sse": {
                "sse": "hairpin_1"
            },
            "binding_protein": null,
            "binding_ion": "MG",
            "binding_small-molecule": true,
            "TotalAsa": 183.39188803006397,
            "PolarAsa": 150.20700247050502,
            "ApolarAsa": 33.184885559558914,
            "id": "2mis.A.17"
        },
        {
            "index": 18,
            "index_chain": 18,
            "chain_name": "A",
            "nt_resnum": 18,
            "nt_name": "U",
            "nt_code": "U",
            "nt_id": "A.U18",
            "nt_type": "RNA",
            "dbn": ")",
            "summary": "anti,~C3'-endo,BI,canonical,non-pair-contact,helix,stem,coaxial-stack",
            "alpha": -83.1,
            "beta": 162.4,
            "gamma": 72.1,
            "delta": 87.2,
            "epsilon": -157.5,
            "zeta": -82.8,
            "epsilon_zeta": -74.7,
            "bb_type": "BI",
            "chi": -157.2,
            "glyco_bond": "anti",
            "C5prime_xyz": [
                -1.88,
                8.964,
                0.296
            ],
            "P_xyz": [
                0.569,
                9.807,
                -0.185
            ],
            "form": ".",
            "ssZp": 4.17,
            "Dp": 4.3,
            "splay_angle": 30.699,
            "splay_distance": 5.06,
            "splay_ratio": 0.265,
            "eta": 163.2,
            "theta": -154.2,
            "eta_prime": 179.0,
            "theta_prime": -154.9,
            "eta_base": -160.3,
            "theta_base": -128.1,
            "v0": -11.2,
            "v1": -12.5,
            "v2": 29.6,
            "v3": -37.3,
            "v4": 30.6,
            "amplitude": 36.7,
            "phase_angle": 36.1,
            "puckering": "C4'-exo",
            "sugar_class": "~C3'-endo",
            "bin": "33p",
            "cluster": "1a",
            "suiteness": 0.385,
            "filter_rmsd": 0.099,
            "frame": {
                "rmsd": 0.017,
                "origin": [
                    202.122,
                    -81.644,
                    4.014
                ],
                "x_axis": [
                    -0.9,
                    0.309,
                    0.308
                ],
                "y_axis": [
                    0.43,
                    0.51,
                    0.745
                ],
                "z_axis": [
                    0.073,
                    0.803,
                    -0.592
                ],
                "quaternion": [
                    -0.068,
                    0.213,
                    0.866,
                    0.447
                ]
            },
            "sse": {
                "sse": null
            },
            "binding_protein": null,
            "binding_ion": "MG",
            "binding_small-molecule": true,
            "TotalAsa": 188.38875720027076,
            "PolarAsa": 121.82619183543159,
            "ApolarAsa": 66.5625653648392,
            "id": "2mis.A.18"
        },
        {
            "index": 19,
            "index_chain": 19,
            "chain_name": "A",
            "nt_resnum": 19,
            "nt_name": "G",
            "nt_code": "G",
            "nt_id": "A.G19",
            "nt_type": "RNA",
            "dbn": ")",
            "summary": "anti,~C3'-endo,BI,canonical,non-pair-contact,helix,stem-end,coaxial-stack,internal-loop",
            "alpha": -55.2,
            "beta": 165.0,
            "gamma": 57.7,
            "delta": 87.9,
            "epsilon": -141.4,
            "zeta": -96.6,
            "epsilon_zeta": -44.7,
            "bb_type": "BI",
            "chi": -152.5,
            "glyco_bond": "anti",
            "C5prime_xyz": [
                -1.48,
                8.995,
                0.087
            ],
            "P_xyz": [
                1.087,
                9.586,
                -0.072
            ],
            "form": ".",
            "ssZp": 4.01,
            "Dp": 4.42,
            "splay_angle": 27.27,
            "splay_distance": 4.576,
            "splay_ratio": 0.236,
            "eta": -175.4,
            "theta": -147.3,
            "eta_prime": -163.2,
            "theta_prime": -144.7,
            "eta_base": -127.9,
            "theta_base": -122.5,
            "v0": -6.8,
            "v1": -15.9,
            "v2": 31.0,
            "v3": -36.1,
            "v4": 27.0,
            "amplitude": 35.6,
            "phase_angle": 29.5,
            "puckering": "C3'-endo",
            "sugar_class": "~C3'-endo",
            "bin": "33p",
            "cluster": "1a",
            "suiteness": 0.654,
            "filter_rmsd": 0.016,
            "frame": {
                "rmsd": 0.016,
                "origin": [
                    201.488,
                    -78.031,
                    0.53
                ],
                "x_axis": [
                    -0.543,
                    0.584,
                    0.603
                ],
                "y_axis": [
                    0.816,
                    0.197,
                    0.544
                ],
                "z_axis": [
                    0.199,
                    0.787,
                    -0.584
                ],
                "quaternion": [
                    -0.132,
                    0.459,
                    0.762,
                    0.437
                ]
            },
            "sse": {
                "sse": null
            },
            "binding_protein": null,
            "binding_ion": "MG",
            "binding_small-molecule": true,
            "TotalAsa": 201.17821322352106,
            "PolarAsa": 158.72783992637846,
            "ApolarAsa": 42.45037329714261,
            "id": "2mis.A.19"
        },
        {
            "index": 2,
            "index_chain": 2,
            "chain_name": "A",
            "nt_resnum": 2,
            "nt_name": "A",
            "nt_code": "A",
            "nt_id": "A.A2",
            "nt_type": "RNA",
            "dbn": "(",
            "summary": "anti,~C3'-endo,BI,canonical,non-pair-contact,helix,stem,coaxial-stack",
            "alpha": -83.0,
            "beta": -175.1,
            "gamma": 55.7,
            "delta": 89.4,
            "epsilon": -147.4,
            "zeta": -73.8,
            "epsilon_zeta": -73.6,
            "bb_type": "BI",
            "chi": -157.1,
            "glyco_bond": "anti",
            "C5prime_xyz": [
                -1.056,
                8.714,
                0.441
            ],
            "P_xyz": [
                1.552,
                8.987,
                0.746
            ],
            "form": "A",
            "ssZp": 4.34,
            "Dp": 4.59,
            "splay_angle": 20.819,
            "splay_distance": 3.526,
            "splay_ratio": 0.185,
            "eta": 167.2,
            "theta": -140.0,
            "eta_prime": 177.5,
            "theta_prime": -139.2,
            "eta_base": -152.6,
            "theta_base": -123.7,
            "v0": 4.4,
            "v1": -25.7,
            "v2": 35.9,
            "v3": -34.4,
            "v4": 18.9,
            "amplitude": 36.7,
            "phase_angle": 11.8,
            "puckering": "C3'-endo",
            "sugar_class": "~C3'-endo",
            "bin": "33p",
            "cluster": "1a",
            "suiteness": 0.45,
            "filter_rmsd": 0.035,
            "frame": {
                "rmsd": 0.018,
                "origin": [
                    205.305,
                    -58.614,
                    5.751
                ],
                "x_axis": [
                    0.637,
                    -0.351,
                    -0.686
                ],
                "y_axis": [
                    0.407,
                    -0.603,
                    0.686
                ],
                "z_axis": [
                    -0.655,
                    -0.717,
                    -0.241
                ],
                "quaternion": [
                    0.445,
                    0.787,
                    0.018,
                    -0.426
                ]
            },
            "sse": {
                "sse": null
            },
            "binding_protein": null,
            "binding_ion": "MG",
            "binding_small-molecule": true,
            "TotalAsa": 191.33335959239307,
            "PolarAsa": 133.6746034207655,
            "ApolarAsa": 57.658756171627566,
            "id": "2mis.A.2"
        },
        {
            "index": 20,
            "index_chain": 20,
            "chain_name": "A",
            "nt_resnum": 20,
            "nt_name": "A",
            "nt_code": "A",
            "nt_id": "A.A20",
            "nt_type": "RNA",
            "dbn": ".",
            "summary": "anti,~C3'-endo,BI,non-canonical,non-pair-contact,helix,multiplet,internal-loop,A-minor",
            "alpha": -29.9,
            "beta": 151.5,
            "gamma": 36.3,
            "delta": 88.4,
            "epsilon": -158.3,
            "zeta": -45.8,
            "epsilon_zeta": -112.5,
            "bb_type": "BI",
            "chi": -147.2,
            "glyco_bond": "anti",
            "C5prime_xyz": [
                -1.741,
                8.974,
                -0.271
            ],
            "P_xyz": [
                0.791,
                9.712,
                -0.164
            ],
            "form": ".",
            "ssZp": 3.85,
            "Dp": 4.19,
            "splay_angle": 24.823,
            "splay_distance": 4.907,
            "splay_ratio": 0.232,
            "eta": 176.2,
            "theta": -89.0,
            "eta_prime": -168.4,
            "theta_prime": -108.0,
            "eta_base": -137.1,
            "theta_base": -93.7,
            "v0": -12.8,
            "v1": -10.0,
            "v2": 27.1,
            "v3": -35.6,
            "v4": 30.5,
            "amplitude": 35.2,
            "phase_angle": 39.6,
            "puckering": "C4'-exo",
            "sugar_class": "~C3'-endo",
            "bin": "33p",
            "cluster": "1a",
            "suiteness": 0.045,
            "filter_rmsd": 0.035,
            "frame": {
                "rmsd": 0.019,
                "origin": [
                    201.328,
                    -74.174,
                    -1.927
                ],
                "x_axis": [
                    -0.137,
                    0.487,
                    0.863
                ],
                "y_axis": [
                    0.971,
                    -0.105,
                    0.213
                ],
                "z_axis": [
                    0.194,
                    0.867,
                    -0.458
                ],
                "quaternion": [
                    -0.274,
                    0.597,
                    0.61,
                    0.442
                ]
            },
            "sse": {
                "sse": null
            },
            "binding_protein": null,
            "binding_ion": null,
            "binding_small-molecule": null,
            "TotalAsa": 189.66307157293917,
            "PolarAsa": 136.573649681021,
            "ApolarAsa": 53.08942189191821,
            "id": "2mis.A.20"
        },
        {
            "index": 21,
            "index_chain": 21,
            "chain_name": "A",
            "nt_resnum": 21,
            "nt_name": "C",
            "nt_code": "C",
            "nt_id": "A.C21",
            "nt_type": "RNA",
            "dbn": ")",
            "summary": "anti,~C3'-endo,BI,canonical,non-pair-contact,helix,stem-end,coaxial-stack,internal-loop",
            "alpha": 117.9,
            "beta": 175.4,
            "gamma": -163.8,
            "delta": 88.0,
            "epsilon": -167.3,
            "zeta": -102.9,
            "epsilon_zeta": -64.4,
            "bb_type": "BI",
            "chi": -168.2,
            "glyco_bond": "anti",
            "C5prime_xyz": [
                -2.326,
                8.978,
                0.801
            ],
            "P_xyz": [
                -2.119,
                11.362,
                -0.315
            ],
            "form": ".",
            "ssZp": 4.09,
            "Dp": 3.97,
            "splay_angle": 29.382,
            "splay_distance": 4.63,
            "splay_ratio": 0.254,
            "eta": 147.1,
            "theta": 132.4,
            "eta_prime": 166.3,
            "theta_prime": 147.6,
            "eta_base": -159.3,
            "theta_base": 171.2,
            "v0": -21.0,
            "v1": -2.6,
            "v2": 23.1,
            "v3": -36.2,
            "v4": 36.1,
            "amplitude": 37.4,
            "phase_angle": 52.0,
            "puckering": "C4'-exo",
            "sugar_class": "~C3'-endo",
            "bin": "33t",
            "cluster": "1c",
            "suiteness": 0.058,
            "filter_rmsd": 0.066,
            "frame": {
                "rmsd": 0.008,
                "origin": [
                    200.409,
                    -69.504,
                    -0.735
                ],
                "x_axis": [
                    0.04,
                    -0.373,
                    0.927
                ],
                "y_axis": [
                    0.909,
                    -0.371,
                    -0.189
                ],
                "z_axis": [
                    0.415,
                    0.85,
                    0.324
                ],
                "quaternion": [
                    -0.498,
                    0.522,
                    0.257,
                    0.643
                ]
            },
            "sse": {
                "sse": null
            },
            "binding_protein": null,
            "binding_ion": "MG",
            "binding_small-molecule": true,
            "TotalAsa": 197.33814791203218,
            "PolarAsa": 128.60658292912865,
            "ApolarAsa": 68.73156498290349,
            "id": "2mis.A.21"
        },
        {
            "index": 22,
            "index_chain": 22,
            "chain_name": "A",
            "nt_resnum": 22,
            "nt_name": "G",
            "nt_code": "G",
            "nt_id": "A.G22",
            "nt_type": "RNA",
            "dbn": ")",
            "summary": "anti,~C3'-endo,BI,canonical,non-pair-contact,helix,stem,coaxial-stack",
            "alpha": -74.3,
            "beta": 163.9,
            "gamma": 65.2,
            "delta": 87.4,
            "epsilon": -138.8,
            "zeta": -65.6,
            "epsilon_zeta": -73.2,
            "bb_type": "BI",
            "chi": -168.9,
            "glyco_bond": "anti",
            "C5prime_xyz": [
                -1.163,
                8.681,
                1.129
            ],
            "P_xyz": [
                1.459,
                8.955,
                1.027
            ],
            "form": "A",
            "ssZp": 4.59,
            "Dp": 4.67,
            "splay_angle": 23.189,
            "splay_distance": 3.8,
            "splay_ratio": 0.204,
            "eta": 176.5,
            "theta": -127.4,
            "eta_prime": 177.1,
            "theta_prime": -128.4,
            "eta_base": -164.2,
            "theta_base": -86.7,
            "v0": 3.8,
            "v1": -26.4,
            "v2": 37.7,
            "v3": -36.7,
            "v4": 20.7,
            "amplitude": 38.7,
            "phase_angle": 13.2,
            "puckering": "C3'-endo",
            "sugar_class": "~C3'-endo",
            "bin": "33p",
            "cluster": "&a",
            "suiteness": 0.543,
            "filter_rmsd": 0.017,
            "frame": {
                "rmsd": 0.017,
                "origin": [
                    199.626,
                    -65.097,
                    -1.919
                ],
                "x_axis": [
                    0.407,
                    -0.278,
                    0.87
                ],
                "y_axis": [
                    0.841,
                    -0.258,
                    -0.476
                ],
                "z_axis": [
                    0.357,
                    0.925,
                    0.128
                ],
                "quaternion": [
                    0.565,
                    -0.62,
                    -0.227,
                    -0.495
                ]
            },
            "sse": {
                "sse": null
            },
            "binding_protein": null,
            "binding_ion": "MG",
            "binding_small-molecule": true,
            "TotalAsa": 216.96331490670335,
            "PolarAsa": 165.25407250707815,
            "ApolarAsa": 51.709242399625126,
            "id": "2mis.A.22"
        },
        {
            "index": 23,
            "index_chain": 23,
            "chain_name": "A",
            "nt_resnum": 23,
            "nt_name": "G",
            "nt_code": "G",
            "nt_id": "A.G23",
            "nt_type": "RNA",
            "dbn": ")",
            "summary": "anti,~C3'-endo,BI,canonical,non-pair-contact,helix,stem,coaxial-stack",
            "alpha": -83.2,
            "beta": 162.9,
            "gamma": 71.0,
            "delta": 86.6,
            "epsilon": -140.7,
            "zeta": -76.8,
            "epsilon_zeta": -63.9,
            "bb_type": "BI",
            "chi": -164.2,
            "glyco_bond": "anti",
            "C5prime_xyz": [
                -1.441,
                8.88,
                0.807
            ],
            "P_xyz": [
                1.122,
                9.453,
                0.546
            ],
            "form": "A",
            "ssZp": 4.4,
            "Dp": 4.54,
            "splay_angle": 20.522,
            "splay_distance": 3.472,
            "splay_ratio": 0.181,
            "eta": 162.8,
            "theta": -140.3,
            "eta_prime": -175.0,
            "theta_prime": -140.8,
            "eta_base": -112.0,
            "theta_base": -114.6,
            "v0": -3.3,
            "v1": -20.2,
            "v2": 34.4,
            "v3": -37.5,
            "v4": 25.6,
            "amplitude": 37.5,
            "phase_angle": 23.6,
            "puckering": "C3'-endo",
            "sugar_class": "~C3'-endo",
            "bin": "33p",
            "cluster": "1a",
            "suiteness": 0.34,
            "filter_rmsd": 0.016,
            "frame": {
                "rmsd": 0.016,
                "origin": [
                    201.141,
                    -62.982,
                    0.85
                ],
                "x_axis": [
                    0.81,
                    -0.508,
                    0.293
                ],
                "y_axis": [
                    0.398,
                    0.11,
                    -0.911
                ],
                "z_axis": [
                    0.43,
                    0.854,
                    0.291
                ],
                "quaternion": [
                    0.744,
                    -0.593,
                    0.046,
                    -0.305
                ]
            },
            "sse": {
                "sse": null
            },
            "binding_protein": null,
            "binding_ion": "MG",
            "binding_small-molecule": true,
            "TotalAsa": 183.88749619989795,
            "PolarAsa": 146.46193389224362,
            "ApolarAsa": 37.425562307654296,
            "id": "2mis.A.23"
        },
        {
            "index": 24,
            "index_chain": 24,
            "chain_name": "A",
            "nt_resnum": 24,
            "nt_name": "C",
            "nt_code": "C",
            "nt_id": "A.C24",
            "nt_type": "RNA",
            "dbn": ")",
            "summary": "anti,~C3'-endo,BI,canonical,non-pair-contact,helix,stem,coaxial-stack",
            "alpha": -74.8,
            "beta": 163.6,
            "gamma": 65.2,
            "delta": 85.8,
            "epsilon": -156.0,
            "zeta": -83.2,
            "epsilon_zeta": -72.8,
            "bb_type": "BI",
            "chi": -158.1,
            "glyco_bond": "anti",
            "C5prime_xyz": [
                -1.684,
                8.962,
                0.423
            ],
            "P_xyz": [
                0.828,
                9.704,
                0.096
            ],
            "form": "A",
            "ssZp": 4.3,
            "Dp": 4.44,
            "splay_angle": 22.534,
            "splay_distance": 3.657,
            "splay_ratio": 0.195,
            "eta": 165.4,
            "theta": -157.4,
            "eta_prime": -176.6,
            "theta_prime": -159.3,
            "eta_base": -134.7,
            "theta_base": -147.2,
            "v0": -6.9,
            "v1": -17.3,
            "v2": 33.3,
            "v3": -38.4,
            "v4": 28.5,
            "amplitude": 38.0,
            "phase_angle": 28.9,
            "puckering": "C3'-endo",
            "sugar_class": "~C3'-endo",
            "bin": "33p",
            "cluster": "1a",
            "suiteness": 0.577,
            "filter_rmsd": 0.065,
            "frame": {
                "rmsd": 0.008,
                "origin": [
                    202.94,
                    -61.15,
                    3.188
                ],
                "x_axis": [
                    0.811,
                    -0.508,
                    -0.291
                ],
                "y_axis": [
                    -0.0,
                    0.496,
                    -0.868
                ],
                "z_axis": [
                    0.585,
                    0.704,
                    0.402
                ],
                "quaternion": [
                    0.823,
                    -0.478,
                    0.266,
                    -0.154
                ]
            },
            "sse": {
                "sse": null
            },
            "binding_protein": null,
            "binding_ion": "MG",
            "binding_small-molecule": true,
            "TotalAsa": 186.85528577235254,
            "PolarAsa": 124.63997954849643,
            "ApolarAsa": 62.21530622385615,
            "id": "2mis.A.24"
        },
        {
            "index": 25,
            "index_chain": 25,
            "chain_name": "A",
            "nt_resnum": 25,
            "nt_name": "U",
            "nt_code": "U",
            "nt_id": "A.U25",
            "nt_type": "RNA",
            "dbn": ")",
            "summary": "anti,~C3'-endo,BI,canonical,non-pair-contact,helix,stem,coaxial-stack",
            "alpha": -83.1,
            "beta": 173.2,
            "gamma": 62.0,
            "delta": 86.8,
            "epsilon": -137.8,
            "zeta": -71.7,
            "epsilon_zeta": -66.2,
            "bb_type": "BI",
            "chi": -147.8,
            "glyco_bond": "anti",
            "C5prime_xyz": [
                -1.402,
                8.858,
                -0.129
            ],
            "P_xyz": [
                1.138,
                9.358,
                -0.642
            ],
            "form": ".",
            "ssZp": 3.95,
            "Dp": 4.63,
            "splay_angle": 33.414,
            "splay_distance": 5.595,
            "splay_ratio": 0.289,
            "eta": 168.6,
            "theta": -130.7,
            "eta_prime": 174.9,
            "theta_prime": -128.3,
            "eta_base": -164.8,
            "theta_base": -103.7,
            "v0": 0.5,
            "v1": -23.4,
            "v2": 36.0,
            "v3": -36.9,
            "v4": 23.0,
            "amplitude": 37.9,
            "phase_angle": 18.0,
            "puckering": "C3'-endo",
            "sugar_class": "~C3'-endo",
            "bin": "33p",
            "cluster": "1a",
            "suiteness": 0.516,
            "filter_rmsd": 0.101,
            "frame": {
                "rmsd": 0.016,
                "origin": [
                    204.585,
                    -59.147,
                    5.769
                ],
                "x_axis": [
                    0.699,
                    -0.285,
                    -0.656
                ],
                "y_axis": [
                    -0.257,
                    0.755,
                    -0.603
                ],
                "z_axis": [
                    0.667,
                    0.59,
                    0.455
                ],
                "quaternion": [
                    0.853,
                    -0.35,
                    0.388,
                    -0.008
                ]
            },
            "sse": {
                "sse": null
            },
            "binding_protein": null,
            "binding_ion": null,
            "binding_small-molecule": null,
            "TotalAsa": 173.25377534394713,
            "PolarAsa": 123.78473557536367,
            "ApolarAsa": 49.46903976858348,
            "id": "2mis.A.25"
        },
        {
            "index": 26,
            "index_chain": 26,
            "chain_name": "A",
            "nt_resnum": 26,
            "nt_name": "C",
            "nt_code": "C",
            "nt_id": "A.C26",
            "nt_type": "RNA",
            "dbn": ")",
            "summary": "anti,~C3'-endo,canonical,non-pair-contact,helix-end,stem-end,coaxial-stack",
            "alpha": -58.0,
            "beta": 167.0,
            "gamma": 53.9,
            "delta": 81.6,
            "epsilon": null,
            "zeta": null,
            "epsilon_zeta": null,
            "bb_type": "--",
            "chi": -167.8,
            "glyco_bond": "anti",
            "C5prime_xyz": [
                -2.055,
                8.929,
                0.842
            ],
            "P_xyz": [
                0.313,
                9.908,
                1.466
            ],
            "form": "-",
            "ssZp": null,
            "Dp": null,
            "splay_angle": null,
            "splay_distance": null,
            "splay_ratio": null,
            "eta": null,
            "theta": null,
            "eta_prime": null,
            "theta_prime": null,
            "eta_base": null,
            "theta_base": null,
            "v0": -13.5,
            "v1": -10.9,
            "v2": 29.1,
            "v3": -38.2,
            "v4": 32.8,
            "amplitude": 37.6,
            "phase_angle": 39.4,
            "puckering": "C4'-exo",
            "sugar_class": "~C3'-endo",
            "bin": "33p",
            "cluster": "1a",
            "suiteness": 0.854,
            "filter_rmsd": 0.066,
            "frame": {
                "rmsd": 0.008,
                "origin": [
                    209.898,
                    -57.398,
                    5.635
                ],
                "x_axis": [
                    -0.003,
                    -0.152,
                    -0.988
                ],
                "y_axis": [
                    -0.749,
                    0.655,
                    -0.099
                ],
                "z_axis": [
                    0.662,
                    0.74,
                    -0.116
                ],
                "quaternion": [
                    0.62,
                    -0.338,
                    0.666,
                    0.241
                ]
            },
            "sse": {
                "sse": null
            },
            "binding_protein": null,
            "binding_ion": "MG",
            "binding_small-molecule": true,
            "TotalAsa": 276.3726842848949,
            "PolarAsa": 191.02983881713277,
            "ApolarAsa": 85.34284546776219,
            "id": "2mis.A.26"
        },
        {
            "index": 3,
            "index_chain": 3,
            "chain_name": "A",
            "nt_resnum": 3,
            "nt_name": "G",
            "nt_code": "G",
            "nt_id": "A.G3",
            "nt_type": "RNA",
            "dbn": "(",
            "summary": "anti,~C3'-endo,BI,canonical,non-pair-contact,helix,stem,coaxial-stack",
            "alpha": -71.6,
            "beta": 163.5,
            "gamma": 65.1,
            "delta": 86.6,
            "epsilon": -145.0,
            "zeta": -82.9,
            "epsilon_zeta": -62.0,
            "bb_type": "BI",
            "chi": -154.0,
            "glyco_bond": "anti",
            "C5prime_xyz": [
                -1.722,
                9.057,
                0.132
            ],
            "P_xyz": [
                0.764,
                9.86,
                -0.223
            ],
            "form": ".",
            "ssZp": 4.06,
            "Dp": 4.33,
            "splay_angle": 23.61,
            "splay_distance": 3.997,
            "splay_ratio": 0.205,
            "eta": 171.3,
            "theta": -148.9,
            "eta_prime": -173.1,
            "theta_prime": -148.5,
            "eta_base": -145.2,
            "theta_base": -123.9,
            "v0": -11.9,
            "v1": -11.9,
            "v2": 29.3,
            "v3": -37.4,
            "v4": 31.1,
            "amplitude": 36.8,
            "phase_angle": 37.2,
            "puckering": "C4'-exo",
            "sugar_class": "~C3'-endo",
            "bin": "33p",
            "cluster": "1a",
            "suiteness": 0.689,
            "filter_rmsd": 0.016,
            "frame": {
                "rmsd": 0.016,
                "origin": [
                    203.025,
                    -60.057,
                    3.481
                ],
                "x_axis": [
                    0.799,
                    -0.509,
                    -0.32
                ],
                "y_axis": [
                    0.017,
                    -0.514,
                    0.858
                ],
                "z_axis": [
                    -0.601,
                    -0.691,
                    -0.402
                ],
                "quaternion": [
                    0.47,
                    0.824,
                    -0.149,
                    -0.28
                ]
            },
            "sse": {
                "sse": null
            },
            "binding_protein": null,
            "binding_ion": "MG",
            "binding_small-molecule": true,
            "TotalAsa": 183.23696543490934,
            "PolarAsa": 139.31009583686767,
            "ApolarAsa": 43.92686959804165,
            "id": "2mis.A.3"
        },
        {
            "index": 4,
            "index_chain": 4,
            "chain_name": "A",
            "nt_resnum": 4,
            "nt_name": "C",
            "nt_code": "C",
            "nt_id": "A.C4",
            "nt_type": "RNA",
            "dbn": "(",
            "summary": "anti,~C3'-endo,BI,canonical,non-pair-contact,helix,stem,coaxial-stack",
            "alpha": -74.3,
            "beta": 162.9,
            "gamma": 65.1,
            "delta": 87.7,
            "epsilon": -160.0,
            "zeta": -80.1,
            "epsilon_zeta": -79.9,
            "bb_type": "BI",
            "chi": -151.9,
            "glyco_bond": "anti",
            "C5prime_xyz": [
                -1.701,
                9.007,
                0
            ],
            "P_xyz": [
                0.806,
                9.713,
                -0.434
            ],
            "form": ".",
            "ssZp": 4.03,
            "Dp": 4.29,
            "splay_angle": 29.952,
            "splay_distance": 4.855,
            "splay_ratio": 0.259,
            "eta": 167.3,
            "theta": -155.4,
            "eta_prime": -177.2,
            "theta_prime": -154.8,
            "eta_base": -141.5,
            "theta_base": -123.5,
            "v0": -9.8,
            "v1": -13.4,
            "v2": 29.7,
            "v3": -36.5,
            "v4": 29.1,
            "amplitude": 35.9,
            "phase_angle": 34.1,
            "puckering": "C3'-endo",
            "sugar_class": "~C3'-endo",
            "bin": "33p",
            "cluster": "1a",
            "suiteness": 0.625,
            "filter_rmsd": 0.066,
            "frame": {
                "rmsd": 0.008,
                "origin": [
                    201.685,
                    -62.873,
                    0.981
                ],
                "x_axis": [
                    0.809,
                    -0.541,
                    0.227
                ],
                "y_axis": [
                    -0.426,
                    -0.275,
                    0.862
                ],
                "z_axis": [
                    -0.404,
                    -0.795,
                    -0.453
                ],
                "quaternion": [
                    0.52,
                    0.797,
                    -0.304,
                    -0.055
                ]
            },
            "sse": {
                "sse": null
            },
            "binding_protein": null,
            "binding_ion": "MG",
            "binding_small-molecule": true,
            "TotalAsa": 187.01170639840876,
            "PolarAsa": 125.88170601208182,
            "ApolarAsa": 61.13000038632694,
            "id": "2mis.A.4"
        },
        {
            "index": 5,
            "index_chain": 5,
            "chain_name": "A",
            "nt_resnum": 5,
            "nt_name": "U",
            "nt_code": "U",
            "nt_id": "A.U5",
            "nt_type": "RNA",
            "dbn": "(",
            "summary": "anti,~C3'-endo,BI,canonical,non-pair-contact,helix,stem,coaxial-stack",
            "alpha": -75.7,
            "beta": 162.8,
            "gamma": 76.1,
            "delta": 91.4,
            "epsilon": -137.8,
            "zeta": -69.3,
            "epsilon_zeta": -68.5,
            "bb_type": "BI",
            "chi": -156.6,
            "glyco_bond": "anti",
            "C5prime_xyz": [
                -1.234,
                8.728,
                0.403
            ],
            "P_xyz": [
                1.279,
                8.999,
                -0.356
            ],
            "form": ".",
            "ssZp": 4.25,
            "Dp": 4.61,
            "splay_angle": 13.127,
            "splay_distance": 2.201,
            "splay_ratio": 0.115,
            "eta": -177.7,
            "theta": -127.6,
            "eta_prime": -163.4,
            "theta_prime": -132.1,
            "eta_base": -122.8,
            "theta_base": -103.6,
            "v0": 4.6,
            "v1": -24.8,
            "v2": 34.3,
            "v3": -32.6,
            "v4": 17.7,
            "amplitude": 34.9,
            "phase_angle": 11.2,
            "puckering": "C3'-endo",
            "sugar_class": "~C3'-endo",
            "bin": "33p",
            "cluster": "1a",
            "suiteness": 0.233,
            "filter_rmsd": 0.1,
            "frame": {
                "rmsd": 0.016,
                "origin": [
                    200.552,
                    -67.135,
                    -1.049
                ],
                "x_axis": [
                    0.365,
                    -0.677,
                    0.64
                ],
                "y_axis": [
                    -0.794,
                    0.132,
                    0.593
                ],
                "z_axis": [
                    -0.486,
                    -0.724,
                    -0.489
                ],
                "quaternion": [
                    0.502,
                    0.656,
                    -0.56,
                    0.059
                ]
            },
            "sse": {
                "sse": null
            },
            "binding_protein": null,
            "binding_ion": "MG",
            "binding_small-molecule": true,
            "TotalAsa": 173.53127435965277,
            "PolarAsa": 121.29863230991941,
            "ApolarAsa": 52.232642049733364,
            "id": "2mis.A.5"
        },
        {
            "index": 6,
            "index_chain": 6,
            "chain_name": "A",
            "nt_resnum": 6,
            "nt_name": "G",
            "nt_code": "G",
            "nt_id": "A.G6",
            "nt_type": "RNA",
            "dbn": "(",
            "summary": "anti,~C3'-endo,canonical,non-pair-contact,helix,stem-end,coaxial-stack,internal-loop",
            "alpha": -93.4,
            "beta": 168.6,
            "gamma": 76.0,
            "delta": 89.9,
            "epsilon": -135.2,
            "zeta": -149.5,
            "epsilon_zeta": 14.3,
            "bb_type": "--",
            "chi": -119.5,
            "glyco_bond": "anti",
            "C5prime_xyz": [
                -1.978,
                8.649,
                -1.739
            ],
            "P_xyz": [
                0.116,
                8.908,
                -3.322
            ],
            "form": ".",
            "ssZp": 2.26,
            "Dp": 4.24,
            "splay_angle": 62.271,
            "splay_distance": 10.356,
            "splay_ratio": 0.519,
            "eta": 164.5,
            "theta": 159.7,
            "eta_prime": -176.9,
            "theta_prime": 166.4,
            "eta_base": -134.3,
            "theta_base": -177.5,
            "v0": -12.0,
            "v1": -10.0,
            "v2": 26.5,
            "v3": -34.4,
            "v4": 29.2,
            "amplitude": 34.0,
            "phase_angle": 38.9,
            "puckering": "C4'-exo",
            "sugar_class": "~C3'-endo",
            "bin": "33p",
            "cluster": "1a",
            "suiteness": 0.132,
            "filter_rmsd": 0.016,
            "frame": {
                "rmsd": 0.016,
                "origin": [
                    200.561,
                    -69.304,
                    -1.422
                ],
                "x_axis": [
                    0.02,
                    -0.483,
                    0.876
                ],
                "y_axis": [
                    -0.995,
                    -0.092,
                    -0.028
                ],
                "z_axis": [
                    0.094,
                    -0.871,
                    -0.482
                ],
                "quaternion": [
                    0.334,
                    0.631,
                    -0.585,
                    0.384
                ]
            },
            "sse": {
                "sse": null
            },
            "binding_protein": null,
            "binding_ion": "MG",
            "binding_small-molecule": null,
            "TotalAsa": 165.6782834469066,
            "PolarAsa": 122.86471066625546,
            "ApolarAsa": 42.81357278065123,
            "id": "2mis.A.6"
        },
        {
            "index": 7,
            "index_chain": 7,
            "chain_name": "A",
            "nt_resnum": 7,
            "nt_name": "C",
            "nt_code": "C",
            "nt_id": "A.C7",
            "nt_type": "RNA",
            "dbn": ".",
            "summary": "anti,~C3'-endo,non-canonical,non-pair-contact,multiplet,internal-loop",
            "alpha": -39.9,
            "beta": 150.5,
            "gamma": 31.7,
            "delta": 89.0,
            "epsilon": 170.1,
            "zeta": 31.6,
            "epsilon_zeta": 138.4,
            "bb_type": "--",
            "chi": -169.3,
            "glyco_bond": "anti",
            "C5prime_xyz": [
                -1.744,
                8.799,
                1.071
            ],
            "P_xyz": [
                0.708,
                9.195,
                1.969
            ],
            "form": ".",
            "ssZp": 4.01,
            "Dp": 4.03,
            "splay_angle": 13.64,
            "splay_distance": 2.524,
            "splay_ratio": 0.135,
            "eta": 178.3,
            "theta": -38.6,
            "eta_prime": 176.8,
            "theta_prime": -81.3,
            "eta_base": -173.0,
            "theta_base": -130.0,
            "v0": -5.8,
            "v1": -16.5,
            "v2": 30.9,
            "v3": -35.3,
            "v4": 25.8,
            "amplitude": 34.9,
            "phase_angle": 27.9,
            "puckering": "C3'-endo",
            "sugar_class": "~C3'-endo",
            "bin": "33p",
            "cluster": "7a",
            "suiteness": 0.511,
            "filter_rmsd": 0.066,
            "frame": {
                "rmsd": 0.008,
                "origin": [
                    197.74,
                    -75.625,
                    -9.125
                ],
                "x_axis": [
                    0.382,
                    -0.093,
                    0.92
                ],
                "y_axis": [
                    -0.665,
                    0.664,
                    0.343
                ],
                "z_axis": [
                    -0.642,
                    -0.742,
                    0.192
                ],
                "quaternion": [
                    0.748,
                    0.363,
                    -0.522,
                    0.191
                ]
            },
            "sse": {
                "sse": null
            },
            "binding_protein": null,
            "binding_ion": "MG",
            "binding_small-molecule": true,
            "TotalAsa": 183.84962426188386,
            "PolarAsa": 112.10357153690863,
            "ApolarAsa": 71.74605272497527,
            "id": "2mis.A.7"
        },
        {
            "index": 8,
            "index_chain": 8,
            "chain_name": "A",
            "nt_resnum": 8,
            "nt_name": "A",
            "nt_code": "A",
            "nt_id": "A.A8",
            "nt_type": "RNA",
            "dbn": ".",
            "summary": "turn,anti,~C2'-endo,non-pair-contact,internal-loop,A-minor,phosphate",
            "alpha": 131.4,
            "beta": -176.2,
            "gamma": 53.9,
            "delta": 146.0,
            "epsilon": -87.1,
            "zeta": -132.0,
            "epsilon_zeta": 44.8,
            "bb_type": "--",
            "chi": -140.5,
            "glyco_bond": "anti",
            "C5prime_xyz": [
                -1.686,
                8.793,
                -0.069
            ],
            "P_xyz": [
                0.5,
                9.385,
                1.289
            ],
            "form": ".",
            "ssZp": 0.9,
            "Dp": 0.89,
            "splay_angle": 43.493,
            "splay_distance": 7.93,
            "splay_ratio": 0.373,
            "eta": 56.6,
            "theta": -100.5,
            "eta_prime": 115.0,
            "theta_prime": -125.6,
            "eta_base": 103.3,
            "theta_base": -118.7,
            "v0": -21.5,
            "v1": 34.0,
            "v2": -33.1,
            "v3": 21.5,
            "v4": -0.2,
            "amplitude": 34.9,
            "phase_angle": 161.7,
            "puckering": "C2'-endo",
            "sugar_class": "~C2'-endo",
            "bin": "trig",
            "cluster": "!!",
            "suiteness": 0.0,
            "filter_rmsd": 0.035,
            "frame": {
                "rmsd": 0.018,
                "origin": [
                    198.218,
                    -78.075,
                    -8.752
                ],
                "x_axis": [
                    0.22,
                    0.226,
                    -0.949
                ],
                "y_axis": [
                    -0.94,
                    0.31,
                    -0.144
                ],
                "z_axis": [
                    0.261,
                    0.924,
                    0.28
                ],
                "quaternion": [
                    0.673,
                    -0.397,
                    0.45,
                    0.433
                ]
            },
            "sse": {
                "sse": null
            },
            "binding_protein": null,
            "binding_ion": "MG",
            "binding_small-molecule": true,
            "TotalAsa": 246.72844441672774,
            "PolarAsa": 179.92919942161177,
            "ApolarAsa": 66.79924499511598,
            "id": "2mis.A.8"
        },
        {
            "index": 9,
            "index_chain": 9,
            "chain_name": "A",
            "nt_resnum": 9,
            "nt_name": "G",
            "nt_code": "G",
            "nt_id": "A.G9",
            "nt_type": "RNA",
            "dbn": ".",
            "summary": "anti,~C3'-endo,BI,non-canonical,non-pair-contact,helix,multiplet,internal-loop,A-minor,phosphate",
            "alpha": 39.6,
            "beta": -71.5,
            "gamma": -74.3,
            "delta": 90.8,
            "epsilon": -167.8,
            "zeta": -95.2,
            "epsilon_zeta": -72.7,
            "bb_type": "BI",
            "chi": -144.8,
            "glyco_bond": "anti",
            "C5prime_xyz": [
                -2.216,
                9.084,
                -0.515
            ],
            "P_xyz": [
                -4.439,
                10.482,
                -0.791
            ],
            "form": ".",
            "ssZp": 3.69,
            "Dp": 3.77,
            "splay_angle": 42.093,
            "splay_distance": 6.642,
            "splay_ratio": 0.362,
            "eta": -106.3,
            "theta": 112.8,
            "eta_prime": -103.1,
            "theta_prime": 143.7,
            "eta_base": -89.2,
            "theta_base": -170.0,
            "v0": -24.7,
            "v1": 2.7,
            "v2": 18.2,
            "v3": -33.4,
            "v4": 36.6,
            "amplitude": 36.5,
            "phase_angle": 60.1,
            "puckering": "C4'-exo",
            "sugar_class": "~C3'-endo",
            "bin": "23t",
            "cluster": "!!",
            "suiteness": 0.0,
            "filter_rmsd": 0.016,
            "frame": {
                "rmsd": 0.016,
                "origin": [
                    200.396,
                    -73.078,
                    -2.992
                ],
                "x_axis": [
                    0.131,
                    0.599,
                    0.79
                ],
                "y_axis": [
                    -0.955,
                    -0.139,
                    0.264
                ],
                "z_axis": [
                    0.268,
                    -0.789,
                    0.553
                ],
                "quaternion": [
                    0.622,
                    0.423,
                    -0.21,
                    0.625
                ]
            },
            "sse": {
                "sse": null
            },
            "binding_protein": null,
            "binding_ion": "MG",
            "binding_small-molecule": true,
            "TotalAsa": 155.2746048859694,
            "PolarAsa": 111.56585495530278,
            "ApolarAsa": 43.70874993066663,
            "id": "2mis.A.9"
        }
    ],
    "links": [
        {
            "LW": "B53",
            "backbone": true,
            "source": "2mis.A.1",
            "target": "2mis.A.2"
        },
        {
            "index": 1,
            "nt1": "A.G1",
            "nt2": "A.C26",
            "bp": "G-C",
            "name": "WC",
            "Saenger": "19-XIX",
            "LW": "cWW",
            "DSSR": "cW-W",
            "source": "2mis.A.1",
            "target": "2mis.A.26"
        },
        {
            "LW": "B53",
            "backbone": true,
            "source": "2mis.A.10",
            "target": "2mis.A.11"
        },
        {
            "LW": "B35",
            "backbone": true,
            "source": "2mis.A.10",
            "target": "2mis.A.9"
        },
        {
            "index": 9,
            "nt1": "A.C10",
            "nt2": "A.G19",
            "bp": "C-G",
            "name": "WC",
            "Saenger": "19-XIX",
            "LW": "cWW",
            "DSSR": "cW-W",
            "source": "2mis.A.10",
            "target": "2mis.A.19"
        },
        {
            "LW": "B53",
            "backbone": true,
            "source": "2mis.A.11",
            "target": "2mis.A.12"
        },
        {
            "LW": "B35",
            "backbone": true,
            "source": "2mis.A.11",
            "target": "2mis.A.10"
        },
        {
            "index": 10,
            "nt1": "A.A11",
            "nt2": "A.U18",
            "bp": "A-U",
            "name": "WC",
            "Saenger": "20-XX",
            "LW": "cWW",
            "DSSR": "cW-W",
            "source": "2mis.A.11",
            "target": "2mis.A.18"
        },
        {
            "LW": "B53",
            "backbone": true,
            "source": "2mis.A.12",
            "target": "2mis.A.13"
        },
        {
            "LW": "B35",
            "backbone": true,
            "source": "2mis.A.12",
            "target": "2mis.A.11"
        },
        {
            "index": 11,
            "nt1": "A.C12",
            "nt2": "A.G17",
            "bp": "C-G",
            "name": "WC",
            "Saenger": "19-XIX",
            "LW": "cWW",
            "DSSR": "cW-W",
            "source": "2mis.A.12",
            "target": "2mis.A.17"
        },
        {
            "LW": "B53",
            "backbone": true,
            "source": "2mis.A.13",
            "target": "2mis.A.14"
        },
        {
            "LW": "B35",
            "backbone": true,
            "source": "2mis.A.13",
            "target": "2mis.A.12"
        },
        {
            "index": 12,
            "nt1": "A.G13",
            "nt2": "A.A16",
            "bp": "G-A",
            "name": "Sheared",
            "Saenger": "11-XI",
            "LW": "tSH",
            "DSSR": "tm-M",
            "source": "2mis.A.13",
            "target": "2mis.A.16"
        },
        {
            "LW": "B53",
            "backbone": true,
            "source": "2mis.A.14",
            "target": "2mis.A.15"
        },
        {
            "LW": "B35",
            "backbone": true,
            "source": "2mis.A.14",
            "target": "2mis.A.13"
        },
        {
            "LW": "B53",
            "backbone": true,
            "source": "2mis.A.15",
            "target": "2mis.A.16"
        },
        {
            "LW": "B35",
            "backbone": true,
            "source": "2mis.A.15",
            "target": "2mis.A.14"
        },
        {
            "LW": "B53",
            "backbone": true,
            "source": "2mis.A.16",
            "target": "2mis.A.17"
        },
        {
            "LW": "B35",
            "backbone": true,
            "source": "2mis.A.16",
            "target": "2mis.A.15"
        },
        {
            "index": 12,
            "nt1": "A.A16",
            "nt2": "A.G13",
            "bp": "A-G",
            "name": "Sheared",
            "Saenger": "11-XI",
            "LW": "tHS",
            "DSSR": "tm-M",
            "source": "2mis.A.16",
            "target": "2mis.A.13"
        },
        {
            "LW": "B53",
            "backbone": true,
            "source": "2mis.A.17",
            "target": "2mis.A.18"
        },
        {
            "LW": "B35",
            "backbone": true,
            "source": "2mis.A.17",
            "target": "2mis.A.16"
        },
        {
            "index": 11,
            "nt1": "A.G17",
            "nt2": "A.C12",
            "bp": "G-C",
            "name": "WC",
            "Saenger": "19-XIX",
            "LW": "cWW",
            "DSSR": "cW-W",
            "source": "2mis.A.17",
            "target": "2mis.A.12"
        },
        {
            "LW": "B53",
            "backbone": true,
            "source": "2mis.A.18",
            "target": "2mis.A.19"
        },
        {
            "LW": "B35",
            "backbone": true,
            "source": "2mis.A.18",
            "target": "2mis.A.17"
        },
        {
            "index": 10,
            "nt1": "A.U18",
            "nt2": "A.A11",
            "bp": "U-A",
            "name": "WC",
            "Saenger": "20-XX",
            "LW": "cWW",
            "DSSR": "cW-W",
            "source": "2mis.A.18",
            "target": "2mis.A.11"
        },
        {
            "LW": "B53",
            "backbone": true,
            "source": "2mis.A.19",
            "target": "2mis.A.20"
        },
        {
            "LW": "B35",
            "backbone": true,
            "source": "2mis.A.19",
            "target": "2mis.A.18"
        },
        {
            "index": 9,
            "nt1": "A.G19",
            "nt2": "A.C10",
            "bp": "G-C",
            "name": "WC",
            "Saenger": "19-XIX",
            "LW": "cWW",
            "DSSR": "cW-W",
            "source": "2mis.A.19",
            "target": "2mis.A.10"
        },
        {
            "LW": "B53",
            "backbone": true,
            "source": "2mis.A.2",
            "target": "2mis.A.3"
        },
        {
            "LW": "B35",
            "backbone": true,
            "source": "2mis.A.2",
            "target": "2mis.A.1"
        },
        {
            "index": 2,
            "nt1": "A.A2",
            "nt2": "A.U25",
            "bp": "A-U",
            "name": "WC",
            "Saenger": "20-XX",
            "LW": "cWW",
            "DSSR": "cW-W",
            "source": "2mis.A.2",
            "target": "2mis.A.25"
        },
        {
            "LW": "B53",
            "backbone": true,
            "source": "2mis.A.20",
            "target": "2mis.A.21"
        },
        {
            "LW": "B35",
            "backbone": true,
            "source": "2mis.A.20",
            "target": "2mis.A.19"
        },
        {
            "index": 8,
            "nt1": "A.A20",
            "nt2": "A.G9",
            "bp": "A-G",
            "name": "--",
            "Saenger": "--",
            "LW": "cWW",
            "DSSR": "cW-W",
            "source": "2mis.A.20",
            "target": "2mis.A.9"
        },
        {
            "LW": "B53",
            "backbone": true,
            "source": "2mis.A.21",
            "target": "2mis.A.22"
        },
        {
            "LW": "B35",
            "backbone": true,
            "source": "2mis.A.21",
            "target": "2mis.A.20"
        },
        {
            "index": 6,
            "nt1": "A.C21",
            "nt2": "A.G6",
            "bp": "C-G",
            "name": "WC",
            "Saenger": "19-XIX",
            "LW": "cWW",
            "DSSR": "cW-W",
            "source": "2mis.A.21",
            "target": "2mis.A.6"
        },
        {
            "LW": "B53",
            "backbone": true,
            "source": "2mis.A.22",
            "target": "2mis.A.23"
        },
        {
            "LW": "B35",
            "backbone": true,
            "source": "2mis.A.22",
            "target": "2mis.A.21"
        },
        {
            "index": 5,
            "nt1": "A.G22",
            "nt2": "A.U5",
            "bp": "G-U",
            "name": "Wobble",
            "Saenger": "28-XXVIII",
            "LW": "cWW",
            "DSSR": "cW-W",
            "source": "2mis.A.22",
            "target": "2mis.A.5"
        },
        {
            "LW": "B53",
            "backbone": true,
            "source": "2mis.A.23",
            "target": "2mis.A.24"
        },
        {
            "LW": "B35",
            "backbone": true,
            "source": "2mis.A.23",
            "target": "2mis.A.22"
        },
        {
            "index": 4,
            "nt1": "A.G23",
            "nt2": "A.C4",
            "bp": "G-C",
            "name": "WC",
            "Saenger": "19-XIX",
            "LW": "cWW",
            "DSSR": "cW-W",
            "source": "2mis.A.23",
            "target": "2mis.A.4"
        },
        {
            "LW": "B53",
            "backbone": true,
            "source": "2mis.A.24",
            "target": "2mis.A.25"
        },
        {
            "LW": "B35",
            "backbone": true,
            "source": "2mis.A.24",
            "target": "2mis.A.23"
        },
        {
            "index": 3,
            "nt1": "A.C24",
            "nt2": "A.G3",
            "bp": "C-G",
            "name": "WC",
            "Saenger": "19-XIX",
            "LW": "cWW",
            "DSSR": "cW-W",
            "source": "2mis.A.24",
            "target": "2mis.A.3"
        },
        {
            "LW": "B53",
            "backbone": true,
            "source": "2mis.A.25",
            "target": "2mis.A.26"
        },
        {
            "LW": "B35",
            "backbone": true,
            "source": "2mis.A.25",
            "target": "2mis.A.24"
        },
        {
            "index": 2,
            "nt1": "A.U25",
            "nt2": "A.A2",
            "bp": "U-A",
            "name": "WC",
            "Saenger": "20-XX",
            "LW": "cWW",
            "DSSR": "cW-W",
            "source": "2mis.A.25",
            "target": "2mis.A.2"
        },
        {
            "LW": "B35",
            "backbone": true,
            "source": "2mis.A.26",
            "target": "2mis.A.25"
        },
        {
            "index": 1,
            "nt1": "A.C26",
            "nt2": "A.G1",
            "bp": "C-G",
            "name": "WC",
            "Saenger": "19-XIX",
            "LW": "cWW",
            "DSSR": "cW-W",
            "source": "2mis.A.26",
            "target": "2mis.A.1"
        },
        {
            "LW": "B53",
            "backbone": true,
            "source": "2mis.A.3",
            "target": "2mis.A.4"
        },
        {
            "LW": "B35",
            "backbone": true,
            "source": "2mis.A.3",
            "target": "2mis.A.2"
        },
        {
            "index": 3,
            "nt1": "A.G3",
            "nt2": "A.C24",
            "bp": "G-C",
            "name": "WC",
            "Saenger": "19-XIX",
            "LW": "cWW",
            "DSSR": "cW-W",
            "source": "2mis.A.3",
            "target": "2mis.A.24"
        },
        {
            "LW": "B53",
            "backbone": true,
            "source": "2mis.A.4",
            "target": "2mis.A.5"
        },
        {
            "LW": "B35",
            "backbone": true,
            "source": "2mis.A.4",
            "target": "2mis.A.3"
        },
        {
            "index": 4,
            "nt1": "A.C4",
            "nt2": "A.G23",
            "bp": "C-G",
            "name": "WC",
            "Saenger": "19-XIX",
            "LW": "cWW",
            "DSSR": "cW-W",
            "source": "2mis.A.4",
            "target": "2mis.A.23"
        },
        {
            "LW": "B53",
            "backbone": true,
            "source": "2mis.A.5",
            "target": "2mis.A.6"
        },
        {
            "LW": "B35",
            "backbone": true,
            "source": "2mis.A.5",
            "target": "2mis.A.4"
        },
        {
            "index": 5,
            "nt1": "A.U5",
            "nt2": "A.G22",
            "bp": "U-G",
            "name": "Wobble",
            "Saenger": "28-XXVIII",
            "LW": "cWW",
            "DSSR": "cW-W",
            "source": "2mis.A.5",
            "target": "2mis.A.22"
        },
        {
            "LW": "B53",
            "backbone": true,
            "source": "2mis.A.6",
            "target": "2mis.A.7"
        },
        {
            "LW": "B35",
            "backbone": true,
            "source": "2mis.A.6",
            "target": "2mis.A.5"
        },
        {
            "index": 6,
            "nt1": "A.G6",
            "nt2": "A.C21",
            "bp": "G-C",
            "name": "WC",
            "Saenger": "19-XIX",
            "LW": "cWW",
            "DSSR": "cW-W",
            "source": "2mis.A.6",
            "target": "2mis.A.21"
        },
        {
            "LW": "B53",
            "backbone": true,
            "source": "2mis.A.7",
            "target": "2mis.A.8"
        },
        {
            "LW": "B35",
            "backbone": true,
            "source": "2mis.A.7",
            "target": "2mis.A.6"
        },
        {
            "index": 7,
            "nt1": "A.C7",
            "nt2": "A.G9",
            "bp": "C+G",
            "name": "--",
            "Saenger": "--",
            "LW": "tHS",
            "DSSR": "tM+m",
            "source": "2mis.A.7",
            "target": "2mis.A.9"
        },
        {
            "LW": "B53",
            "backbone": true,
            "source": "2mis.A.8",
            "target": "2mis.A.9"
        },
        {
            "LW": "B35",
            "backbone": true,
            "source": "2mis.A.8",
            "target": "2mis.A.7"
        },
        {
            "LW": "B53",
            "backbone": true,
            "source": "2mis.A.9",
            "target": "2mis.A.10"
        },
        {
            "LW": "B35",
            "backbone": true,
            "source": "2mis.A.9",
            "target": "2mis.A.8"
        },
        {
            "index": 8,
            "nt1": "A.G9",
            "nt2": "A.A20",
            "bp": "G-A",
            "name": "--",
            "Saenger": "--",
            "LW": "cWW",
            "DSSR": "cW-W",
            "source": "2mis.A.9",
            "target": "2mis.A.20"
        },
        {
            "index": 7,
            "nt1": "A.G9",
            "nt2": "A.C7",
            "bp": "G+C",
            "name": "--",
            "Saenger": "--",
            "LW": "tSH",
            "DSSR": "tM+m",
            "source": "2mis.A.9",
            "target": "2mis.A.7"
        }
    ]
}