{
    "directed": true,
    "multigraph": false,
    "graph": {
        "dbn": {
            "all_chains": {
                "num_nts": 26,
                "num_chars": 26,
                "bseq": "GAGCUGCAGCACGAAAGUGACGGCUC",
                "sstr": "((((((...(((....))).))))))",
                "form": ".A.......AA.....A....AAA.-"
            },
            "single_chains": {
                "m1_chain_A": {
                    "num_nts": 26,
                    "num_chars": 26,
                    "bseq": "GAGCUGCAGCACGAAAGUGACGGCUC",
                    "sstr": "((((((...(((....))).))))))",
                    "form": ".A.......AA.....A....AAA.-"
                }
            }
        },
        "resolution_low": null,
        "resolution_high": null
    },
    "nodes": [
        {
            "index": 1,
            "index_chain": 1,
            "chain_name": "A",
            "nt_resnum": 1,
            "nt_name": "G",
            "nt_code": "G",
            "nt_id": "A.G1",
            "nt_type": "RNA",
            "dbn": "(",
            "summary": "anti,~C3'-endo,BI,canonical,non-pair-contact,helix-end,stem-end,coaxial-stack",
            "alpha": null,
            "beta": null,
            "gamma": 65.0,
            "delta": 91.4,
            "epsilon": -141.5,
            "zeta": -80.8,
            "epsilon_zeta": -60.7,
            "bb_type": "BI",
            "chi": -155.7,
            "glyco_bond": "anti",
            "C5prime_xyz": [
                -1.032,
                8.781,
                0.367
            ],
            "P_xyz": [
                null,
                null,
                null
            ],
            "form": ".",
            "ssZp": 4.24,
            "Dp": 4.58,
            "splay_angle": 30.824,
            "splay_distance": 4.952,
            "splay_ratio": 0.266,
            "eta": null,
            "theta": null,
            "eta_prime": null,
            "theta_prime": null,
            "eta_base": null,
            "theta_base": null,
            "v0": 4.1,
            "v1": -24.3,
            "v2": 34.0,
            "v3": -32.7,
            "v4": 18.0,
            "amplitude": 34.8,
            "phase_angle": 12.0,
            "puckering": "C3'-endo",
            "sugar_class": "~C3'-endo",
            "bin": "inc",
            "cluster": "__",
            "suiteness": 0.0,
            "filter_rmsd": 0.016,
            "frame": {
                "rmsd": 0.016,
                "origin": [
                    209.925,
                    -56.932,
                    6.342
                ],
                "x_axis": [
                    -0.07,
                    -0.214,
                    -0.974
                ],
                "y_axis": [
                    0.408,
                    -0.897,
                    0.168
                ],
                "z_axis": [
                    -0.91,
                    -0.386,
                    0.151
                ],
                "quaternion": [
                    -0.214,
                    -0.647,
                    -0.075,
                    0.728
                ]
            },
            "sse": {
                "sse": null
            },
            "binding_protein": null,
            "binding_ion": "MG",
            "binding_small-molecule": true,
            "TotalAsa": 280.91453419151566,
            "PolarAsa": 180.97408709476966,
            "ApolarAsa": 99.94044709674601,
            "id": "2mis.A.1"
        },
        {
            "index": 10,
            "index_chain": 10,
            "chain_name": "A",
            "nt_resnum": 10,
            "nt_name": "C",
            "nt_code": "C",
            "nt_id": "A.C10",
            "nt_type": "RNA",
            "dbn": "(",
            "summary": "anti,~C3'-endo,BI,non-stack,canonical,non-pair-contact,helix,stem-end,coaxial-stack,internal-loop",
            "alpha": -42.2,
            "beta": 143.1,
            "gamma": 65.2,
            "delta": 93.5,
            "epsilon": -139.9,
            "zeta": -74.3,
            "epsilon_zeta": -65.6,
            "bb_type": "BI",
            "chi": -165.7,
            "glyco_bond": "anti",
            "C5prime_xyz": [
                -1.168,
                8.577,
                0.939
            ],
            "P_xyz": [
                1.431,
                8.462,
                0.417
            ],
            "form": "A",
            "ssZp": 4.37,
            "Dp": 4.61,
            "splay_angle": 26.277,
            "splay_distance": 4.317,
            "splay_ratio": 0.228,
            "eta": -168.8,
            "theta": -126.9,
            "eta_prime": -152.9,
            "theta_prime": -133.1,
            "eta_base": -118.6,
            "theta_base": -119.4,
            "v0": 8.6,
            "v1": -27.4,
            "v2": 34.6,
            "v3": -30.6,
            "v4": 13.8,
            "amplitude": 34.7,
            "phase_angle": 4.5,
            "puckering": "C3'-endo",
            "sugar_class": "~C3'-endo",
            "bin": "33p",
            "cluster": "1a",
            "suiteness": 0.22,
            "filter_rmsd": 0.067,
            "frame": {
                "rmsd": 0.008,
                "origin": [
                    201.44,
                    -78.162,
                    1.154
                ],
                "x_axis": [
                    -0.485,
                    0.386,
                    0.785
                ],
                "y_axis": [
                    -0.872,
                    -0.15,
                    -0.465
                ],
                "z_axis": [
                    -0.062,
                    -0.91,
                    0.409
                ],
                "quaternion": [
                    0.44,
                    0.253,
                    -0.481,
                    0.715
                ]
            },
            "sse": {
                "sse": null
            },
            "binding_protein": null,
            "binding_ion": "MG",
            "binding_small-molecule": true,
            "TotalAsa": 167.0688826267441,
            "PolarAsa": 130.6148442310588,
            "ApolarAsa": 36.45403839568532,
            "id": "2mis.A.10"
        },
        {
            "index": 11,
            "index_chain": 11,
            "chain_name": "A",
            "nt_resnum": 11,
            "nt_name": "A",
            "nt_code": "A",
            "nt_id": "A.A11",
            "nt_type": "RNA",
            "dbn": "(",
            "summary": "anti,~C3'-endo,BI,canonical,non-pair-contact,helix,stem,coaxial-stack",
            "alpha": -81.0,
            "beta": -169.0,
            "gamma": 44.7,
            "delta": 89.8,
            "epsilon": -146.0,
            "zeta": -71.6,
            "epsilon_zeta": -74.4,
            "bb_type": "BI",
            "chi": -139.7,
            "glyco_bond": "anti",
            "C5prime_xyz": [
                -1.142,
                8.72,
                -0.604
            ],
            "P_xyz": [
                1.439,
                9.264,
                -0.506
            ],
            "form": "A",
            "ssZp": 3.67,
            "Dp": 4.57,
            "splay_angle": 23.384,
            "splay_distance": 3.946,
            "splay_ratio": 0.203,
            "eta": 161.6,
            "theta": -139.3,
            "eta_prime": 173.7,
            "theta_prime": -136.3,
            "eta_base": -156.1,
            "theta_base": -118.4,
            "v0": 3.3,
            "v1": -24.4,
            "v2": 34.9,
            "v3": -34.0,
            "v4": 19.3,
            "amplitude": 35.9,
            "phase_angle": 13.4,
            "puckering": "C3'-endo",
            "sugar_class": "~C3'-endo",
            "bin": "33p",
            "cluster": "1a",
            "suiteness": 0.396,
            "filter_rmsd": 0.036,
            "frame": {
                "rmsd": 0.018,
                "origin": [
                    202.005,
                    -81.395,
                    3.959
                ],
                "x_axis": [
                    -0.857,
                    0.35,
                    0.378
                ],
                "y_axis": [
                    -0.505,
                    -0.421,
                    -0.753
                ],
                "z_axis": [
                    -0.104,
                    -0.837,
                    0.538
                ],
                "quaternion": [
                    0.255,
                    0.082,
                    -0.474,
                    0.839
                ]
            },
            "sse": {
                "sse": null
            },
            "binding_protein": null,
            "binding_ion": "MG",
            "binding_small-molecule": true,
            "TotalAsa": 184.9277369334122,
            "PolarAsa": 130.19641995595796,
            "ApolarAsa": 54.73131697745427,
            "id": "2mis.A.11"
        },
        {
            "index": 12,
            "index_chain": 12,
            "chain_name": "A",
            "nt_resnum": 12,
            "nt_name": "C",
            "nt_code": "C",
            "nt_id": "A.C12",
            "nt_type": "RNA",
            "dbn": "(",
            "summary": "anti,~C3'-endo,BI,canonical,non-pair-contact,helix,stem-end,coaxial-stack,hairpin-loop",
            "alpha": -83.2,
            "beta": 162.3,
            "gamma": 79.1,
            "delta": 86.9,
            "epsilon": -153.0,
            "zeta": -71.2,
            "epsilon_zeta": -81.8,
            "bb_type": "BI",
            "chi": -160.8,
            "glyco_bond": "anti",
            "C5prime_xyz": [
                -1.939,
                8.996,
                0.42
            ],
            "P_xyz": [
                0.481,
                9.926,
                -0.07
            ],
            "form": ".",
            "ssZp": 4.13,
            "Dp": 4.28,
            "splay_angle": 17.064,
            "splay_distance": 3.345,
            "splay_ratio": 0.164,
            "eta": 170.2,
            "theta": -112.4,
            "eta_prime": -171.2,
            "theta_prime": -129.6,
            "eta_base": -142.7,
            "theta_base": -94.7,
            "v0": -12.9,
            "v1": -11.2,
            "v2": 29.1,
            "v3": -37.7,
            "v4": 32.0,
            "amplitude": 37.2,
            "phase_angle": 38.6,
            "puckering": "C4'-exo",
            "sugar_class": "~C3'-endo",
            "bin": "33p",
            "cluster": "1a",
            "suiteness": 0.191,
            "filter_rmsd": 0.066,
            "frame": {
                "rmsd": 0.008,
                "origin": [
                    200.009,
                    -83.171,
                    6.862
                ],
                "x_axis": [
                    -0.809,
                    0.513,
                    -0.288
                ],
                "y_axis": [
                    -0.11,
                    -0.612,
                    -0.783
                ],
                "z_axis": [
                    -0.578,
                    -0.602,
                    0.552
                ],
                "quaternion": [
                    0.18,
                    -0.251,
                    -0.402,
                    0.862
                ]
            },
            "sse": {
                "sse": "hairpin_1"
            },
            "binding_protein": null,
            "binding_ion": "MG",
            "binding_small-molecule": true,
            "TotalAsa": 170.0155196164139,
            "PolarAsa": 113.9466249120852,
            "ApolarAsa": 56.068894704328734,
            "id": "2mis.A.12"
        },
        {
            "index": 13,
            "index_chain": 13,
            "chain_name": "A",
            "nt_resnum": 13,
            "nt_name": "G",
            "nt_code": "G",
            "nt_id": "A.G13",
            "nt_type": "RNA",
            "dbn": ".",
            "summary": "anti,~C3'-endo,non-canonical,non-pair-contact,helix-end,hairpin-loop,splayed-apart",
            "alpha": 121.3,
            "beta": -164.2,
            "gamma": -164.8,
            "delta": 88.9,
            "epsilon": -137.1,
            "zeta": -114.5,
            "epsilon_zeta": -22.6,
            "bb_type": "--",
            "chi": -154.9,
            "glyco_bond": "anti",
            "C5prime_xyz": [
                -1.496,
                9.016,
                0.204
            ],
            "P_xyz": [
                -0.705,
                10.863,
                -1.509
            ],
            "form": ".",
            "ssZp": 4.03,
            "Dp": 4.35,
            "splay_angle": 89.808,
            "splay_distance": 13.102,
            "splay_ratio": 0.707,
            "eta": 155.4,
            "theta": -179.3,
            "eta_prime": 171.4,
            "theta_prime": 152.7,
            "eta_base": -134.2,
            "theta_base": 107.4,
            "v0": -8.9,
            "v1": -13.5,
            "v2": 29.0,
            "v3": -35.3,
            "v4": 27.8,
            "amplitude": 34.7,
            "phase_angle": 33.2,
            "puckering": "C3'-endo",
            "sugar_class": "~C3'-endo",
            "bin": "33t",
            "cluster": "1c",
            "suiteness": 0.233,
            "filter_rmsd": 0.016,
            "frame": {
                "rmsd": 0.016,
                "origin": [
                    196.928,
                    -82.394,
                    7.91
                ],
                "x_axis": [
                    -0.564,
                    0.212,
                    -0.798
                ],
                "y_axis": [
                    0.111,
                    -0.938,
                    -0.328
                ],
                "z_axis": [
                    -0.819,
                    -0.274,
                    0.505
                ],
                "quaternion": [
                    0.029,
                    -0.466,
                    -0.173,
                    0.867
                ]
            },
            "sse": {
                "sse": "hairpin_1"
            },
            "binding_protein": null,
            "binding_ion": "MG",
            "binding_small-molecule": true,
            "TotalAsa": 204.3777760343184,
            "PolarAsa": 163.20615011667132,
            "ApolarAsa": 41.17162591764709,
            "id": "2mis.A.13"
        },
        {
            "index": 14,
            "index_chain": 14,
            "chain_name": "A",
            "nt_resnum": 14,
            "nt_name": "A",
            "nt_code": "A",
            "nt_id": "A.A14",
            "nt_type": "RNA",
            "dbn": ".",
            "summary": "turn,anti,~C3'-endo,BI,non-pair-contact,hairpin-loop,splayed-apart",
            "alpha": 139.5,
            "beta": -173.5,
            "gamma": 62.0,
            "delta": 91.1,
            "epsilon": -140.6,
            "zeta": -70.4,
            "epsilon_zeta": -70.3,
            "bb_type": "BI",
            "chi": -172.0,
            "glyco_bond": "anti",
            "C5prime_xyz": [
                -1.125,
                8.471,
                1.336
            ],
            "P_xyz": [
                1.43,
                8.505,
                2.002
            ],
            "form": ".",
            "ssZp": 4.58,
            "Dp": 4.62,
            "splay_angle": 29.428,
            "splay_distance": 4.587,
            "splay_ratio": 0.255,
            "eta": 30.7,
            "theta": -127.3,
            "eta_prime": 46.1,
            "theta_prime": -121.6,
            "eta_base": 37.2,
            "theta_base": -84.8,
            "v0": 6.8,
            "v1": -26.9,
            "v2": 35.6,
            "v3": -32.8,
            "v4": 16.4,
            "amplitude": 36.0,
            "phase_angle": 8.0,
            "puckering": "C3'-endo",
            "sugar_class": "~C3'-endo",
            "bin": "33p",
            "cluster": "1g",
            "suiteness": 0.01,
            "filter_rmsd": 0.035,
            "frame": {
                "rmsd": 0.018,
                "origin": [
                    201.897,
                    -91.074,
                    16.373
                ],
                "x_axis": [
                    0.589,
                    -0.481,
                    -0.649
                ],
                "y_axis": [
                    -0.796,
                    -0.209,
                    -0.568
                ],
                "z_axis": [
                    0.138,
                    0.851,
                    -0.506
                ],
                "quaternion": [
                    -0.467,
                    0.759,
                    -0.421,
                    -0.169
                ]
            },
            "sse": {
                "sse": "hairpin_1"
            },
            "binding_protein": null,
            "binding_ion": "MG",
            "binding_small-molecule": null,
            "TotalAsa": 307.60114154319655,
            "PolarAsa": 201.93096508388655,
            "ApolarAsa": 105.67017645931003,
            "id": "2mis.A.14"
        },
        {
            "index": 15,
            "index_chain": 15,
            "chain_name": "A",
            "nt_resnum": 15,
            "nt_name": "A",
            "nt_code": "A",
            "nt_id": "A.A15",
            "nt_type": "RNA",
            "dbn": ".",
            "summary": "anti,~C3'-endo,BI,non-pair-contact,hairpin-loop,phosphate",
            "alpha": -55.4,
            "beta": 152.0,
            "gamma": 65.1,
            "delta": 89.7,
            "epsilon": -136.4,
            "zeta": -82.4,
            "epsilon_zeta": -54.0,
            "bb_type": "BI",
            "chi": -170.4,
            "glyco_bond": "anti",
            "C5prime_xyz": [
                -1.596,
                8.731,
                1.128
            ],
            "P_xyz": [
                1.008,
                9.142,
                1.205
            ],
            "form": ".",
            "ssZp": 4.28,
            "Dp": 4.43,
            "splay_angle": 27.549,
            "splay_distance": 4.324,
            "splay_ratio": 0.24,
            "eta": 178.4,
            "theta": -135.6,
            "eta_prime": -154.3,
            "theta_prime": -132.6,
            "eta_base": -96.5,
            "theta_base": -73.6,
            "v0": -4.7,
            "v1": -17.1,
            "v2": 30.8,
            "v3": -34.6,
            "v4": 24.8,
            "amplitude": 34.4,
            "phase_angle": 26.4,
            "puckering": "C3'-endo",
            "sugar_class": "~C3'-endo",
            "bin": "33p",
            "cluster": "1a",
            "suiteness": 0.417,
            "filter_rmsd": 0.035,
            "frame": {
                "rmsd": 0.018,
                "origin": [
                    204.145,
                    -88.962,
                    12.978
                ],
                "x_axis": [
                    -0.123,
                    -0.345,
                    -0.93
                ],
                "y_axis": [
                    -0.984,
                    0.166,
                    0.069
                ],
                "z_axis": [
                    0.131,
                    0.924,
                    -0.36
                ],
                "quaternion": [
                    0.413,
                    -0.517,
                    0.642,
                    0.386
                ]
            },
            "sse": {
                "sse": "hairpin_1"
            },
            "binding_protein": null,
            "binding_ion": "MG",
            "binding_small-molecule": true,
            "TotalAsa": 174.6555734941735,
            "PolarAsa": 120.87675085387436,
            "ApolarAsa": 53.77882264029915,
            "id": "2mis.A.15"
        },
        {
            "index": 16,
            "index_chain": 16,
            "chain_name": "A",
            "nt_resnum": 16,
            "nt_name": "A",
            "nt_code": "A",
            "nt_id": "A.A16",
            "nt_type": "RNA",
            "dbn": ".",
            "summary": "anti,~C3'-endo,non-canonical,non-pair-contact,helix-end,hairpin-loop",
            "alpha": -56.6,
            "beta": 140.1,
            "gamma": 65.2,
            "delta": 92.1,
            "epsilon": -98.0,
            "zeta": -19.6,
            "epsilon_zeta": -78.4,
            "bb_type": "--",
            "chi": -147.9,
            "glyco_bond": "anti",
            "C5prime_xyz": [
                -1.114,
                8.743,
                -0.106
            ],
            "P_xyz": [
                1.353,
                8.513,
                -1.071
            ],
            "form": ".",
            "ssZp": 3.31,
            "Dp": 4.49,
            "splay_angle": 26.574,
            "splay_distance": 4.864,
            "splay_ratio": 0.234,
            "eta": -177.2,
            "theta": -81.1,
            "eta_prime": -154.6,
            "theta_prime": -94.0,
            "eta_base": -81.4,
            "theta_base": -76.3,
            "v0": 3.0,
            "v1": -23.0,
            "v2": 32.9,
            "v3": -32.2,
            "v4": 18.4,
            "amplitude": 33.9,
            "phase_angle": 13.6,
            "puckering": "C3'-endo",
            "sugar_class": "~C3'-endo",
            "bin": "33p",
            "cluster": "1a",
            "suiteness": 0.37,
            "filter_rmsd": 0.035,
            "frame": {
                "rmsd": 0.019,
                "origin": [
                    202.96,
                    -86.596,
                    9.558
                ],
                "x_axis": [
                    -0.759,
                    0.255,
                    -0.599
                ],
                "y_axis": [
                    -0.393,
                    0.553,
                    0.734
                ],
                "z_axis": [
                    0.518,
                    0.793,
                    -0.32
                ],
                "quaternion": [
                    0.344,
                    -0.043,
                    0.811,
                    0.471
                ]
            },
            "sse": {
                "sse": "hairpin_1"
            },
            "binding_protein": null,
            "binding_ion": "MG",
            "binding_small-molecule": true,
            "TotalAsa": 168.03035669703988,
            "PolarAsa": 118.62814505407394,
            "ApolarAsa": 49.402211642965966,
            "id": "2mis.A.16"
        },
        {
            "index": 17,
            "index_chain": 17,
            "chain_name": "A",
            "nt_resnum": 17,
            "nt_name": "G",
            "nt_code": "G",
            "nt_id": "A.G17",
            "nt_type": "RNA",
            "dbn": ")",
            "summary": "anti,~C3'-endo,BI,canonical,non-pair-contact,helix,stem-end,coaxial-stack,hairpin-loop",
            "alpha": -97.3,
            "beta": 71.6,
            "gamma": 178.7,
            "delta": 86.4,
            "epsilon": -139.9,
            "zeta": -79.7,
            "epsilon_zeta": -60.2,
            "bb_type": "BI",
            "chi": -150.8,
            "glyco_bond": "anti",
            "C5prime_xyz": [
                -1.157,
                8.861,
                0.057
            ],
            "P_xyz": [
                -2.479,
                10.455,
                -1.578
            ],
            "form": "A",
            "ssZp": 4.07,
            "Dp": 4.65,
            "splay_angle": 19.803,
            "splay_distance": 3.25,
            "splay_ratio": 0.172,
            "eta": -171.6,
            "theta": 143.7,
            "eta_prime": -159.5,
            "theta_prime": 166.0,
            "eta_base": -119.9,
            "theta_base": -176.6,
            "v0": 2.4,
            "v1": -25.6,
            "v2": 37.6,
            "v3": -37.4,
            "v4": 22.0,
            "amplitude": 38.9,
            "phase_angle": 15.2,
            "puckering": "C3'-endo",
            "sugar_class": "~C3'-endo",
            "bin": "trig",
            "cluster": "!!",
            "suiteness": 0.0,
            "filter_rmsd": 0.017,
            "frame": {
                "rmsd": 0.017,
                "origin": [
                    200.966,
                    -83.363,
                    6.519
                ],
                "x_axis": [
                    -0.859,
                    0.447,
                    -0.249
                ],
                "y_axis": [
                    0.053,
                    0.562,
                    0.826
                ],
                "z_axis": [
                    0.509,
                    0.696,
                    -0.506
                ],
                "quaternion": [
                    0.221,
                    0.146,
                    0.855,
                    0.445
                ]
            },
            "sse": {
                "sse": "hairpin_1"
            },
            "binding_protein": null,
            "binding_ion": "MG",
            "binding_small-molecule": true,
            "TotalAsa": 183.39188803006397,
            "PolarAsa": 150.20700247050502,
            "ApolarAsa": 33.184885559558914,
            "id": "2mis.A.17"
        },
        {
            "index": 18,
            "index_chain": 18,
            "chain_name": "A",
            "nt_resnum": 18,
            "nt_name": "U",
            "nt_code": "U",
            "nt_id": "A.U18",
            "nt_type": "RNA",
            "dbn": ")",
            "summary": "anti,~C3'-endo,BI,canonical,non-pair-contact,helix,stem,coaxial-stack",
            "alpha": -83.1,
            "beta": 162.5,
            "gamma": 72.5,
            "delta": 87.8,
            "epsilon": -159.7,
            "zeta": -79.9,
            "epsilon_zeta": -79.9,
            "bb_type": "BI",
            "chi": -156.3,
            "glyco_bond": "anti",
            "C5prime_xyz": [
                -1.87,
                8.972,
                0.247
            ],
            "P_xyz": [
                0.577,
                9.807,
                -0.266
            ],
            "form": ".",
            "ssZp": 4.14,
            "Dp": 4.26,
            "splay_angle": 30.699,
            "splay_distance": 5.06,
            "splay_ratio": 0.265,
            "eta": 163.9,
            "theta": -152.7,
            "eta_prime": 179.3,
            "theta_prime": -153.7,
            "eta_base": -160.4,
            "theta_base": -126.0,
            "v0": -11.6,
            "v1": -11.9,
            "v2": 28.9,
            "v3": -36.7,
            "v4": 30.5,
            "amplitude": 36.2,
            "phase_angle": 36.9,
            "puckering": "C4'-exo",
            "sugar_class": "~C3'-endo",
            "bin": "33p",
            "cluster": "1a",
            "suiteness": 0.385,
            "filter_rmsd": 0.099,
            "frame": {
                "rmsd": 0.017,
                "origin": [
                    202.122,
                    -81.644,
                    4.014
                ],
                "x_axis": [
                    -0.9,
                    0.309,
                    0.308
                ],
                "y_axis": [
                    0.43,
                    0.51,
                    0.745
                ],
                "z_axis": [
                    0.073,
                    0.803,
                    -0.592
                ],
                "quaternion": [
                    -0.068,
                    0.213,
                    0.866,
                    0.447
                ]
            },
            "sse": {
                "sse": null
            },
            "binding_protein": null,
            "binding_ion": "MG",
            "binding_small-molecule": true,
            "TotalAsa": 188.38875720027076,
            "PolarAsa": 121.82619183543159,
            "ApolarAsa": 66.5625653648392,
            "id": "2mis.A.18"
        },
        {
            "index": 19,
            "index_chain": 19,
            "chain_name": "A",
            "nt_resnum": 19,
            "nt_name": "G",
            "nt_code": "G",
            "nt_id": "A.G19",
            "nt_type": "RNA",
            "dbn": ")",
            "summary": "anti,~C3'-endo,BI,canonical,non-pair-contact,helix,stem-end,coaxial-stack,internal-loop",
            "alpha": -56.1,
            "beta": 167.8,
            "gamma": 57.0,
            "delta": 88.4,
            "epsilon": -139.6,
            "zeta": -98.1,
            "epsilon_zeta": -41.5,
            "bb_type": "BI",
            "chi": -151.3,
            "glyco_bond": "anti",
            "C5prime_xyz": [
                -1.47,
                8.995,
                0.017
            ],
            "P_xyz": [
                1.094,
                9.612,
                -0.072
            ],
            "form": ".",
            "ssZp": 3.93,
            "Dp": 4.41,
            "splay_angle": 27.27,
            "splay_distance": 4.576,
            "splay_ratio": 0.236,
            "eta": -174.4,
            "theta": -147.0,
            "eta_prime": -161.9,
            "theta_prime": -143.9,
            "eta_base": -125.7,
            "theta_base": -122.4,
            "v0": -7.0,
            "v1": -15.6,
            "v2": 30.5,
            "v3": -35.6,
            "v4": 26.8,
            "amplitude": 35.2,
            "phase_angle": 29.9,
            "puckering": "C3'-endo",
            "sugar_class": "~C3'-endo",
            "bin": "33p",
            "cluster": "1a",
            "suiteness": 0.654,
            "filter_rmsd": 0.016,
            "frame": {
                "rmsd": 0.016,
                "origin": [
                    201.488,
                    -78.031,
                    0.53
                ],
                "x_axis": [
                    -0.543,
                    0.584,
                    0.603
                ],
                "y_axis": [
                    0.816,
                    0.197,
                    0.544
                ],
                "z_axis": [
                    0.199,
                    0.787,
                    -0.584
                ],
                "quaternion": [
                    -0.132,
                    0.459,
                    0.762,
                    0.437
                ]
            },
            "sse": {
                "sse": null
            },
            "binding_protein": null,
            "binding_ion": "MG",
            "binding_small-molecule": true,
            "TotalAsa": 201.17821322352106,
            "PolarAsa": 158.72783992637846,
            "ApolarAsa": 42.45037329714261,
            "id": "2mis.A.19"
        },
        {
            "index": 2,
            "index_chain": 2,
            "chain_name": "A",
            "nt_resnum": 2,
            "nt_name": "A",
            "nt_code": "A",
            "nt_id": "A.A2",
            "nt_type": "RNA",
            "dbn": "(",
            "summary": "anti,~C3'-endo,BI,canonical,non-pair-contact,helix,stem,coaxial-stack",
            "alpha": -83.1,
            "beta": -174.4,
            "gamma": 54.6,
            "delta": 89.3,
            "epsilon": -147.2,
            "zeta": -75.0,
            "epsilon_zeta": -72.2,
            "bb_type": "BI",
            "chi": -157.2,
            "glyco_bond": "anti",
            "C5prime_xyz": [
                -1.073,
                8.717,
                0.452
            ],
            "P_xyz": [
                1.526,
                9.008,
                0.817
            ],
            "form": "A",
            "ssZp": 4.34,
            "Dp": 4.59,
            "splay_angle": 20.819,
            "splay_distance": 3.526,
            "splay_ratio": 0.185,
            "eta": 166.5,
            "theta": -141.0,
            "eta_prime": 177.0,
            "theta_prime": -139.8,
            "eta_base": -152.8,
            "theta_base": -124.3,
            "v0": 4.2,
            "v1": -25.7,
            "v2": 36.0,
            "v3": -34.7,
            "v4": 19.1,
            "amplitude": 36.9,
            "phase_angle": 12.1,
            "puckering": "C3'-endo",
            "sugar_class": "~C3'-endo",
            "bin": "33p",
            "cluster": "1a",
            "suiteness": 0.45,
            "filter_rmsd": 0.035,
            "frame": {
                "rmsd": 0.018,
                "origin": [
                    205.305,
                    -58.614,
                    5.751
                ],
                "x_axis": [
                    0.637,
                    -0.351,
                    -0.686
                ],
                "y_axis": [
                    0.407,
                    -0.603,
                    0.686
                ],
                "z_axis": [
                    -0.655,
                    -0.717,
                    -0.241
                ],
                "quaternion": [
                    0.445,
                    0.787,
                    0.018,
                    -0.426
                ]
            },
            "sse": {
                "sse": null
            },
            "binding_protein": null,
            "binding_ion": "MG",
            "binding_small-molecule": true,
            "TotalAsa": 191.33335959239307,
            "PolarAsa": 133.6746034207655,
            "ApolarAsa": 57.658756171627566,
            "id": "2mis.A.2"
        },
        {
            "index": 20,
            "index_chain": 20,
            "chain_name": "A",
            "nt_resnum": 20,
            "nt_name": "A",
            "nt_code": "A",
            "nt_id": "A.A20",
            "nt_type": "RNA",
            "dbn": ".",
            "summary": "anti,~C3'-endo,BI,non-canonical,non-pair-contact,helix,multiplet,internal-loop,A-minor",
            "alpha": -29.7,
            "beta": 150.0,
            "gamma": 36.0,
            "delta": 88.5,
            "epsilon": -161.9,
            "zeta": -43.2,
            "epsilon_zeta": -118.7,
            "bb_type": "BI",
            "chi": -146.4,
            "glyco_bond": "anti",
            "C5prime_xyz": [
                -1.809,
                8.981,
                -0.332
            ],
            "P_xyz": [
                0.713,
                9.754,
                -0.24
            ],
            "form": ".",
            "ssZp": 3.81,
            "Dp": 4.12,
            "splay_angle": 24.823,
            "splay_distance": 4.907,
            "splay_ratio": 0.232,
            "eta": 174.6,
            "theta": -88.7,
            "eta_prime": -169.4,
            "theta_prime": -108.8,
            "eta_base": -138.9,
            "theta_base": -95.1,
            "v0": -14.4,
            "v1": -8.5,
            "v2": 26.2,
            "v3": -35.6,
            "v4": 31.5,
            "amplitude": 35.3,
            "phase_angle": 42.1,
            "puckering": "C4'-exo",
            "sugar_class": "~C3'-endo",
            "bin": "33p",
            "cluster": "1a",
            "suiteness": 0.045,
            "filter_rmsd": 0.035,
            "frame": {
                "rmsd": 0.019,
                "origin": [
                    201.328,
                    -74.174,
                    -1.927
                ],
                "x_axis": [
                    -0.137,
                    0.487,
                    0.863
                ],
                "y_axis": [
                    0.971,
                    -0.105,
                    0.213
                ],
                "z_axis": [
                    0.194,
                    0.867,
                    -0.458
                ],
                "quaternion": [
                    -0.274,
                    0.597,
                    0.61,
                    0.442
                ]
            },
            "sse": {
                "sse": null
            },
            "binding_protein": null,
            "binding_ion": null,
            "binding_small-molecule": null,
            "TotalAsa": 189.66307157293917,
            "PolarAsa": 136.573649681021,
            "ApolarAsa": 53.08942189191821,
            "id": "2mis.A.20"
        },
        {
            "index": 21,
            "index_chain": 21,
            "chain_name": "A",
            "nt_resnum": 21,
            "nt_name": "C",
            "nt_code": "C",
            "nt_id": "A.C21",
            "nt_type": "RNA",
            "dbn": ")",
            "summary": "anti,~C3'-endo,BI,canonical,non-pair-contact,helix,stem-end,coaxial-stack,internal-loop",
            "alpha": 115.7,
            "beta": 172.9,
            "gamma": -163.7,
            "delta": 87.1,
            "epsilon": -167.5,
            "zeta": -103.7,
            "epsilon_zeta": -63.9,
            "bb_type": "BI",
            "chi": -166.8,
            "glyco_bond": "anti",
            "C5prime_xyz": [
                -2.332,
                8.998,
                0.723
            ],
            "P_xyz": [
                -2.228,
                11.373,
                -0.427
            ],
            "form": ".",
            "ssZp": 4.11,
            "Dp": 3.99,
            "splay_angle": 29.382,
            "splay_distance": 4.63,
            "splay_ratio": 0.254,
            "eta": 144.9,
            "theta": 130.4,
            "eta_prime": 163.8,
            "theta_prime": 145.6,
            "eta_base": -162.6,
            "theta_base": 167.9,
            "v0": -21.2,
            "v1": -2.9,
            "v2": 23.7,
            "v3": -37.1,
            "v4": 36.8,
            "amplitude": 38.2,
            "phase_angle": 51.7,
            "puckering": "C4'-exo",
            "sugar_class": "~C3'-endo",
            "bin": "33t",
            "cluster": "1c",
            "suiteness": 0.058,
            "filter_rmsd": 0.066,
            "frame": {
                "rmsd": 0.008,
                "origin": [
                    200.409,
                    -69.504,
                    -0.735
                ],
                "x_axis": [
                    0.04,
                    -0.373,
                    0.927
                ],
                "y_axis": [
                    0.909,
                    -0.371,
                    -0.189
                ],
                "z_axis": [
                    0.415,
                    0.85,
                    0.324
                ],
                "quaternion": [
                    -0.498,
                    0.522,
                    0.257,
                    0.643
                ]
            },
            "sse": {
                "sse": null
            },
            "binding_protein": null,
            "binding_ion": "MG",
            "binding_small-molecule": true,
            "TotalAsa": 197.33814791203218,
            "PolarAsa": 128.60658292912865,
            "ApolarAsa": 68.73156498290349,
            "id": "2mis.A.21"
        },
        {
            "index": 22,
            "index_chain": 22,
            "chain_name": "A",
            "nt_resnum": 22,
            "nt_name": "G",
            "nt_code": "G",
            "nt_id": "A.G22",
            "nt_type": "RNA",
            "dbn": ")",
            "summary": "anti,~C3'-endo,BI,canonical,non-pair-contact,helix,stem,coaxial-stack",
            "alpha": -73.4,
            "beta": 163.0,
            "gamma": 65.2,
            "delta": 86.7,
            "epsilon": -140.4,
            "zeta": -66.9,
            "epsilon_zeta": -73.5,
            "bb_type": "BI",
            "chi": -169.2,
            "glyco_bond": "anti",
            "C5prime_xyz": [
                -1.218,
                8.702,
                1.142
            ],
            "P_xyz": [
                1.4,
                9.017,
                1.06
            ],
            "form": "A",
            "ssZp": 4.58,
            "Dp": 4.65,
            "splay_angle": 23.189,
            "splay_distance": 3.8,
            "splay_ratio": 0.204,
            "eta": 176.2,
            "theta": -130.2,
            "eta_prime": 176.5,
            "theta_prime": -131.2,
            "eta_base": -166.3,
            "theta_base": -89.9,
            "v0": 2.7,
            "v1": -25.7,
            "v2": 37.5,
            "v3": -37.1,
            "v4": 21.6,
            "amplitude": 38.8,
            "phase_angle": 14.7,
            "puckering": "C3'-endo",
            "sugar_class": "~C3'-endo",
            "bin": "33p",
            "cluster": "&a",
            "suiteness": 0.543,
            "filter_rmsd": 0.017,
            "frame": {
                "rmsd": 0.017,
                "origin": [
                    199.626,
                    -65.097,
                    -1.919
                ],
                "x_axis": [
                    0.407,
                    -0.278,
                    0.87
                ],
                "y_axis": [
                    0.841,
                    -0.258,
                    -0.476
                ],
                "z_axis": [
                    0.357,
                    0.925,
                    0.128
                ],
                "quaternion": [
                    0.565,
                    -0.62,
                    -0.227,
                    -0.495
                ]
            },
            "sse": {
                "sse": null
            },
            "binding_protein": null,
            "binding_ion": "MG",
            "binding_small-molecule": true,
            "TotalAsa": 216.96331490670335,
            "PolarAsa": 165.25407250707815,
            "ApolarAsa": 51.709242399625126,
            "id": "2mis.A.22"
        },
        {
            "index": 23,
            "index_chain": 23,
            "chain_name": "A",
            "nt_resnum": 23,
            "nt_name": "G",
            "nt_code": "G",
            "nt_id": "A.G23",
            "nt_type": "RNA",
            "dbn": ")",
            "summary": "anti,~C3'-endo,BI,canonical,non-pair-contact,helix,stem,coaxial-stack",
            "alpha": -83.2,
            "beta": 162.9,
            "gamma": 71.3,
            "delta": 85.9,
            "epsilon": -142.1,
            "zeta": -73.5,
            "epsilon_zeta": -68.6,
            "bb_type": "BI",
            "chi": -163.1,
            "glyco_bond": "anti",
            "C5prime_xyz": [
                -1.353,
                8.861,
                0.763
            ],
            "P_xyz": [
                1.207,
                9.381,
                0.392
            ],
            "form": "A",
            "ssZp": 4.43,
            "Dp": 4.59,
            "splay_angle": 20.522,
            "splay_distance": 3.472,
            "splay_ratio": 0.181,
            "eta": 163.1,
            "theta": -138.6,
            "eta_prime": -175.5,
            "theta_prime": -139.8,
            "eta_base": -113.3,
            "theta_base": -115.5,
            "v0": -1.3,
            "v1": -22.3,
            "v2": 35.9,
            "v3": -37.8,
            "v4": 24.6,
            "amplitude": 38.3,
            "phase_angle": 20.5,
            "puckering": "C3'-endo",
            "sugar_class": "~C3'-endo",
            "bin": "33p",
            "cluster": "1a",
            "suiteness": 0.34,
            "filter_rmsd": 0.016,
            "frame": {
                "rmsd": 0.016,
                "origin": [
                    201.141,
                    -62.982,
                    0.85
                ],
                "x_axis": [
                    0.81,
                    -0.508,
                    0.293
                ],
                "y_axis": [
                    0.398,
                    0.11,
                    -0.911
                ],
                "z_axis": [
                    0.43,
                    0.854,
                    0.291
                ],
                "quaternion": [
                    0.744,
                    -0.593,
                    0.046,
                    -0.305
                ]
            },
            "sse": {
                "sse": null
            },
            "binding_protein": null,
            "binding_ion": "MG",
            "binding_small-molecule": true,
            "TotalAsa": 183.88749619989795,
            "PolarAsa": 146.46193389224362,
            "ApolarAsa": 37.425562307654296,
            "id": "2mis.A.23"
        },
        {
            "index": 24,
            "index_chain": 24,
            "chain_name": "A",
            "nt_resnum": 24,
            "nt_name": "C",
            "nt_code": "C",
            "nt_id": "A.C24",
            "nt_type": "RNA",
            "dbn": ")",
            "summary": "anti,~C3'-endo,BI,canonical,non-pair-contact,helix,stem,coaxial-stack",
            "alpha": -76.5,
            "beta": 166.2,
            "gamma": 65.2,
            "delta": 84.9,
            "epsilon": -154.0,
            "zeta": -84.1,
            "epsilon_zeta": -69.9,
            "bb_type": "BI",
            "chi": -159.1,
            "glyco_bond": "anti",
            "C5prime_xyz": [
                -1.744,
                8.969,
                0.476
            ],
            "P_xyz": [
                0.749,
                9.793,
                0.233
            ],
            "form": "A",
            "ssZp": 4.33,
            "Dp": 4.45,
            "splay_angle": 22.534,
            "splay_distance": 3.657,
            "splay_ratio": 0.195,
            "eta": 165.3,
            "theta": -158.2,
            "eta_prime": -177.1,
            "theta_prime": -159.1,
            "eta_base": -136.6,
            "theta_base": -145.4,
            "v0": -7.9,
            "v1": -16.8,
            "v2": 33.5,
            "v3": -39.2,
            "v4": 29.6,
            "amplitude": 38.7,
            "phase_angle": 30.2,
            "puckering": "C3'-endo",
            "sugar_class": "~C3'-endo",
            "bin": "33p",
            "cluster": "1a",
            "suiteness": 0.577,
            "filter_rmsd": 0.065,
            "frame": {
                "rmsd": 0.008,
                "origin": [
                    202.94,
                    -61.15,
                    3.188
                ],
                "x_axis": [
                    0.811,
                    -0.508,
                    -0.291
                ],
                "y_axis": [
                    -0.0,
                    0.496,
                    -0.868
                ],
                "z_axis": [
                    0.585,
                    0.704,
                    0.402
                ],
                "quaternion": [
                    0.823,
                    -0.478,
                    0.266,
                    -0.154
                ]
            },
            "sse": {
                "sse": null
            },
            "binding_protein": null,
            "binding_ion": "MG",
            "binding_small-molecule": true,
            "TotalAsa": 186.85528577235254,
            "PolarAsa": 124.63997954849643,
            "ApolarAsa": 62.21530622385615,
            "id": "2mis.A.24"
        },
        {
            "index": 25,
            "index_chain": 25,
            "chain_name": "A",
            "nt_resnum": 25,
            "nt_name": "U",
            "nt_code": "U",
            "nt_id": "A.U25",
            "nt_type": "RNA",
            "dbn": ")",
            "summary": "anti,~C3'-endo,BI,canonical,non-pair-contact,helix,stem,coaxial-stack",
            "alpha": -83.1,
            "beta": 172.5,
            "gamma": 61.9,
            "delta": 86.2,
            "epsilon": -137.8,
            "zeta": -73.9,
            "epsilon_zeta": -63.9,
            "bb_type": "BI",
            "chi": -149.2,
            "glyco_bond": "anti",
            "C5prime_xyz": [
                -1.403,
                8.859,
                -0.032
            ],
            "P_xyz": [
                1.129,
                9.379,
                -0.55
            ],
            "form": ".",
            "ssZp": 4.03,
            "Dp": 4.65,
            "splay_angle": 33.414,
            "splay_distance": 5.595,
            "splay_ratio": 0.289,
            "eta": 168.0,
            "theta": -133.7,
            "eta_prime": 174.1,
            "theta_prime": -131.0,
            "eta_base": -164.5,
            "theta_base": -106.7,
            "v0": 0.7,
            "v1": -24.0,
            "v2": 36.8,
            "v3": -37.5,
            "v4": 23.2,
            "amplitude": 38.6,
            "phase_angle": 17.6,
            "puckering": "C3'-endo",
            "sugar_class": "~C3'-endo",
            "bin": "33p",
            "cluster": "1a",
            "suiteness": 0.516,
            "filter_rmsd": 0.101,
            "frame": {
                "rmsd": 0.016,
                "origin": [
                    204.585,
                    -59.147,
                    5.769
                ],
                "x_axis": [
                    0.699,
                    -0.285,
                    -0.656
                ],
                "y_axis": [
                    -0.257,
                    0.755,
                    -0.603
                ],
                "z_axis": [
                    0.667,
                    0.59,
                    0.455
                ],
                "quaternion": [
                    0.853,
                    -0.35,
                    0.388,
                    -0.008
                ]
            },
            "sse": {
                "sse": null
            },
            "binding_protein": null,
            "binding_ion": null,
            "binding_small-molecule": null,
            "TotalAsa": 173.25377534394713,
            "PolarAsa": 123.78473557536367,
            "ApolarAsa": 49.46903976858348,
            "id": "2mis.A.25"
        },
        {
            "index": 26,
            "index_chain": 26,
            "chain_name": "A",
            "nt_resnum": 26,
            "nt_name": "C",
            "nt_code": "C",
            "nt_id": "A.C26",
            "nt_type": "RNA",
            "dbn": ")",
            "summary": "anti,~C3'-endo,canonical,non-pair-contact,helix-end,stem-end,coaxial-stack",
            "alpha": -60.2,
            "beta": 167.0,
            "gamma": 56.9,
            "delta": 82.0,
            "epsilon": null,
            "zeta": null,
            "epsilon_zeta": null,
            "bb_type": "--",
            "chi": -168.3,
            "glyco_bond": "anti",
            "C5prime_xyz": [
                -1.988,
                8.9,
                0.902
            ],
            "P_xyz": [
                0.432,
                9.805,
                1.432
            ],
            "form": "-",
            "ssZp": null,
            "Dp": null,
            "splay_angle": null,
            "splay_distance": null,
            "splay_ratio": null,
            "eta": null,
            "theta": null,
            "eta_prime": null,
            "theta_prime": null,
            "eta_base": null,
            "theta_base": null,
            "v0": -11.6,
            "v1": -12.6,
            "v2": 29.9,
            "v3": -37.9,
            "v4": 31.4,
            "amplitude": 37.2,
            "phase_angle": 36.6,
            "puckering": "C4'-exo",
            "sugar_class": "~C3'-endo",
            "bin": "33p",
            "cluster": "1a",
            "suiteness": 0.854,
            "filter_rmsd": 0.066,
            "frame": {
                "rmsd": 0.008,
                "origin": [
                    209.898,
                    -57.398,
                    5.635
                ],
                "x_axis": [
                    -0.003,
                    -0.152,
                    -0.988
                ],
                "y_axis": [
                    -0.749,
                    0.655,
                    -0.099
                ],
                "z_axis": [
                    0.662,
                    0.74,
                    -0.116
                ],
                "quaternion": [
                    0.62,
                    -0.338,
                    0.666,
                    0.241
                ]
            },
            "sse": {
                "sse": null
            },
            "binding_protein": null,
            "binding_ion": "MG",
            "binding_small-molecule": null,
            "TotalAsa": 276.3726842848949,
            "PolarAsa": 191.02983881713277,
            "ApolarAsa": 85.34284546776219,
            "id": "2mis.A.26"
        },
        {
            "index": 3,
            "index_chain": 3,
            "chain_name": "A",
            "nt_resnum": 3,
            "nt_name": "G",
            "nt_code": "G",
            "nt_id": "A.G3",
            "nt_type": "RNA",
            "dbn": "(",
            "summary": "anti,~C3'-endo,BI,canonical,non-pair-contact,helix,stem,coaxial-stack",
            "alpha": -70.1,
            "beta": 163.0,
            "gamma": 65.1,
            "delta": 86.6,
            "epsilon": -144.0,
            "zeta": -80.9,
            "epsilon_zeta": -63.0,
            "bb_type": "BI",
            "chi": -155.0,
            "glyco_bond": "anti",
            "C5prime_xyz": [
                -1.729,
                9.051,
                0.189
            ],
            "P_xyz": [
                0.761,
                9.852,
                -0.146
            ],
            "form": ".",
            "ssZp": 4.08,
            "Dp": 4.33,
            "splay_angle": 23.61,
            "splay_distance": 3.997,
            "splay_ratio": 0.205,
            "eta": 172.7,
            "theta": -145.8,
            "eta_prime": -172.1,
            "theta_prime": -145.6,
            "eta_base": -144.9,
            "theta_base": -122.0,
            "v0": -11.7,
            "v1": -12.0,
            "v2": 29.4,
            "v3": -37.4,
            "v4": 30.9,
            "amplitude": 36.8,
            "phase_angle": 36.9,
            "puckering": "C4'-exo",
            "sugar_class": "~C3'-endo",
            "bin": "33p",
            "cluster": "1a",
            "suiteness": 0.689,
            "filter_rmsd": 0.016,
            "frame": {
                "rmsd": 0.016,
                "origin": [
                    203.025,
                    -60.057,
                    3.481
                ],
                "x_axis": [
                    0.799,
                    -0.509,
                    -0.32
                ],
                "y_axis": [
                    0.017,
                    -0.514,
                    0.858
                ],
                "z_axis": [
                    -0.601,
                    -0.691,
                    -0.402
                ],
                "quaternion": [
                    0.47,
                    0.824,
                    -0.149,
                    -0.28
                ]
            },
            "sse": {
                "sse": null
            },
            "binding_protein": null,
            "binding_ion": "MG",
            "binding_small-molecule": true,
            "TotalAsa": 183.23696543490934,
            "PolarAsa": 139.31009583686767,
            "ApolarAsa": 43.92686959804165,
            "id": "2mis.A.3"
        },
        {
            "index": 4,
            "index_chain": 4,
            "chain_name": "A",
            "nt_resnum": 4,
            "nt_name": "C",
            "nt_code": "C",
            "nt_id": "A.C4",
            "nt_type": "RNA",
            "dbn": "(",
            "summary": "anti,~C3'-endo,BI,canonical,non-pair-contact,helix,stem,coaxial-stack",
            "alpha": -72.6,
            "beta": 163.0,
            "gamma": 65.1,
            "delta": 87.5,
            "epsilon": -159.2,
            "zeta": -81.5,
            "epsilon_zeta": -77.7,
            "bb_type": "BI",
            "chi": -152.8,
            "glyco_bond": "anti",
            "C5prime_xyz": [
                -1.878,
                9.048,
                0.012
            ],
            "P_xyz": [
                0.587,
                9.92,
                -0.35
            ],
            "form": ".",
            "ssZp": 4.0,
            "Dp": 4.2,
            "splay_angle": 29.952,
            "splay_distance": 4.855,
            "splay_ratio": 0.259,
            "eta": 168.4,
            "theta": -156.7,
            "eta_prime": -175.3,
            "theta_prime": -156.1,
            "eta_base": -140.4,
            "theta_base": -123.8,
            "v0": -14.0,
            "v1": -9.5,
            "v2": 27.5,
            "v3": -36.7,
            "v4": 32.0,
            "amplitude": 36.4,
            "phase_angle": 40.9,
            "puckering": "C4'-exo",
            "sugar_class": "~C3'-endo",
            "bin": "33p",
            "cluster": "1a",
            "suiteness": 0.625,
            "filter_rmsd": 0.066,
            "frame": {
                "rmsd": 0.008,
                "origin": [
                    201.685,
                    -62.873,
                    0.981
                ],
                "x_axis": [
                    0.809,
                    -0.541,
                    0.227
                ],
                "y_axis": [
                    -0.426,
                    -0.275,
                    0.862
                ],
                "z_axis": [
                    -0.404,
                    -0.795,
                    -0.453
                ],
                "quaternion": [
                    0.52,
                    0.797,
                    -0.304,
                    -0.055
                ]
            },
            "sse": {
                "sse": null
            },
            "binding_protein": null,
            "binding_ion": "MG",
            "binding_small-molecule": true,
            "TotalAsa": 187.01170639840876,
            "PolarAsa": 125.88170601208182,
            "ApolarAsa": 61.13000038632694,
            "id": "2mis.A.4"
        },
        {
            "index": 5,
            "index_chain": 5,
            "chain_name": "A",
            "nt_resnum": 5,
            "nt_name": "U",
            "nt_code": "U",
            "nt_id": "A.U5",
            "nt_type": "RNA",
            "dbn": "(",
            "summary": "anti,~C3'-endo,BI,canonical,non-pair-contact,helix,stem,coaxial-stack",
            "alpha": -78.7,
            "beta": 162.9,
            "gamma": 76.4,
            "delta": 90.1,
            "epsilon": -137.9,
            "zeta": -71.7,
            "epsilon_zeta": -66.2,
            "bb_type": "BI",
            "chi": -157.1,
            "glyco_bond": "anti",
            "C5prime_xyz": [
                -1.318,
                8.768,
                0.429
            ],
            "P_xyz": [
                1.174,
                9.143,
                -0.351
            ],
            "form": ".",
            "ssZp": 4.29,
            "Dp": 4.61,
            "splay_angle": 13.127,
            "splay_distance": 2.201,
            "splay_ratio": 0.115,
            "eta": 179.7,
            "theta": -131.5,
            "eta_prime": -166.9,
            "theta_prime": -134.9,
            "eta_base": -125.6,
            "theta_base": -106.1,
            "v0": 2.7,
            "v1": -23.8,
            "v2": 34.5,
            "v3": -34.0,
            "v4": 19.7,
            "amplitude": 35.7,
            "phase_angle": 14.4,
            "puckering": "C3'-endo",
            "sugar_class": "~C3'-endo",
            "bin": "33p",
            "cluster": "1a",
            "suiteness": 0.233,
            "filter_rmsd": 0.1,
            "frame": {
                "rmsd": 0.016,
                "origin": [
                    200.552,
                    -67.135,
                    -1.049
                ],
                "x_axis": [
                    0.365,
                    -0.677,
                    0.64
                ],
                "y_axis": [
                    -0.794,
                    0.132,
                    0.593
                ],
                "z_axis": [
                    -0.486,
                    -0.724,
                    -0.489
                ],
                "quaternion": [
                    0.502,
                    0.656,
                    -0.56,
                    0.059
                ]
            },
            "sse": {
                "sse": null
            },
            "binding_protein": null,
            "binding_ion": "MG",
            "binding_small-molecule": null,
            "TotalAsa": 173.53127435965277,
            "PolarAsa": 121.29863230991941,
            "ApolarAsa": 52.232642049733364,
            "id": "2mis.A.5"
        },
        {
            "index": 6,
            "index_chain": 6,
            "chain_name": "A",
            "nt_resnum": 6,
            "nt_name": "G",
            "nt_code": "G",
            "nt_id": "A.G6",
            "nt_type": "RNA",
            "dbn": "(",
            "summary": "anti,~C3'-endo,canonical,non-pair-contact,helix,stem-end,coaxial-stack,internal-loop",
            "alpha": -89.3,
            "beta": 166.7,
            "gamma": 76.3,
            "delta": 89.9,
            "epsilon": -134.2,
            "zeta": -150.1,
            "epsilon_zeta": 15.9,
            "bb_type": "--",
            "chi": -117.9,
            "glyco_bond": "anti",
            "C5prime_xyz": [
                -2.055,
                8.618,
                -1.82
            ],
            "P_xyz": [
                -0.018,
                8.851,
                -3.479
            ],
            "form": ".",
            "ssZp": 2.14,
            "Dp": 4.2,
            "splay_angle": 62.271,
            "splay_distance": 10.356,
            "splay_ratio": 0.519,
            "eta": 168.2,
            "theta": 158.8,
            "eta_prime": -174.5,
            "theta_prime": 165.5,
            "eta_base": -133.2,
            "theta_base": -178.1,
            "v0": -13.1,
            "v1": -8.9,
            "v2": 25.7,
            "v3": -34.3,
            "v4": 29.9,
            "amplitude": 34.0,
            "phase_angle": 40.9,
            "puckering": "C4'-exo",
            "sugar_class": "~C3'-endo",
            "bin": "33p",
            "cluster": "1a",
            "suiteness": 0.132,
            "filter_rmsd": 0.016,
            "frame": {
                "rmsd": 0.016,
                "origin": [
                    200.561,
                    -69.304,
                    -1.422
                ],
                "x_axis": [
                    0.02,
                    -0.483,
                    0.876
                ],
                "y_axis": [
                    -0.995,
                    -0.092,
                    -0.028
                ],
                "z_axis": [
                    0.094,
                    -0.871,
                    -0.482
                ],
                "quaternion": [
                    0.334,
                    0.631,
                    -0.585,
                    0.384
                ]
            },
            "sse": {
                "sse": null
            },
            "binding_protein": null,
            "binding_ion": "MG",
            "binding_small-molecule": null,
            "TotalAsa": 165.6782834469066,
            "PolarAsa": 122.86471066625546,
            "ApolarAsa": 42.81357278065123,
            "id": "2mis.A.6"
        },
        {
            "index": 7,
            "index_chain": 7,
            "chain_name": "A",
            "nt_resnum": 7,
            "nt_name": "C",
            "nt_code": "C",
            "nt_id": "A.C7",
            "nt_type": "RNA",
            "dbn": ".",
            "summary": "anti,~C3'-endo,non-canonical,non-pair-contact,multiplet,internal-loop",
            "alpha": -42.5,
            "beta": 149.4,
            "gamma": 33.8,
            "delta": 88.1,
            "epsilon": 174.2,
            "zeta": 27.7,
            "epsilon_zeta": 146.4,
            "bb_type": "--",
            "chi": -167.1,
            "glyco_bond": "anti",
            "C5prime_xyz": [
                -1.702,
                8.829,
                0.953
            ],
            "P_xyz": [
                0.811,
                9.23,
                1.659
            ],
            "form": ".",
            "ssZp": 4.13,
            "Dp": 4.11,
            "splay_angle": 13.64,
            "splay_distance": 2.524,
            "splay_ratio": 0.135,
            "eta": 177.9,
            "theta": -36.4,
            "eta_prime": 176.2,
            "theta_prime": -77.0,
            "eta_base": -173.1,
            "theta_base": -113.3,
            "v0": -5.2,
            "v1": -17.5,
            "v2": 31.9,
            "v3": -36.1,
            "v4": 25.9,
            "amplitude": 35.8,
            "phase_angle": 26.9,
            "puckering": "C3'-endo",
            "sugar_class": "~C3'-endo",
            "bin": "33p",
            "cluster": "7a",
            "suiteness": 0.511,
            "filter_rmsd": 0.066,
            "frame": {
                "rmsd": 0.008,
                "origin": [
                    197.74,
                    -75.625,
                    -9.125
                ],
                "x_axis": [
                    0.382,
                    -0.093,
                    0.92
                ],
                "y_axis": [
                    -0.665,
                    0.664,
                    0.343
                ],
                "z_axis": [
                    -0.642,
                    -0.742,
                    0.192
                ],
                "quaternion": [
                    0.748,
                    0.363,
                    -0.522,
                    0.191
                ]
            },
            "sse": {
                "sse": null
            },
            "binding_protein": null,
            "binding_ion": "MG",
            "binding_small-molecule": true,
            "TotalAsa": 183.84962426188386,
            "PolarAsa": 112.10357153690863,
            "ApolarAsa": 71.74605272497527,
            "id": "2mis.A.7"
        },
        {
            "index": 8,
            "index_chain": 8,
            "chain_name": "A",
            "nt_resnum": 8,
            "nt_name": "A",
            "nt_code": "A",
            "nt_id": "A.A8",
            "nt_type": "RNA",
            "dbn": ".",
            "summary": "turn,anti,~C2'-endo,non-pair-contact,internal-loop,A-minor,phosphate",
            "alpha": 133.6,
            "beta": -164.7,
            "gamma": 42.1,
            "delta": 144.9,
            "epsilon": -100.5,
            "zeta": -117.2,
            "epsilon_zeta": 16.7,
            "bb_type": "--",
            "chi": -129.5,
            "glyco_bond": "anti",
            "C5prime_xyz": [
                -1.774,
                8.754,
                -0.688
            ],
            "P_xyz": [
                0.202,
                9.896,
                0.643
            ],
            "form": ".",
            "ssZp": 1.23,
            "Dp": 1.22,
            "splay_angle": 43.493,
            "splay_distance": 7.93,
            "splay_ratio": 0.373,
            "eta": 49.6,
            "theta": -123.3,
            "eta_prime": 104.7,
            "theta_prime": -133.2,
            "eta_base": 107.3,
            "theta_base": -120.2,
            "v0": -22.4,
            "v1": 34.4,
            "v2": -32.8,
            "v3": 20.5,
            "v4": 1.0,
            "amplitude": 34.9,
            "phase_angle": 159.7,
            "puckering": "C2'-endo",
            "sugar_class": "~C2'-endo",
            "bin": "trig",
            "cluster": "!!",
            "suiteness": 0.0,
            "filter_rmsd": 0.035,
            "frame": {
                "rmsd": 0.018,
                "origin": [
                    198.218,
                    -78.075,
                    -8.752
                ],
                "x_axis": [
                    0.22,
                    0.226,
                    -0.949
                ],
                "y_axis": [
                    -0.94,
                    0.31,
                    -0.144
                ],
                "z_axis": [
                    0.261,
                    0.924,
                    0.28
                ],
                "quaternion": [
                    0.673,
                    -0.397,
                    0.45,
                    0.433
                ]
            },
            "sse": {
                "sse": null
            },
            "binding_protein": null,
            "binding_ion": "MG",
            "binding_small-molecule": true,
            "TotalAsa": 246.72844441672774,
            "PolarAsa": 179.92919942161177,
            "ApolarAsa": 66.79924499511598,
            "id": "2mis.A.8"
        },
        {
            "index": 9,
            "index_chain": 9,
            "chain_name": "A",
            "nt_resnum": 9,
            "nt_name": "G",
            "nt_code": "G",
            "nt_id": "A.G9",
            "nt_type": "RNA",
            "dbn": ".",
            "summary": "anti,~C3'-endo,BI,non-canonical,non-pair-contact,helix,multiplet,internal-loop,A-minor,phosphate",
            "alpha": -60.0,
            "beta": 61.2,
            "gamma": -166.9,
            "delta": 88.1,
            "epsilon": -150.5,
            "zeta": -104.2,
            "epsilon_zeta": -46.3,
            "bb_type": "BI",
            "chi": -148.1,
            "glyco_bond": "anti",
            "C5prime_xyz": [
                -1.573,
                9.009,
                -0.154
            ],
            "P_xyz": [
                -3.452,
                10.313,
                -1.478
            ],
            "form": ".",
            "ssZp": 4.01,
            "Dp": 4.36,
            "splay_angle": 42.093,
            "splay_distance": 6.642,
            "splay_ratio": 0.362,
            "eta": -94.9,
            "theta": 114.7,
            "eta_prime": -99.6,
            "theta_prime": 149.0,
            "eta_base": -78.9,
            "theta_base": -170.8,
            "v0": -8.5,
            "v1": -14.4,
            "v2": 30.1,
            "v3": -36.2,
            "v4": 28.2,
            "amplitude": 35.6,
            "phase_angle": 32.2,
            "puckering": "C3'-endo",
            "sugar_class": "~C3'-endo",
            "bin": "23t",
            "cluster": "!!",
            "suiteness": 0.0,
            "filter_rmsd": 0.016,
            "frame": {
                "rmsd": 0.016,
                "origin": [
                    200.396,
                    -73.078,
                    -2.992
                ],
                "x_axis": [
                    0.131,
                    0.599,
                    0.79
                ],
                "y_axis": [
                    -0.955,
                    -0.139,
                    0.264
                ],
                "z_axis": [
                    0.268,
                    -0.789,
                    0.553
                ],
                "quaternion": [
                    0.622,
                    0.423,
                    -0.21,
                    0.625
                ]
            },
            "sse": {
                "sse": null
            },
            "binding_protein": null,
            "binding_ion": "MG",
            "binding_small-molecule": true,
            "TotalAsa": 155.2746048859694,
            "PolarAsa": 111.56585495530278,
            "ApolarAsa": 43.70874993066663,
            "id": "2mis.A.9"
        }
    ],
    "links": [
        {
            "LW": "B53",
            "backbone": true,
            "source": "2mis.A.1",
            "target": "2mis.A.2"
        },
        {
            "index": 1,
            "nt1": "A.G1",
            "nt2": "A.C26",
            "bp": "G-C",
            "name": "WC",
            "Saenger": "19-XIX",
            "LW": "cWW",
            "DSSR": "cW-W",
            "source": "2mis.A.1",
            "target": "2mis.A.26"
        },
        {
            "LW": "B53",
            "backbone": true,
            "source": "2mis.A.10",
            "target": "2mis.A.11"
        },
        {
            "LW": "B35",
            "backbone": true,
            "source": "2mis.A.10",
            "target": "2mis.A.9"
        },
        {
            "index": 9,
            "nt1": "A.C10",
            "nt2": "A.G19",
            "bp": "C-G",
            "name": "WC",
            "Saenger": "19-XIX",
            "LW": "cWW",
            "DSSR": "cW-W",
            "source": "2mis.A.10",
            "target": "2mis.A.19"
        },
        {
            "LW": "B53",
            "backbone": true,
            "source": "2mis.A.11",
            "target": "2mis.A.12"
        },
        {
            "LW": "B35",
            "backbone": true,
            "source": "2mis.A.11",
            "target": "2mis.A.10"
        },
        {
            "index": 10,
            "nt1": "A.A11",
            "nt2": "A.U18",
            "bp": "A-U",
            "name": "WC",
            "Saenger": "20-XX",
            "LW": "cWW",
            "DSSR": "cW-W",
            "source": "2mis.A.11",
            "target": "2mis.A.18"
        },
        {
            "LW": "B53",
            "backbone": true,
            "source": "2mis.A.12",
            "target": "2mis.A.13"
        },
        {
            "LW": "B35",
            "backbone": true,
            "source": "2mis.A.12",
            "target": "2mis.A.11"
        },
        {
            "index": 11,
            "nt1": "A.C12",
            "nt2": "A.G17",
            "bp": "C-G",
            "name": "WC",
            "Saenger": "19-XIX",
            "LW": "cWW",
            "DSSR": "cW-W",
            "source": "2mis.A.12",
            "target": "2mis.A.17"
        },
        {
            "LW": "B53",
            "backbone": true,
            "source": "2mis.A.13",
            "target": "2mis.A.14"
        },
        {
            "LW": "B35",
            "backbone": true,
            "source": "2mis.A.13",
            "target": "2mis.A.12"
        },
        {
            "index": 12,
            "nt1": "A.G13",
            "nt2": "A.A16",
            "bp": "G-A",
            "name": "Sheared",
            "Saenger": "11-XI",
            "LW": "tSH",
            "DSSR": "tm-M",
            "source": "2mis.A.13",
            "target": "2mis.A.16"
        },
        {
            "LW": "B53",
            "backbone": true,
            "source": "2mis.A.14",
            "target": "2mis.A.15"
        },
        {
            "LW": "B35",
            "backbone": true,
            "source": "2mis.A.14",
            "target": "2mis.A.13"
        },
        {
            "LW": "B53",
            "backbone": true,
            "source": "2mis.A.15",
            "target": "2mis.A.16"
        },
        {
            "LW": "B35",
            "backbone": true,
            "source": "2mis.A.15",
            "target": "2mis.A.14"
        },
        {
            "LW": "B53",
            "backbone": true,
            "source": "2mis.A.16",
            "target": "2mis.A.17"
        },
        {
            "LW": "B35",
            "backbone": true,
            "source": "2mis.A.16",
            "target": "2mis.A.15"
        },
        {
            "index": 12,
            "nt1": "A.A16",
            "nt2": "A.G13",
            "bp": "A-G",
            "name": "Sheared",
            "Saenger": "11-XI",
            "LW": "tHS",
            "DSSR": "tm-M",
            "source": "2mis.A.16",
            "target": "2mis.A.13"
        },
        {
            "LW": "B53",
            "backbone": true,
            "source": "2mis.A.17",
            "target": "2mis.A.18"
        },
        {
            "LW": "B35",
            "backbone": true,
            "source": "2mis.A.17",
            "target": "2mis.A.16"
        },
        {
            "index": 11,
            "nt1": "A.G17",
            "nt2": "A.C12",
            "bp": "G-C",
            "name": "WC",
            "Saenger": "19-XIX",
            "LW": "cWW",
            "DSSR": "cW-W",
            "source": "2mis.A.17",
            "target": "2mis.A.12"
        },
        {
            "LW": "B53",
            "backbone": true,
            "source": "2mis.A.18",
            "target": "2mis.A.19"
        },
        {
            "LW": "B35",
            "backbone": true,
            "source": "2mis.A.18",
            "target": "2mis.A.17"
        },
        {
            "index": 10,
            "nt1": "A.U18",
            "nt2": "A.A11",
            "bp": "U-A",
            "name": "WC",
            "Saenger": "20-XX",
            "LW": "cWW",
            "DSSR": "cW-W",
            "source": "2mis.A.18",
            "target": "2mis.A.11"
        },
        {
            "LW": "B53",
            "backbone": true,
            "source": "2mis.A.19",
            "target": "2mis.A.20"
        },
        {
            "LW": "B35",
            "backbone": true,
            "source": "2mis.A.19",
            "target": "2mis.A.18"
        },
        {
            "index": 9,
            "nt1": "A.G19",
            "nt2": "A.C10",
            "bp": "G-C",
            "name": "WC",
            "Saenger": "19-XIX",
            "LW": "cWW",
            "DSSR": "cW-W",
            "source": "2mis.A.19",
            "target": "2mis.A.10"
        },
        {
            "LW": "B53",
            "backbone": true,
            "source": "2mis.A.2",
            "target": "2mis.A.3"
        },
        {
            "LW": "B35",
            "backbone": true,
            "source": "2mis.A.2",
            "target": "2mis.A.1"
        },
        {
            "index": 2,
            "nt1": "A.A2",
            "nt2": "A.U25",
            "bp": "A-U",
            "name": "WC",
            "Saenger": "20-XX",
            "LW": "cWW",
            "DSSR": "cW-W",
            "source": "2mis.A.2",
            "target": "2mis.A.25"
        },
        {
            "LW": "B53",
            "backbone": true,
            "source": "2mis.A.20",
            "target": "2mis.A.21"
        },
        {
            "LW": "B35",
            "backbone": true,
            "source": "2mis.A.20",
            "target": "2mis.A.19"
        },
        {
            "index": 8,
            "nt1": "A.A20",
            "nt2": "A.G9",
            "bp": "A-G",
            "name": "--",
            "Saenger": "--",
            "LW": "cWW",
            "DSSR": "cW-W",
            "source": "2mis.A.20",
            "target": "2mis.A.9"
        },
        {
            "LW": "B53",
            "backbone": true,
            "source": "2mis.A.21",
            "target": "2mis.A.22"
        },
        {
            "LW": "B35",
            "backbone": true,
            "source": "2mis.A.21",
            "target": "2mis.A.20"
        },
        {
            "index": 6,
            "nt1": "A.C21",
            "nt2": "A.G6",
            "bp": "C-G",
            "name": "WC",
            "Saenger": "19-XIX",
            "LW": "cWW",
            "DSSR": "cW-W",
            "source": "2mis.A.21",
            "target": "2mis.A.6"
        },
        {
            "LW": "B53",
            "backbone": true,
            "source": "2mis.A.22",
            "target": "2mis.A.23"
        },
        {
            "LW": "B35",
            "backbone": true,
            "source": "2mis.A.22",
            "target": "2mis.A.21"
        },
        {
            "index": 5,
            "nt1": "A.G22",
            "nt2": "A.U5",
            "bp": "G-U",
            "name": "Wobble",
            "Saenger": "28-XXVIII",
            "LW": "cWW",
            "DSSR": "cW-W",
            "source": "2mis.A.22",
            "target": "2mis.A.5"
        },
        {
            "LW": "B53",
            "backbone": true,
            "source": "2mis.A.23",
            "target": "2mis.A.24"
        },
        {
            "LW": "B35",
            "backbone": true,
            "source": "2mis.A.23",
            "target": "2mis.A.22"
        },
        {
            "index": 4,
            "nt1": "A.G23",
            "nt2": "A.C4",
            "bp": "G-C",
            "name": "WC",
            "Saenger": "19-XIX",
            "LW": "cWW",
            "DSSR": "cW-W",
            "source": "2mis.A.23",
            "target": "2mis.A.4"
        },
        {
            "LW": "B53",
            "backbone": true,
            "source": "2mis.A.24",
            "target": "2mis.A.25"
        },
        {
            "LW": "B35",
            "backbone": true,
            "source": "2mis.A.24",
            "target": "2mis.A.23"
        },
        {
            "index": 3,
            "nt1": "A.C24",
            "nt2": "A.G3",
            "bp": "C-G",
            "name": "WC",
            "Saenger": "19-XIX",
            "LW": "cWW",
            "DSSR": "cW-W",
            "source": "2mis.A.24",
            "target": "2mis.A.3"
        },
        {
            "LW": "B53",
            "backbone": true,
            "source": "2mis.A.25",
            "target": "2mis.A.26"
        },
        {
            "LW": "B35",
            "backbone": true,
            "source": "2mis.A.25",
            "target": "2mis.A.24"
        },
        {
            "index": 2,
            "nt1": "A.U25",
            "nt2": "A.A2",
            "bp": "U-A",
            "name": "WC",
            "Saenger": "20-XX",
            "LW": "cWW",
            "DSSR": "cW-W",
            "source": "2mis.A.25",
            "target": "2mis.A.2"
        },
        {
            "LW": "B35",
            "backbone": true,
            "source": "2mis.A.26",
            "target": "2mis.A.25"
        },
        {
            "index": 1,
            "nt1": "A.C26",
            "nt2": "A.G1",
            "bp": "C-G",
            "name": "WC",
            "Saenger": "19-XIX",
            "LW": "cWW",
            "DSSR": "cW-W",
            "source": "2mis.A.26",
            "target": "2mis.A.1"
        },
        {
            "LW": "B53",
            "backbone": true,
            "source": "2mis.A.3",
            "target": "2mis.A.4"
        },
        {
            "LW": "B35",
            "backbone": true,
            "source": "2mis.A.3",
            "target": "2mis.A.2"
        },
        {
            "index": 3,
            "nt1": "A.G3",
            "nt2": "A.C24",
            "bp": "G-C",
            "name": "WC",
            "Saenger": "19-XIX",
            "LW": "cWW",
            "DSSR": "cW-W",
            "source": "2mis.A.3",
            "target": "2mis.A.24"
        },
        {
            "LW": "B53",
            "backbone": true,
            "source": "2mis.A.4",
            "target": "2mis.A.5"
        },
        {
            "LW": "B35",
            "backbone": true,
            "source": "2mis.A.4",
            "target": "2mis.A.3"
        },
        {
            "index": 4,
            "nt1": "A.C4",
            "nt2": "A.G23",
            "bp": "C-G",
            "name": "WC",
            "Saenger": "19-XIX",
            "LW": "cWW",
            "DSSR": "cW-W",
            "source": "2mis.A.4",
            "target": "2mis.A.23"
        },
        {
            "LW": "B53",
            "backbone": true,
            "source": "2mis.A.5",
            "target": "2mis.A.6"
        },
        {
            "LW": "B35",
            "backbone": true,
            "source": "2mis.A.5",
            "target": "2mis.A.4"
        },
        {
            "index": 5,
            "nt1": "A.U5",
            "nt2": "A.G22",
            "bp": "U-G",
            "name": "Wobble",
            "Saenger": "28-XXVIII",
            "LW": "cWW",
            "DSSR": "cW-W",
            "source": "2mis.A.5",
            "target": "2mis.A.22"
        },
        {
            "LW": "B53",
            "backbone": true,
            "source": "2mis.A.6",
            "target": "2mis.A.7"
        },
        {
            "LW": "B35",
            "backbone": true,
            "source": "2mis.A.6",
            "target": "2mis.A.5"
        },
        {
            "index": 6,
            "nt1": "A.G6",
            "nt2": "A.C21",
            "bp": "G-C",
            "name": "WC",
            "Saenger": "19-XIX",
            "LW": "cWW",
            "DSSR": "cW-W",
            "source": "2mis.A.6",
            "target": "2mis.A.21"
        },
        {
            "LW": "B53",
            "backbone": true,
            "source": "2mis.A.7",
            "target": "2mis.A.8"
        },
        {
            "LW": "B35",
            "backbone": true,
            "source": "2mis.A.7",
            "target": "2mis.A.6"
        },
        {
            "index": 7,
            "nt1": "A.C7",
            "nt2": "A.G9",
            "bp": "C+G",
            "name": "--",
            "Saenger": "--",
            "LW": "tHS",
            "DSSR": "tM+m",
            "source": "2mis.A.7",
            "target": "2mis.A.9"
        },
        {
            "LW": "B53",
            "backbone": true,
            "source": "2mis.A.8",
            "target": "2mis.A.9"
        },
        {
            "LW": "B35",
            "backbone": true,
            "source": "2mis.A.8",
            "target": "2mis.A.7"
        },
        {
            "LW": "B53",
            "backbone": true,
            "source": "2mis.A.9",
            "target": "2mis.A.10"
        },
        {
            "LW": "B35",
            "backbone": true,
            "source": "2mis.A.9",
            "target": "2mis.A.8"
        },
        {
            "index": 8,
            "nt1": "A.G9",
            "nt2": "A.A20",
            "bp": "G-A",
            "name": "--",
            "Saenger": "--",
            "LW": "cWW",
            "DSSR": "cW-W",
            "source": "2mis.A.9",
            "target": "2mis.A.20"
        },
        {
            "index": 7,
            "nt1": "A.G9",
            "nt2": "A.C7",
            "bp": "G+C",
            "name": "--",
            "Saenger": "--",
            "LW": "tSH",
            "DSSR": "tM+m",
            "source": "2mis.A.9",
            "target": "2mis.A.7"
        }
    ]
}