{
    "directed": true,
    "multigraph": false,
    "graph": {
        "dbn": {
            "all_chains": {
                "num_nts": 26,
                "num_chars": 26,
                "bseq": "GAGCUGCAGCACGAAAGUGACGGCUC",
                "sstr": "((((((...(((....))).))))))",
                "form": ".A.......AA.....A....AAA.-"
            },
            "single_chains": {
                "m1_chain_A": {
                    "num_nts": 26,
                    "num_chars": 26,
                    "bseq": "GAGCUGCAGCACGAAAGUGACGGCUC",
                    "sstr": "((((((...(((....))).))))))",
                    "form": ".A.......AA.....A....AAA.-"
                }
            }
        },
        "resolution_low": null,
        "resolution_high": null
    },
    "nodes": [
        {
            "index": 1,
            "index_chain": 1,
            "chain_name": "A",
            "nt_resnum": 1,
            "nt_name": "G",
            "nt_code": "G",
            "nt_id": "A.G1",
            "nt_type": "RNA",
            "dbn": "(",
            "summary": "anti,~C3'-endo,BI,canonical,non-pair-contact,helix-end,stem-end,coaxial-stack",
            "alpha": null,
            "beta": null,
            "gamma": 64.6,
            "delta": 91.3,
            "epsilon": -138.6,
            "zeta": -78.9,
            "epsilon_zeta": -59.7,
            "bb_type": "BI",
            "chi": -144.6,
            "glyco_bond": "anti",
            "C5prime_xyz": [
                -1.003,
                8.773,
                -0.301
            ],
            "P_xyz": [
                null,
                null,
                null
            ],
            "form": ".",
            "ssZp": 3.8,
            "Dp": 4.6,
            "splay_angle": 30.824,
            "splay_distance": 4.952,
            "splay_ratio": 0.266,
            "eta": null,
            "theta": null,
            "eta_prime": null,
            "theta_prime": null,
            "eta_base": null,
            "theta_base": null,
            "v0": 4.9,
            "v1": -25.1,
            "v2": 34.4,
            "v3": -32.6,
            "v4": 17.5,
            "amplitude": 35.0,
            "phase_angle": 10.8,
            "puckering": "C3'-endo",
            "sugar_class": "~C3'-endo",
            "bin": "inc",
            "cluster": "__",
            "suiteness": 0.0,
            "filter_rmsd": 0.016,
            "frame": {
                "rmsd": 0.016,
                "origin": [
                    209.925,
                    -56.932,
                    6.342
                ],
                "x_axis": [
                    -0.07,
                    -0.214,
                    -0.974
                ],
                "y_axis": [
                    0.408,
                    -0.897,
                    0.168
                ],
                "z_axis": [
                    -0.91,
                    -0.386,
                    0.151
                ],
                "quaternion": [
                    -0.214,
                    -0.647,
                    -0.075,
                    0.728
                ]
            },
            "sse": {
                "sse": null
            },
            "binding_protein": null,
            "binding_ion": "MG",
            "binding_small-molecule": true,
            "TotalAsa": 280.91453419151566,
            "PolarAsa": 180.97408709476966,
            "ApolarAsa": 99.94044709674601,
            "id": "2mis.A.1"
        },
        {
            "index": 10,
            "index_chain": 10,
            "chain_name": "A",
            "nt_resnum": 10,
            "nt_name": "C",
            "nt_code": "C",
            "nt_id": "A.C10",
            "nt_type": "RNA",
            "dbn": "(",
            "summary": "anti,~C3'-endo,BI,non-stack,canonical,non-pair-contact,helix,stem-end,coaxial-stack,internal-loop",
            "alpha": -59.8,
            "beta": 164.6,
            "gamma": 65.4,
            "delta": 93.7,
            "epsilon": -140.5,
            "zeta": -76.0,
            "epsilon_zeta": -64.5,
            "bb_type": "BI",
            "chi": -166.5,
            "glyco_bond": "anti",
            "C5prime_xyz": [
                -1.082,
                8.525,
                1.011
            ],
            "P_xyz": [
                1.562,
                8.527,
                0.833
            ],
            "form": "A",
            "ssZp": 4.51,
            "Dp": 4.65,
            "splay_angle": 26.277,
            "splay_distance": 4.317,
            "splay_ratio": 0.228,
            "eta": -170.2,
            "theta": -131.8,
            "eta_prime": -158.4,
            "theta_prime": -133.9,
            "eta_base": -119.0,
            "theta_base": -119.1,
            "v0": 10.5,
            "v1": -29.2,
            "v2": 35.7,
            "v3": -30.6,
            "v4": 12.6,
            "amplitude": 35.7,
            "phase_angle": 1.8,
            "puckering": "C3'-endo",
            "sugar_class": "~C3'-endo",
            "bin": "33p",
            "cluster": "1a",
            "suiteness": 0.22,
            "filter_rmsd": 0.067,
            "frame": {
                "rmsd": 0.008,
                "origin": [
                    201.44,
                    -78.162,
                    1.154
                ],
                "x_axis": [
                    -0.485,
                    0.386,
                    0.785
                ],
                "y_axis": [
                    -0.872,
                    -0.15,
                    -0.465
                ],
                "z_axis": [
                    -0.062,
                    -0.91,
                    0.409
                ],
                "quaternion": [
                    0.44,
                    0.253,
                    -0.481,
                    0.715
                ]
            },
            "sse": {
                "sse": null
            },
            "binding_protein": null,
            "binding_ion": "MG",
            "binding_small-molecule": true,
            "TotalAsa": 167.0688826267441,
            "PolarAsa": 130.6148442310588,
            "ApolarAsa": 36.45403839568532,
            "id": "2mis.A.10"
        },
        {
            "index": 11,
            "index_chain": 11,
            "chain_name": "A",
            "nt_resnum": 11,
            "nt_name": "A",
            "nt_code": "A",
            "nt_id": "A.A11",
            "nt_type": "RNA",
            "dbn": "(",
            "summary": "anti,~C3'-endo,BI,canonical,non-pair-contact,helix,stem,coaxial-stack",
            "alpha": -77.0,
            "beta": -169.8,
            "gamma": 44.1,
            "delta": 90.8,
            "epsilon": -145.4,
            "zeta": -71.1,
            "epsilon_zeta": -74.3,
            "bb_type": "BI",
            "chi": -139.1,
            "glyco_bond": "anti",
            "C5prime_xyz": [
                -1.077,
                8.682,
                -0.638
            ],
            "P_xyz": [
                1.517,
                9.16,
                -0.511
            ],
            "form": "A",
            "ssZp": 3.62,
            "Dp": 4.58,
            "splay_angle": 23.384,
            "splay_distance": 3.946,
            "splay_ratio": 0.203,
            "eta": 165.3,
            "theta": -137.6,
            "eta_prime": 176.4,
            "theta_prime": -134.4,
            "eta_base": -155.5,
            "theta_base": -116.5,
            "v0": 4.7,
            "v1": -25.2,
            "v2": 34.8,
            "v3": -33.0,
            "v4": 17.8,
            "amplitude": 35.4,
            "phase_angle": 11.0,
            "puckering": "C3'-endo",
            "sugar_class": "~C3'-endo",
            "bin": "33p",
            "cluster": "1a",
            "suiteness": 0.396,
            "filter_rmsd": 0.036,
            "frame": {
                "rmsd": 0.018,
                "origin": [
                    202.005,
                    -81.395,
                    3.959
                ],
                "x_axis": [
                    -0.857,
                    0.35,
                    0.378
                ],
                "y_axis": [
                    -0.505,
                    -0.421,
                    -0.753
                ],
                "z_axis": [
                    -0.104,
                    -0.837,
                    0.538
                ],
                "quaternion": [
                    0.255,
                    0.082,
                    -0.474,
                    0.839
                ]
            },
            "sse": {
                "sse": null
            },
            "binding_protein": null,
            "binding_ion": "MG",
            "binding_small-molecule": true,
            "TotalAsa": 184.9277369334122,
            "PolarAsa": 130.19641995595796,
            "ApolarAsa": 54.73131697745427,
            "id": "2mis.A.11"
        },
        {
            "index": 12,
            "index_chain": 12,
            "chain_name": "A",
            "nt_resnum": 12,
            "nt_name": "C",
            "nt_code": "C",
            "nt_id": "A.C12",
            "nt_type": "RNA",
            "dbn": "(",
            "summary": "anti,~C3'-endo,BI,canonical,non-pair-contact,helix,stem-end,coaxial-stack,hairpin-loop",
            "alpha": -83.3,
            "beta": 162.3,
            "gamma": 79.5,
            "delta": 88.5,
            "epsilon": -151.9,
            "zeta": -70.1,
            "epsilon_zeta": -81.8,
            "bb_type": "BI",
            "chi": -160.2,
            "glyco_bond": "anti",
            "C5prime_xyz": [
                -1.943,
                8.997,
                0.359
            ],
            "P_xyz": [
                0.497,
                9.896,
                -0.096
            ],
            "form": ".",
            "ssZp": 4.03,
            "Dp": 4.22,
            "splay_angle": 17.064,
            "splay_distance": 3.345,
            "splay_ratio": 0.164,
            "eta": 170.9,
            "theta": -109.3,
            "eta_prime": -169.7,
            "theta_prime": -126.7,
            "eta_base": -141.2,
            "theta_base": -89.5,
            "v0": -13.8,
            "v1": -9.5,
            "v2": 27.3,
            "v3": -36.4,
            "v4": 31.7,
            "amplitude": 36.0,
            "phase_angle": 40.7,
            "puckering": "C4'-exo",
            "sugar_class": "~C3'-endo",
            "bin": "33p",
            "cluster": "1a",
            "suiteness": 0.191,
            "filter_rmsd": 0.066,
            "frame": {
                "rmsd": 0.008,
                "origin": [
                    200.009,
                    -83.171,
                    6.862
                ],
                "x_axis": [
                    -0.809,
                    0.513,
                    -0.288
                ],
                "y_axis": [
                    -0.11,
                    -0.612,
                    -0.783
                ],
                "z_axis": [
                    -0.578,
                    -0.602,
                    0.552
                ],
                "quaternion": [
                    0.18,
                    -0.251,
                    -0.402,
                    0.862
                ]
            },
            "sse": {
                "sse": "hairpin_1"
            },
            "binding_protein": null,
            "binding_ion": "MG",
            "binding_small-molecule": true,
            "TotalAsa": 170.0155196164139,
            "PolarAsa": 113.9466249120852,
            "ApolarAsa": 56.068894704328734,
            "id": "2mis.A.12"
        },
        {
            "index": 13,
            "index_chain": 13,
            "chain_name": "A",
            "nt_resnum": 13,
            "nt_name": "G",
            "nt_code": "G",
            "nt_id": "A.G13",
            "nt_type": "RNA",
            "dbn": ".",
            "summary": "anti,~C3'-endo,non-canonical,non-pair-contact,helix-end,hairpin-loop,splayed-apart",
            "alpha": 119.7,
            "beta": -164.0,
            "gamma": -165.4,
            "delta": 88.5,
            "epsilon": -142.5,
            "zeta": -111.5,
            "epsilon_zeta": -31.0,
            "bb_type": "--",
            "chi": -153.9,
            "glyco_bond": "anti",
            "C5prime_xyz": [
                -1.485,
                9.018,
                0.167
            ],
            "P_xyz": [
                -0.753,
                10.837,
                -1.6
            ],
            "form": ".",
            "ssZp": 4.11,
            "Dp": 4.37,
            "splay_angle": 89.808,
            "splay_distance": 13.102,
            "splay_ratio": 0.707,
            "eta": 152.5,
            "theta": 177.9,
            "eta_prime": 170.4,
            "theta_prime": 150.2,
            "eta_base": -131.8,
            "theta_base": 105.2,
            "v0": -8.6,
            "v1": -14.1,
            "v2": 29.7,
            "v3": -35.8,
            "v4": 27.9,
            "amplitude": 35.2,
            "phase_angle": 32.5,
            "puckering": "C3'-endo",
            "sugar_class": "~C3'-endo",
            "bin": "33t",
            "cluster": "1c",
            "suiteness": 0.233,
            "filter_rmsd": 0.016,
            "frame": {
                "rmsd": 0.016,
                "origin": [
                    196.928,
                    -82.394,
                    7.91
                ],
                "x_axis": [
                    -0.564,
                    0.212,
                    -0.798
                ],
                "y_axis": [
                    0.111,
                    -0.938,
                    -0.328
                ],
                "z_axis": [
                    -0.819,
                    -0.274,
                    0.505
                ],
                "quaternion": [
                    0.029,
                    -0.466,
                    -0.173,
                    0.867
                ]
            },
            "sse": {
                "sse": "hairpin_1"
            },
            "binding_protein": null,
            "binding_ion": "MG",
            "binding_small-molecule": true,
            "TotalAsa": 204.3777760343184,
            "PolarAsa": 163.20615011667132,
            "ApolarAsa": 41.17162591764709,
            "id": "2mis.A.13"
        },
        {
            "index": 14,
            "index_chain": 14,
            "chain_name": "A",
            "nt_resnum": 14,
            "nt_name": "A",
            "nt_code": "A",
            "nt_id": "A.A14",
            "nt_type": "RNA",
            "dbn": ".",
            "summary": "turn,anti,~C3'-endo,BI,non-pair-contact,hairpin-loop,splayed-apart",
            "alpha": 145.2,
            "beta": -178.3,
            "gamma": 60.9,
            "delta": 91.3,
            "epsilon": -140.1,
            "zeta": -73.4,
            "epsilon_zeta": -66.6,
            "bb_type": "BI",
            "chi": -173.1,
            "glyco_bond": "anti",
            "C5prime_xyz": [
                -1.166,
                8.459,
                1.39
            ],
            "P_xyz": [
                1.396,
                8.517,
                2.034
            ],
            "form": ".",
            "ssZp": 4.56,
            "Dp": 4.62,
            "splay_angle": 29.428,
            "splay_distance": 4.587,
            "splay_ratio": 0.255,
            "eta": 32.9,
            "theta": -127.6,
            "eta_prime": 47.1,
            "theta_prime": -121.6,
            "eta_base": 37.7,
            "theta_base": -83.5,
            "v0": 6.4,
            "v1": -26.5,
            "v2": 35.2,
            "v3": -32.5,
            "v4": 16.4,
            "amplitude": 35.6,
            "phase_angle": 8.4,
            "puckering": "C3'-endo",
            "sugar_class": "~C3'-endo",
            "bin": "33p",
            "cluster": "1g",
            "suiteness": 0.01,
            "filter_rmsd": 0.035,
            "frame": {
                "rmsd": 0.018,
                "origin": [
                    201.897,
                    -91.074,
                    16.373
                ],
                "x_axis": [
                    0.589,
                    -0.481,
                    -0.649
                ],
                "y_axis": [
                    -0.796,
                    -0.209,
                    -0.568
                ],
                "z_axis": [
                    0.138,
                    0.851,
                    -0.506
                ],
                "quaternion": [
                    -0.467,
                    0.759,
                    -0.421,
                    -0.169
                ]
            },
            "sse": {
                "sse": "hairpin_1"
            },
            "binding_protein": null,
            "binding_ion": "MG",
            "binding_small-molecule": null,
            "TotalAsa": 307.60114154319655,
            "PolarAsa": 201.93096508388655,
            "ApolarAsa": 105.67017645931003,
            "id": "2mis.A.14"
        },
        {
            "index": 15,
            "index_chain": 15,
            "chain_name": "A",
            "nt_resnum": 15,
            "nt_name": "A",
            "nt_code": "A",
            "nt_id": "A.A15",
            "nt_type": "RNA",
            "dbn": ".",
            "summary": "anti,~C3'-endo,BI,non-pair-contact,hairpin-loop,phosphate",
            "alpha": -48.5,
            "beta": 150.8,
            "gamma": 59.7,
            "delta": 90.6,
            "epsilon": -142.4,
            "zeta": -77.9,
            "epsilon_zeta": -64.5,
            "bb_type": "BI",
            "chi": -168.0,
            "glyco_bond": "anti",
            "C5prime_xyz": [
                -1.532,
                8.753,
                1.002
            ],
            "P_xyz": [
                1.088,
                9.049,
                1.15
            ],
            "form": ".",
            "ssZp": 4.24,
            "Dp": 4.4,
            "splay_angle": 27.549,
            "splay_distance": 4.324,
            "splay_ratio": 0.24,
            "eta": 177.7,
            "theta": -133.9,
            "eta_prime": -153.8,
            "theta_prime": -131.6,
            "eta_base": -94.5,
            "theta_base": -73.6,
            "v0": -4.3,
            "v1": -17.1,
            "v2": 30.3,
            "v3": -33.9,
            "v4": 24.1,
            "amplitude": 33.7,
            "phase_angle": 25.8,
            "puckering": "C3'-endo",
            "sugar_class": "~C3'-endo",
            "bin": "33p",
            "cluster": "1a",
            "suiteness": 0.417,
            "filter_rmsd": 0.035,
            "frame": {
                "rmsd": 0.018,
                "origin": [
                    204.145,
                    -88.962,
                    12.978
                ],
                "x_axis": [
                    -0.123,
                    -0.345,
                    -0.93
                ],
                "y_axis": [
                    -0.984,
                    0.166,
                    0.069
                ],
                "z_axis": [
                    0.131,
                    0.924,
                    -0.36
                ],
                "quaternion": [
                    0.413,
                    -0.517,
                    0.642,
                    0.386
                ]
            },
            "sse": {
                "sse": "hairpin_1"
            },
            "binding_protein": null,
            "binding_ion": "MG",
            "binding_small-molecule": true,
            "TotalAsa": 174.6555734941735,
            "PolarAsa": 120.87675085387436,
            "ApolarAsa": 53.77882264029915,
            "id": "2mis.A.15"
        },
        {
            "index": 16,
            "index_chain": 16,
            "chain_name": "A",
            "nt_resnum": 16,
            "nt_name": "A",
            "nt_code": "A",
            "nt_id": "A.A16",
            "nt_type": "RNA",
            "dbn": ".",
            "summary": "anti,~C3'-endo,non-canonical,non-pair-contact,helix-end,hairpin-loop",
            "alpha": -59.0,
            "beta": 145.6,
            "gamma": 65.0,
            "delta": 93.3,
            "epsilon": -110.3,
            "zeta": -14.9,
            "epsilon_zeta": -95.4,
            "bb_type": "--",
            "chi": -145.3,
            "glyco_bond": "anti",
            "C5prime_xyz": [
                -1.048,
                8.704,
                -0.255
            ],
            "P_xyz": [
                1.413,
                8.469,
                -1.209
            ],
            "form": ".",
            "ssZp": 3.4,
            "Dp": 4.55,
            "splay_angle": 26.574,
            "splay_distance": 4.864,
            "splay_ratio": 0.234,
            "eta": -179.4,
            "theta": -83.9,
            "eta_prime": -155.4,
            "theta_prime": -98.6,
            "eta_base": -81.6,
            "theta_base": -81.8,
            "v0": 4.3,
            "v1": -23.5,
            "v2": 32.5,
            "v3": -31.0,
            "v4": 16.9,
            "amplitude": 33.2,
            "phase_angle": 11.3,
            "puckering": "C3'-endo",
            "sugar_class": "~C3'-endo",
            "bin": "33p",
            "cluster": "1a",
            "suiteness": 0.37,
            "filter_rmsd": 0.035,
            "frame": {
                "rmsd": 0.019,
                "origin": [
                    202.96,
                    -86.596,
                    9.558
                ],
                "x_axis": [
                    -0.759,
                    0.255,
                    -0.599
                ],
                "y_axis": [
                    -0.393,
                    0.553,
                    0.734
                ],
                "z_axis": [
                    0.518,
                    0.793,
                    -0.32
                ],
                "quaternion": [
                    0.344,
                    -0.043,
                    0.811,
                    0.471
                ]
            },
            "sse": {
                "sse": "hairpin_1"
            },
            "binding_protein": null,
            "binding_ion": "MG",
            "binding_small-molecule": true,
            "TotalAsa": 168.03035669703988,
            "PolarAsa": 118.62814505407394,
            "ApolarAsa": 49.402211642965966,
            "id": "2mis.A.16"
        },
        {
            "index": 17,
            "index_chain": 17,
            "chain_name": "A",
            "nt_resnum": 17,
            "nt_name": "G",
            "nt_code": "G",
            "nt_id": "A.G17",
            "nt_type": "RNA",
            "dbn": ")",
            "summary": "anti,~C3'-endo,BI,canonical,non-pair-contact,helix,stem-end,coaxial-stack,hairpin-loop",
            "alpha": -105.9,
            "beta": 74.6,
            "gamma": 176.2,
            "delta": 86.7,
            "epsilon": -139.3,
            "zeta": -79.8,
            "epsilon_zeta": -59.5,
            "bb_type": "BI",
            "chi": -151.1,
            "glyco_bond": "anti",
            "C5prime_xyz": [
                -1.148,
                8.853,
                0.069
            ],
            "P_xyz": [
                -2.384,
                10.448,
                -1.631
            ],
            "form": "A",
            "ssZp": 4.08,
            "Dp": 4.65,
            "splay_angle": 19.803,
            "splay_distance": 3.25,
            "splay_ratio": 0.172,
            "eta": -173.3,
            "theta": 145.9,
            "eta_prime": -161.6,
            "theta_prime": 167.3,
            "eta_base": -122.6,
            "theta_base": -174.9,
            "v0": 2.5,
            "v1": -25.5,
            "v2": 37.3,
            "v3": -37.1,
            "v4": 21.8,
            "amplitude": 38.7,
            "phase_angle": 15.0,
            "puckering": "C3'-endo",
            "sugar_class": "~C3'-endo",
            "bin": "trig",
            "cluster": "!!",
            "suiteness": 0.0,
            "filter_rmsd": 0.017,
            "frame": {
                "rmsd": 0.017,
                "origin": [
                    200.966,
                    -83.363,
                    6.519
                ],
                "x_axis": [
                    -0.859,
                    0.447,
                    -0.249
                ],
                "y_axis": [
                    0.053,
                    0.562,
                    0.826
                ],
                "z_axis": [
                    0.509,
                    0.696,
                    -0.506
                ],
                "quaternion": [
                    0.221,
                    0.146,
                    0.855,
                    0.445
                ]
            },
            "sse": {
                "sse": "hairpin_1"
            },
            "binding_protein": null,
            "binding_ion": "MG",
            "binding_small-molecule": true,
            "TotalAsa": 183.39188803006397,
            "PolarAsa": 150.20700247050502,
            "ApolarAsa": 33.184885559558914,
            "id": "2mis.A.17"
        },
        {
            "index": 18,
            "index_chain": 18,
            "chain_name": "A",
            "nt_resnum": 18,
            "nt_name": "U",
            "nt_code": "U",
            "nt_id": "A.U18",
            "nt_type": "RNA",
            "dbn": ")",
            "summary": "anti,~C3'-endo,BI,canonical,non-pair-contact,helix,stem,coaxial-stack",
            "alpha": -83.0,
            "beta": 162.6,
            "gamma": 71.5,
            "delta": 87.5,
            "epsilon": -154.8,
            "zeta": -81.6,
            "epsilon_zeta": -73.2,
            "bb_type": "BI",
            "chi": -155.7,
            "glyco_bond": "anti",
            "C5prime_xyz": [
                -1.841,
                8.967,
                0.22
            ],
            "P_xyz": [
                0.615,
                9.775,
                -0.291
            ],
            "form": ".",
            "ssZp": 4.14,
            "Dp": 4.32,
            "splay_angle": 30.699,
            "splay_distance": 5.06,
            "splay_ratio": 0.265,
            "eta": 163.8,
            "theta": -151.1,
            "eta_prime": 178.7,
            "theta_prime": -151.8,
            "eta_base": -160.7,
            "theta_base": -125.4,
            "v0": -10.6,
            "v1": -12.9,
            "v2": 29.7,
            "v3": -37.0,
            "v4": 30.1,
            "amplitude": 36.4,
            "phase_angle": 35.3,
            "puckering": "C3'-endo",
            "sugar_class": "~C3'-endo",
            "bin": "33p",
            "cluster": "1a",
            "suiteness": 0.385,
            "filter_rmsd": 0.099,
            "frame": {
                "rmsd": 0.017,
                "origin": [
                    202.122,
                    -81.644,
                    4.014
                ],
                "x_axis": [
                    -0.9,
                    0.309,
                    0.308
                ],
                "y_axis": [
                    0.43,
                    0.51,
                    0.745
                ],
                "z_axis": [
                    0.073,
                    0.803,
                    -0.592
                ],
                "quaternion": [
                    -0.068,
                    0.213,
                    0.866,
                    0.447
                ]
            },
            "sse": {
                "sse": null
            },
            "binding_protein": null,
            "binding_ion": "MG",
            "binding_small-molecule": true,
            "TotalAsa": 188.38875720027076,
            "PolarAsa": 121.82619183543159,
            "ApolarAsa": 66.5625653648392,
            "id": "2mis.A.18"
        },
        {
            "index": 19,
            "index_chain": 19,
            "chain_name": "A",
            "nt_resnum": 19,
            "nt_name": "G",
            "nt_code": "G",
            "nt_id": "A.G19",
            "nt_type": "RNA",
            "dbn": ")",
            "summary": "anti,~C3'-endo,BI,canonical,non-pair-contact,helix,stem-end,coaxial-stack,internal-loop",
            "alpha": -55.9,
            "beta": 165.6,
            "gamma": 55.8,
            "delta": 87.9,
            "epsilon": -150.3,
            "zeta": -91.9,
            "epsilon_zeta": -58.4,
            "bb_type": "BI",
            "chi": -151.6,
            "glyco_bond": "anti",
            "C5prime_xyz": [
                -1.569,
                9.026,
                0.017
            ],
            "P_xyz": [
                0.975,
                9.717,
                -0.095
            ],
            "form": ".",
            "ssZp": 4.01,
            "Dp": 4.33,
            "splay_angle": 27.27,
            "splay_distance": 4.576,
            "splay_ratio": 0.236,
            "eta": -179.5,
            "theta": -150.6,
            "eta_prime": -165.7,
            "theta_prime": -148.5,
            "eta_base": -129.2,
            "theta_base": -126.0,
            "v0": -9.2,
            "v1": -13.6,
            "v2": 29.6,
            "v3": -36.0,
            "v4": 28.5,
            "amplitude": 35.4,
            "phase_angle": 33.4,
            "puckering": "C3'-endo",
            "sugar_class": "~C3'-endo",
            "bin": "33p",
            "cluster": "1a",
            "suiteness": 0.654,
            "filter_rmsd": 0.016,
            "frame": {
                "rmsd": 0.016,
                "origin": [
                    201.488,
                    -78.031,
                    0.53
                ],
                "x_axis": [
                    -0.543,
                    0.584,
                    0.603
                ],
                "y_axis": [
                    0.816,
                    0.197,
                    0.544
                ],
                "z_axis": [
                    0.199,
                    0.787,
                    -0.584
                ],
                "quaternion": [
                    -0.132,
                    0.459,
                    0.762,
                    0.437
                ]
            },
            "sse": {
                "sse": null
            },
            "binding_protein": null,
            "binding_ion": "MG",
            "binding_small-molecule": true,
            "TotalAsa": 201.17821322352106,
            "PolarAsa": 158.72783992637846,
            "ApolarAsa": 42.45037329714261,
            "id": "2mis.A.19"
        },
        {
            "index": 2,
            "index_chain": 2,
            "chain_name": "A",
            "nt_resnum": 2,
            "nt_name": "A",
            "nt_code": "A",
            "nt_id": "A.A2",
            "nt_type": "RNA",
            "dbn": "(",
            "summary": "anti,~C3'-endo,BI,canonical,non-pair-contact,helix,stem,coaxial-stack",
            "alpha": -83.1,
            "beta": -173.8,
            "gamma": 49.2,
            "delta": 89.7,
            "epsilon": -159.7,
            "zeta": -77.2,
            "epsilon_zeta": -82.5,
            "bb_type": "BI",
            "chi": -151.8,
            "glyco_bond": "anti",
            "C5prime_xyz": [
                -1.139,
                8.771,
                0.122
            ],
            "P_xyz": [
                1.429,
                9.22,
                0.541
            ],
            "form": "A",
            "ssZp": 4.17,
            "Dp": 4.47,
            "splay_angle": 20.819,
            "splay_distance": 3.526,
            "splay_ratio": 0.185,
            "eta": 158.6,
            "theta": -151.6,
            "eta_prime": 171.4,
            "theta_prime": -149.6,
            "eta_base": -160.4,
            "theta_base": -131.0,
            "v0": 2.3,
            "v1": -23.5,
            "v2": 34.5,
            "v3": -34.2,
            "v4": 20.1,
            "amplitude": 35.7,
            "phase_angle": 15.1,
            "puckering": "C3'-endo",
            "sugar_class": "~C3'-endo",
            "bin": "33p",
            "cluster": "1a",
            "suiteness": 0.45,
            "filter_rmsd": 0.035,
            "frame": {
                "rmsd": 0.018,
                "origin": [
                    205.305,
                    -58.614,
                    5.751
                ],
                "x_axis": [
                    0.637,
                    -0.351,
                    -0.686
                ],
                "y_axis": [
                    0.407,
                    -0.603,
                    0.686
                ],
                "z_axis": [
                    -0.655,
                    -0.717,
                    -0.241
                ],
                "quaternion": [
                    0.445,
                    0.787,
                    0.018,
                    -0.426
                ]
            },
            "sse": {
                "sse": null
            },
            "binding_protein": null,
            "binding_ion": "MG",
            "binding_small-molecule": true,
            "TotalAsa": 191.33335959239307,
            "PolarAsa": 133.6746034207655,
            "ApolarAsa": 57.658756171627566,
            "id": "2mis.A.2"
        },
        {
            "index": 20,
            "index_chain": 20,
            "chain_name": "A",
            "nt_resnum": 20,
            "nt_name": "A",
            "nt_code": "A",
            "nt_id": "A.A20",
            "nt_type": "RNA",
            "dbn": ".",
            "summary": "anti,~C3'-endo,BI,non-canonical,non-pair-contact,helix,multiplet,internal-loop,A-minor",
            "alpha": -33.9,
            "beta": 154.4,
            "gamma": 44.7,
            "delta": 88.3,
            "epsilon": -144.5,
            "zeta": -64.4,
            "epsilon_zeta": -80.1,
            "bb_type": "BI",
            "chi": -150.6,
            "glyco_bond": "anti",
            "C5prime_xyz": [
                -1.77,
                8.99,
                -0.091
            ],
            "P_xyz": [
                0.758,
                9.748,
                -0.035
            ],
            "form": ".",
            "ssZp": 3.85,
            "Dp": 4.22,
            "splay_angle": 24.823,
            "splay_distance": 4.907,
            "splay_ratio": 0.232,
            "eta": -174.9,
            "theta": -95.6,
            "eta_prime": -161.1,
            "theta_prime": -113.9,
            "eta_base": -131.4,
            "theta_base": -100.4,
            "v0": -13.5,
            "v1": -9.3,
            "v2": 26.8,
            "v3": -35.6,
            "v4": 31.0,
            "amplitude": 35.3,
            "phase_angle": 40.7,
            "puckering": "C4'-exo",
            "sugar_class": "~C3'-endo",
            "bin": "33p",
            "cluster": "1a",
            "suiteness": 0.045,
            "filter_rmsd": 0.035,
            "frame": {
                "rmsd": 0.019,
                "origin": [
                    201.328,
                    -74.174,
                    -1.927
                ],
                "x_axis": [
                    -0.137,
                    0.487,
                    0.863
                ],
                "y_axis": [
                    0.971,
                    -0.105,
                    0.213
                ],
                "z_axis": [
                    0.194,
                    0.867,
                    -0.458
                ],
                "quaternion": [
                    -0.274,
                    0.597,
                    0.61,
                    0.442
                ]
            },
            "sse": {
                "sse": null
            },
            "binding_protein": null,
            "binding_ion": null,
            "binding_small-molecule": null,
            "TotalAsa": 189.66307157293917,
            "PolarAsa": 136.573649681021,
            "ApolarAsa": 53.08942189191821,
            "id": "2mis.A.20"
        },
        {
            "index": 21,
            "index_chain": 21,
            "chain_name": "A",
            "nt_resnum": 21,
            "nt_name": "C",
            "nt_code": "C",
            "nt_id": "A.C21",
            "nt_type": "RNA",
            "dbn": ")",
            "summary": "anti,~C3'-endo,BI,canonical,non-pair-contact,helix,stem-end,coaxial-stack,internal-loop",
            "alpha": 116.2,
            "beta": -173.0,
            "gamma": -164.5,
            "delta": 87.7,
            "epsilon": -171.6,
            "zeta": -100.0,
            "epsilon_zeta": -71.6,
            "bb_type": "BI",
            "chi": -167.8,
            "glyco_bond": "anti",
            "C5prime_xyz": [
                -2.125,
                8.945,
                0.874
            ],
            "P_xyz": [
                -1.593,
                11.24,
                -0.319
            ],
            "form": ".",
            "ssZp": 4.18,
            "Dp": 4.06,
            "splay_angle": 29.382,
            "splay_distance": 4.63,
            "splay_ratio": 0.254,
            "eta": 144.5,
            "theta": 135.4,
            "eta_prime": 163.4,
            "theta_prime": 147.5,
            "eta_base": -163.1,
            "theta_base": 163.2,
            "v0": -16.0,
            "v1": -7.5,
            "v2": 26.2,
            "v3": -36.6,
            "v4": 33.1,
            "amplitude": 36.5,
            "phase_angle": 44.1,
            "puckering": "C4'-exo",
            "sugar_class": "~C3'-endo",
            "bin": "33t",
            "cluster": "1c",
            "suiteness": 0.058,
            "filter_rmsd": 0.066,
            "frame": {
                "rmsd": 0.008,
                "origin": [
                    200.409,
                    -69.504,
                    -0.735
                ],
                "x_axis": [
                    0.04,
                    -0.373,
                    0.927
                ],
                "y_axis": [
                    0.909,
                    -0.371,
                    -0.189
                ],
                "z_axis": [
                    0.415,
                    0.85,
                    0.324
                ],
                "quaternion": [
                    -0.498,
                    0.522,
                    0.257,
                    0.643
                ]
            },
            "sse": {
                "sse": null
            },
            "binding_protein": null,
            "binding_ion": "MG",
            "binding_small-molecule": true,
            "TotalAsa": 197.33814791203218,
            "PolarAsa": 128.60658292912865,
            "ApolarAsa": 68.73156498290349,
            "id": "2mis.A.21"
        },
        {
            "index": 22,
            "index_chain": 22,
            "chain_name": "A",
            "nt_resnum": 22,
            "nt_name": "G",
            "nt_code": "G",
            "nt_id": "A.G22",
            "nt_type": "RNA",
            "dbn": ")",
            "summary": "anti,~C3'-endo,BI,canonical,non-pair-contact,helix,stem,coaxial-stack",
            "alpha": -75.3,
            "beta": 166.7,
            "gamma": 65.1,
            "delta": 86.7,
            "epsilon": -137.9,
            "zeta": -66.9,
            "epsilon_zeta": -71.0,
            "bb_type": "BI",
            "chi": -167.2,
            "glyco_bond": "anti",
            "C5prime_xyz": [
                -1.149,
                8.714,
                1.039
            ],
            "P_xyz": [
                1.466,
                9.028,
                0.895
            ],
            "form": "A",
            "ssZp": 4.61,
            "Dp": 4.68,
            "splay_angle": 23.189,
            "splay_distance": 3.8,
            "splay_ratio": 0.204,
            "eta": 176.7,
            "theta": -128.5,
            "eta_prime": 175.7,
            "theta_prime": -128.6,
            "eta_base": -173.6,
            "theta_base": -94.4,
            "v0": 3.4,
            "v1": -26.4,
            "v2": 38.0,
            "v3": -37.3,
            "v4": 21.3,
            "amplitude": 39.2,
            "phase_angle": 13.8,
            "puckering": "C3'-endo",
            "sugar_class": "~C3'-endo",
            "bin": "33p",
            "cluster": "&a",
            "suiteness": 0.543,
            "filter_rmsd": 0.017,
            "frame": {
                "rmsd": 0.017,
                "origin": [
                    199.626,
                    -65.097,
                    -1.919
                ],
                "x_axis": [
                    0.407,
                    -0.278,
                    0.87
                ],
                "y_axis": [
                    0.841,
                    -0.258,
                    -0.476
                ],
                "z_axis": [
                    0.357,
                    0.925,
                    0.128
                ],
                "quaternion": [
                    0.565,
                    -0.62,
                    -0.227,
                    -0.495
                ]
            },
            "sse": {
                "sse": null
            },
            "binding_protein": null,
            "binding_ion": "MG",
            "binding_small-molecule": true,
            "TotalAsa": 216.96331490670335,
            "PolarAsa": 165.25407250707815,
            "ApolarAsa": 51.709242399625126,
            "id": "2mis.A.22"
        },
        {
            "index": 23,
            "index_chain": 23,
            "chain_name": "A",
            "nt_resnum": 23,
            "nt_name": "G",
            "nt_code": "G",
            "nt_id": "A.G23",
            "nt_type": "RNA",
            "dbn": ")",
            "summary": "anti,~C3'-endo,BI,canonical,non-pair-contact,helix,stem,coaxial-stack",
            "alpha": -83.1,
            "beta": 164.4,
            "gamma": 73.1,
            "delta": 85.1,
            "epsilon": -137.8,
            "zeta": -72.6,
            "epsilon_zeta": -65.3,
            "bb_type": "BI",
            "chi": -171.7,
            "glyco_bond": "anti",
            "C5prime_xyz": [
                -1.602,
                8.806,
                1.21
            ],
            "P_xyz": [
                0.946,
                9.493,
                1.227
            ],
            "form": "A",
            "ssZp": 4.5,
            "Dp": 4.56,
            "splay_angle": 20.522,
            "splay_distance": 3.472,
            "splay_ratio": 0.181,
            "eta": 166.3,
            "theta": -135.6,
            "eta_prime": -173.3,
            "theta_prime": -137.2,
            "eta_base": -119.5,
            "theta_base": -110.0,
            "v0": -4.6,
            "v1": -19.7,
            "v2": 34.8,
            "v3": -38.7,
            "v4": 27.3,
            "amplitude": 38.6,
            "phase_angle": 25.4,
            "puckering": "C3'-endo",
            "sugar_class": "~C3'-endo",
            "bin": "33p",
            "cluster": "1a",
            "suiteness": 0.34,
            "filter_rmsd": 0.016,
            "frame": {
                "rmsd": 0.016,
                "origin": [
                    201.141,
                    -62.982,
                    0.85
                ],
                "x_axis": [
                    0.81,
                    -0.508,
                    0.293
                ],
                "y_axis": [
                    0.398,
                    0.11,
                    -0.911
                ],
                "z_axis": [
                    0.43,
                    0.854,
                    0.291
                ],
                "quaternion": [
                    0.744,
                    -0.593,
                    0.046,
                    -0.305
                ]
            },
            "sse": {
                "sse": null
            },
            "binding_protein": null,
            "binding_ion": "MG",
            "binding_small-molecule": true,
            "TotalAsa": 183.88749619989795,
            "PolarAsa": 146.46193389224362,
            "ApolarAsa": 37.425562307654296,
            "id": "2mis.A.23"
        },
        {
            "index": 24,
            "index_chain": 24,
            "chain_name": "A",
            "nt_resnum": 24,
            "nt_name": "C",
            "nt_code": "C",
            "nt_id": "A.C24",
            "nt_type": "RNA",
            "dbn": ")",
            "summary": "anti,~C3'-endo,BI,canonical,non-pair-contact,helix,stem,coaxial-stack",
            "alpha": -83.2,
            "beta": 167.8,
            "gamma": 64.3,
            "delta": 86.2,
            "epsilon": -160.7,
            "zeta": -83.4,
            "epsilon_zeta": -77.3,
            "bb_type": "BI",
            "chi": -155.5,
            "glyco_bond": "anti",
            "C5prime_xyz": [
                -1.829,
                9.026,
                0.212
            ],
            "P_xyz": [
                0.644,
                9.923,
                -0.012
            ],
            "form": "A",
            "ssZp": 4.17,
            "Dp": 4.3,
            "splay_angle": 22.534,
            "splay_distance": 3.657,
            "splay_ratio": 0.195,
            "eta": 157.1,
            "theta": -160.9,
            "eta_prime": 176.1,
            "theta_prime": -162.2,
            "eta_base": -139.9,
            "theta_base": -142.7,
            "v0": -11.6,
            "v1": -12.6,
            "v2": 30.2,
            "v3": -38.0,
            "v4": 31.3,
            "amplitude": 37.4,
            "phase_angle": 36.4,
            "puckering": "C4'-exo",
            "sugar_class": "~C3'-endo",
            "bin": "33p",
            "cluster": "1a",
            "suiteness": 0.577,
            "filter_rmsd": 0.065,
            "frame": {
                "rmsd": 0.008,
                "origin": [
                    202.94,
                    -61.15,
                    3.188
                ],
                "x_axis": [
                    0.811,
                    -0.508,
                    -0.291
                ],
                "y_axis": [
                    -0.0,
                    0.496,
                    -0.868
                ],
                "z_axis": [
                    0.585,
                    0.704,
                    0.402
                ],
                "quaternion": [
                    0.823,
                    -0.478,
                    0.266,
                    -0.154
                ]
            },
            "sse": {
                "sse": null
            },
            "binding_protein": null,
            "binding_ion": "MG",
            "binding_small-molecule": true,
            "TotalAsa": 186.85528577235254,
            "PolarAsa": 124.63997954849643,
            "ApolarAsa": 62.21530622385615,
            "id": "2mis.A.24"
        },
        {
            "index": 25,
            "index_chain": 25,
            "chain_name": "A",
            "nt_resnum": 25,
            "nt_name": "U",
            "nt_code": "U",
            "nt_id": "A.U25",
            "nt_type": "RNA",
            "dbn": ")",
            "summary": "anti,~C3'-endo,BI,canonical,non-pair-contact,helix,stem,coaxial-stack",
            "alpha": -81.1,
            "beta": 169.7,
            "gamma": 65.3,
            "delta": 86.5,
            "epsilon": -138.0,
            "zeta": -70.2,
            "epsilon_zeta": -67.8,
            "bb_type": "BI",
            "chi": -149.7,
            "glyco_bond": "anti",
            "C5prime_xyz": [
                -1.391,
                8.853,
                -0.014
            ],
            "P_xyz": [
                1.122,
                9.33,
                -0.655
            ],
            "form": ".",
            "ssZp": 4.04,
            "Dp": 4.65,
            "splay_angle": 33.414,
            "splay_distance": 5.595,
            "splay_ratio": 0.289,
            "eta": 171.4,
            "theta": -130.6,
            "eta_prime": 178.5,
            "theta_prime": -128.9,
            "eta_base": -154.3,
            "theta_base": -103.0,
            "v0": 0.8,
            "v1": -24.0,
            "v2": 36.7,
            "v3": -37.3,
            "v4": 23.0,
            "amplitude": 38.5,
            "phase_angle": 17.4,
            "puckering": "C3'-endo",
            "sugar_class": "~C3'-endo",
            "bin": "33p",
            "cluster": "1a",
            "suiteness": 0.516,
            "filter_rmsd": 0.101,
            "frame": {
                "rmsd": 0.016,
                "origin": [
                    204.585,
                    -59.147,
                    5.769
                ],
                "x_axis": [
                    0.699,
                    -0.285,
                    -0.656
                ],
                "y_axis": [
                    -0.257,
                    0.755,
                    -0.603
                ],
                "z_axis": [
                    0.667,
                    0.59,
                    0.455
                ],
                "quaternion": [
                    0.853,
                    -0.35,
                    0.388,
                    -0.008
                ]
            },
            "sse": {
                "sse": null
            },
            "binding_protein": null,
            "binding_ion": null,
            "binding_small-molecule": true,
            "TotalAsa": 173.25377534394713,
            "PolarAsa": 123.78473557536367,
            "ApolarAsa": 49.46903976858348,
            "id": "2mis.A.25"
        },
        {
            "index": 26,
            "index_chain": 26,
            "chain_name": "A",
            "nt_resnum": 26,
            "nt_name": "C",
            "nt_code": "C",
            "nt_id": "A.C26",
            "nt_type": "RNA",
            "dbn": ")",
            "summary": "anti,~C3'-endo,canonical,non-pair-contact,helix-end,stem-end,coaxial-stack",
            "alpha": -64.8,
            "beta": 169.5,
            "gamma": 57.5,
            "delta": 82.0,
            "epsilon": null,
            "zeta": null,
            "epsilon_zeta": null,
            "bb_type": "--",
            "chi": -168.3,
            "glyco_bond": "anti",
            "C5prime_xyz": [
                -1.962,
                8.888,
                0.917
            ],
            "P_xyz": [
                0.455,
                9.783,
                1.477
            ],
            "form": "-",
            "ssZp": null,
            "Dp": null,
            "splay_angle": null,
            "splay_distance": null,
            "splay_ratio": null,
            "eta": null,
            "theta": null,
            "eta_prime": null,
            "theta_prime": null,
            "eta_base": null,
            "theta_base": null,
            "v0": -10.6,
            "v1": -13.6,
            "v2": 30.6,
            "v3": -38.0,
            "v4": 30.8,
            "amplitude": 37.3,
            "phase_angle": 34.9,
            "puckering": "C3'-endo",
            "sugar_class": "~C3'-endo",
            "bin": "33p",
            "cluster": "1a",
            "suiteness": 0.854,
            "filter_rmsd": 0.066,
            "frame": {
                "rmsd": 0.008,
                "origin": [
                    209.898,
                    -57.398,
                    5.635
                ],
                "x_axis": [
                    -0.003,
                    -0.152,
                    -0.988
                ],
                "y_axis": [
                    -0.749,
                    0.655,
                    -0.099
                ],
                "z_axis": [
                    0.662,
                    0.74,
                    -0.116
                ],
                "quaternion": [
                    0.62,
                    -0.338,
                    0.666,
                    0.241
                ]
            },
            "sse": {
                "sse": null
            },
            "binding_protein": null,
            "binding_ion": "MG",
            "binding_small-molecule": true,
            "TotalAsa": 276.3726842848949,
            "PolarAsa": 191.02983881713277,
            "ApolarAsa": 85.34284546776219,
            "id": "2mis.A.26"
        },
        {
            "index": 3,
            "index_chain": 3,
            "chain_name": "A",
            "nt_resnum": 3,
            "nt_name": "G",
            "nt_code": "G",
            "nt_id": "A.G3",
            "nt_type": "RNA",
            "dbn": "(",
            "summary": "anti,~C3'-endo,BI,canonical,non-pair-contact,helix,stem,coaxial-stack",
            "alpha": -64.3,
            "beta": 163.8,
            "gamma": 65.2,
            "delta": 87.9,
            "epsilon": -146.7,
            "zeta": -70.9,
            "epsilon_zeta": -75.7,
            "bb_type": "BI",
            "chi": -150.6,
            "glyco_bond": "anti",
            "C5prime_xyz": [
                -1.427,
                8.972,
                0.004
            ],
            "P_xyz": [
                1.113,
                9.48,
                -0.502
            ],
            "form": ".",
            "ssZp": 4.03,
            "Dp": 4.45,
            "splay_angle": 23.61,
            "splay_distance": 3.997,
            "splay_ratio": 0.205,
            "eta": -179.7,
            "theta": -136.7,
            "eta_prime": -166.0,
            "theta_prime": -138.0,
            "eta_base": -138.6,
            "theta_base": -110.9,
            "v0": -5.1,
            "v1": -17.6,
            "v2": 32.0,
            "v3": -36.2,
            "v4": 26.0,
            "amplitude": 35.9,
            "phase_angle": 26.7,
            "puckering": "C3'-endo",
            "sugar_class": "~C3'-endo",
            "bin": "33p",
            "cluster": "1a",
            "suiteness": 0.689,
            "filter_rmsd": 0.016,
            "frame": {
                "rmsd": 0.016,
                "origin": [
                    203.025,
                    -60.057,
                    3.481
                ],
                "x_axis": [
                    0.799,
                    -0.509,
                    -0.32
                ],
                "y_axis": [
                    0.017,
                    -0.514,
                    0.858
                ],
                "z_axis": [
                    -0.601,
                    -0.691,
                    -0.402
                ],
                "quaternion": [
                    0.47,
                    0.824,
                    -0.149,
                    -0.28
                ]
            },
            "sse": {
                "sse": null
            },
            "binding_protein": null,
            "binding_ion": "MG",
            "binding_small-molecule": true,
            "TotalAsa": 183.23696543490934,
            "PolarAsa": 139.31009583686767,
            "ApolarAsa": 43.92686959804165,
            "id": "2mis.A.3"
        },
        {
            "index": 4,
            "index_chain": 4,
            "chain_name": "A",
            "nt_resnum": 4,
            "nt_name": "C",
            "nt_code": "C",
            "nt_id": "A.C4",
            "nt_type": "RNA",
            "dbn": "(",
            "summary": "anti,~C3'-endo,BI,canonical,non-pair-contact,helix,stem,coaxial-stack",
            "alpha": -72.2,
            "beta": 163.1,
            "gamma": 65.1,
            "delta": 87.8,
            "epsilon": -157.3,
            "zeta": -71.2,
            "epsilon_zeta": -86.1,
            "bb_type": "BI",
            "chi": -151.5,
            "glyco_bond": "anti",
            "C5prime_xyz": [
                -1.95,
                9.062,
                -0.112
            ],
            "P_xyz": [
                0.496,
                9.983,
                -0.481
            ],
            "form": ".",
            "ssZp": 3.89,
            "Dp": 4.15,
            "splay_angle": 29.952,
            "splay_distance": 4.855,
            "splay_ratio": 0.259,
            "eta": 167.8,
            "theta": -145.2,
            "eta_prime": -172.0,
            "theta_prime": -144.7,
            "eta_base": -130.2,
            "theta_base": -106.8,
            "v0": -16.0,
            "v1": -7.4,
            "v2": 26.0,
            "v3": -36.4,
            "v4": 33.1,
            "amplitude": 36.4,
            "phase_angle": 44.3,
            "puckering": "C4'-exo",
            "sugar_class": "~C3'-endo",
            "bin": "33p",
            "cluster": "1a",
            "suiteness": 0.625,
            "filter_rmsd": 0.066,
            "frame": {
                "rmsd": 0.008,
                "origin": [
                    201.685,
                    -62.873,
                    0.981
                ],
                "x_axis": [
                    0.809,
                    -0.541,
                    0.227
                ],
                "y_axis": [
                    -0.426,
                    -0.275,
                    0.862
                ],
                "z_axis": [
                    -0.404,
                    -0.795,
                    -0.453
                ],
                "quaternion": [
                    0.52,
                    0.797,
                    -0.304,
                    -0.055
                ]
            },
            "sse": {
                "sse": null
            },
            "binding_protein": null,
            "binding_ion": "MG",
            "binding_small-molecule": true,
            "TotalAsa": 187.01170639840876,
            "PolarAsa": 125.88170601208182,
            "ApolarAsa": 61.13000038632694,
            "id": "2mis.A.4"
        },
        {
            "index": 5,
            "index_chain": 5,
            "chain_name": "A",
            "nt_resnum": 5,
            "nt_name": "U",
            "nt_code": "U",
            "nt_id": "A.U5",
            "nt_type": "RNA",
            "dbn": "(",
            "summary": "anti,~C3'-endo,BI,canonical,non-pair-contact,helix,stem,coaxial-stack",
            "alpha": -79.9,
            "beta": 162.8,
            "gamma": 77.8,
            "delta": 90.4,
            "epsilon": -138.0,
            "zeta": -81.2,
            "epsilon_zeta": -56.8,
            "bb_type": "BI",
            "chi": -152.9,
            "glyco_bond": "anti",
            "C5prime_xyz": [
                -1.719,
                8.943,
                0.083
            ],
            "P_xyz": [
                0.723,
                9.605,
                -0.671
            ],
            "form": ".",
            "ssZp": 3.96,
            "Dp": 4.34,
            "splay_angle": 13.127,
            "splay_distance": 2.201,
            "splay_ratio": 0.115,
            "eta": 178.3,
            "theta": -105.2,
            "eta_prime": -163.0,
            "theta_prime": -123.0,
            "eta_base": -113.6,
            "theta_base": -121.7,
            "v0": -8.6,
            "v1": -13.1,
            "v2": 28.1,
            "v3": -34.1,
            "v4": 26.9,
            "amplitude": 33.6,
            "phase_angle": 33.1,
            "puckering": "C3'-endo",
            "sugar_class": "~C3'-endo",
            "bin": "33p",
            "cluster": "1a",
            "suiteness": 0.233,
            "filter_rmsd": 0.1,
            "frame": {
                "rmsd": 0.016,
                "origin": [
                    200.552,
                    -67.135,
                    -1.049
                ],
                "x_axis": [
                    0.365,
                    -0.677,
                    0.64
                ],
                "y_axis": [
                    -0.794,
                    0.132,
                    0.593
                ],
                "z_axis": [
                    -0.486,
                    -0.724,
                    -0.489
                ],
                "quaternion": [
                    0.502,
                    0.656,
                    -0.56,
                    0.059
                ]
            },
            "sse": {
                "sse": null
            },
            "binding_protein": null,
            "binding_ion": "MG",
            "binding_small-molecule": true,
            "TotalAsa": 173.53127435965277,
            "PolarAsa": 121.29863230991941,
            "ApolarAsa": 52.232642049733364,
            "id": "2mis.A.5"
        },
        {
            "index": 6,
            "index_chain": 6,
            "chain_name": "A",
            "nt_resnum": 6,
            "nt_name": "G",
            "nt_code": "G",
            "nt_id": "A.G6",
            "nt_type": "RNA",
            "dbn": "(",
            "summary": "anti,~C3'-endo,canonical,non-pair-contact,helix,stem-end,coaxial-stack,internal-loop",
            "alpha": 133.9,
            "beta": -156.3,
            "gamma": -179.4,
            "delta": 91.9,
            "epsilon": -117.4,
            "zeta": -164.2,
            "epsilon_zeta": 46.8,
            "bb_type": "--",
            "chi": -127.9,
            "glyco_bond": "anti",
            "C5prime_xyz": [
                -2.38,
                8.87,
                -1.371
            ],
            "P_xyz": [
                -1.927,
                9.565,
                -3.875
            ],
            "form": ".",
            "ssZp": 2.37,
            "Dp": 3.63,
            "splay_angle": 62.271,
            "splay_distance": 10.356,
            "splay_ratio": 0.519,
            "eta": 155.0,
            "theta": 122.2,
            "eta_prime": 172.2,
            "theta_prime": 139.8,
            "eta_base": -171.8,
            "theta_base": 165.6,
            "v0": -25.2,
            "v1": 3.8,
            "v2": 16.9,
            "v3": -32.2,
            "v4": 36.2,
            "amplitude": 35.9,
            "phase_angle": 62.0,
            "puckering": "C4'-exo",
            "sugar_class": "~C3'-endo",
            "bin": "33p",
            "cluster": "1a",
            "suiteness": 0.132,
            "filter_rmsd": 0.016,
            "frame": {
                "rmsd": 0.016,
                "origin": [
                    200.561,
                    -69.304,
                    -1.422
                ],
                "x_axis": [
                    0.02,
                    -0.483,
                    0.876
                ],
                "y_axis": [
                    -0.995,
                    -0.092,
                    -0.028
                ],
                "z_axis": [
                    0.094,
                    -0.871,
                    -0.482
                ],
                "quaternion": [
                    0.334,
                    0.631,
                    -0.585,
                    0.384
                ]
            },
            "sse": {
                "sse": null
            },
            "binding_protein": null,
            "binding_ion": "MG",
            "binding_small-molecule": true,
            "TotalAsa": 165.6782834469066,
            "PolarAsa": 122.86471066625546,
            "ApolarAsa": 42.81357278065123,
            "id": "2mis.A.6"
        },
        {
            "index": 7,
            "index_chain": 7,
            "chain_name": "A",
            "nt_resnum": 7,
            "nt_name": "C",
            "nt_code": "C",
            "nt_id": "A.C7",
            "nt_type": "RNA",
            "dbn": ".",
            "summary": "anti,~C3'-endo,non-canonical,non-pair-contact,multiplet,internal-loop",
            "alpha": -59.8,
            "beta": 147.5,
            "gamma": 36.7,
            "delta": 88.7,
            "epsilon": 174.8,
            "zeta": 23.1,
            "epsilon_zeta": 151.7,
            "bb_type": "--",
            "chi": -167.5,
            "glyco_bond": "anti",
            "C5prime_xyz": [
                -1.556,
                8.759,
                1.02
            ],
            "P_xyz": [
                1.027,
                8.979,
                1.541
            ],
            "form": ".",
            "ssZp": 4.19,
            "Dp": 4.18,
            "splay_angle": 13.64,
            "splay_distance": 2.524,
            "splay_ratio": 0.135,
            "eta": 173.8,
            "theta": -39.5,
            "eta_prime": 173.7,
            "theta_prime": -79.6,
            "eta_base": -168.9,
            "theta_base": -126.0,
            "v0": -1.3,
            "v1": -20.8,
            "v2": 33.5,
            "v3": -35.4,
            "v4": 23.0,
            "amplitude": 35.8,
            "phase_angle": 20.6,
            "puckering": "C3'-endo",
            "sugar_class": "~C3'-endo",
            "bin": "33p",
            "cluster": "7a",
            "suiteness": 0.511,
            "filter_rmsd": 0.066,
            "frame": {
                "rmsd": 0.008,
                "origin": [
                    197.74,
                    -75.625,
                    -9.125
                ],
                "x_axis": [
                    0.382,
                    -0.093,
                    0.92
                ],
                "y_axis": [
                    -0.665,
                    0.664,
                    0.343
                ],
                "z_axis": [
                    -0.642,
                    -0.742,
                    0.192
                ],
                "quaternion": [
                    0.748,
                    0.363,
                    -0.522,
                    0.191
                ]
            },
            "sse": {
                "sse": null
            },
            "binding_protein": null,
            "binding_ion": "MG",
            "binding_small-molecule": true,
            "TotalAsa": 183.84962426188386,
            "PolarAsa": 112.10357153690863,
            "ApolarAsa": 71.74605272497527,
            "id": "2mis.A.7"
        },
        {
            "index": 8,
            "index_chain": 8,
            "chain_name": "A",
            "nt_resnum": 8,
            "nt_name": "A",
            "nt_code": "A",
            "nt_id": "A.A8",
            "nt_type": "RNA",
            "dbn": ".",
            "summary": "turn,anti,~C2'-endo,non-pair-contact,internal-loop,A-minor,phosphate",
            "alpha": 137.0,
            "beta": -165.2,
            "gamma": 45.2,
            "delta": 141.5,
            "epsilon": -106.5,
            "zeta": -116.4,
            "epsilon_zeta": 10.0,
            "bb_type": "--",
            "chi": -137.5,
            "glyco_bond": "anti",
            "C5prime_xyz": [
                -1.775,
                8.833,
                -0.335
            ],
            "P_xyz": [
                0.148,
                9.854,
                1.157
            ],
            "form": ".",
            "ssZp": 1.46,
            "Dp": 1.45,
            "splay_angle": 43.493,
            "splay_distance": 7.93,
            "splay_ratio": 0.373,
            "eta": 53.1,
            "theta": -126.2,
            "eta_prime": 106.4,
            "theta_prime": -137.0,
            "eta_base": 98.5,
            "theta_base": -125.4,
            "v0": -23.7,
            "v1": 33.5,
            "v2": -30.3,
            "v3": 17.3,
            "v4": 3.9,
            "amplitude": 33.5,
            "phase_angle": 154.8,
            "puckering": "C2'-endo",
            "sugar_class": "~C2'-endo",
            "bin": "trig",
            "cluster": "!!",
            "suiteness": 0.0,
            "filter_rmsd": 0.035,
            "frame": {
                "rmsd": 0.018,
                "origin": [
                    198.218,
                    -78.075,
                    -8.752
                ],
                "x_axis": [
                    0.22,
                    0.226,
                    -0.949
                ],
                "y_axis": [
                    -0.94,
                    0.31,
                    -0.144
                ],
                "z_axis": [
                    0.261,
                    0.924,
                    0.28
                ],
                "quaternion": [
                    0.673,
                    -0.397,
                    0.45,
                    0.433
                ]
            },
            "sse": {
                "sse": null
            },
            "binding_protein": null,
            "binding_ion": "MG",
            "binding_small-molecule": true,
            "TotalAsa": 246.72844441672774,
            "PolarAsa": 179.92919942161177,
            "ApolarAsa": 66.79924499511598,
            "id": "2mis.A.8"
        },
        {
            "index": 9,
            "index_chain": 9,
            "chain_name": "A",
            "nt_resnum": 9,
            "nt_name": "G",
            "nt_code": "G",
            "nt_id": "A.G9",
            "nt_type": "RNA",
            "dbn": ".",
            "summary": "anti,~C3'-endo,BI,non-canonical,non-pair-contact,helix,multiplet,internal-loop,A-minor,phosphate",
            "alpha": -63.1,
            "beta": 73.7,
            "gamma": -164.4,
            "delta": 91.7,
            "epsilon": -165.5,
            "zeta": -94.1,
            "epsilon_zeta": -71.4,
            "bb_type": "BI",
            "chi": -146.4,
            "glyco_bond": "anti",
            "C5prime_xyz": [
                -2.05,
                9.088,
                -0.398
            ],
            "P_xyz": [
                -3.928,
                10.226,
                -1.861
            ],
            "form": ".",
            "ssZp": 3.74,
            "Dp": 3.84,
            "splay_angle": 42.093,
            "splay_distance": 6.642,
            "splay_ratio": 0.362,
            "eta": -79.8,
            "theta": 112.7,
            "eta_prime": -88.3,
            "theta_prime": 146.8,
            "eta_base": -73.1,
            "theta_base": -168.6,
            "v0": -21.6,
            "v1": 0.0,
            "v2": 19.4,
            "v3": -32.8,
            "v4": 34.3,
            "amplitude": 34.8,
            "phase_angle": 56.0,
            "puckering": "C4'-exo",
            "sugar_class": "~C3'-endo",
            "bin": "23t",
            "cluster": "!!",
            "suiteness": 0.0,
            "filter_rmsd": 0.016,
            "frame": {
                "rmsd": 0.016,
                "origin": [
                    200.396,
                    -73.078,
                    -2.992
                ],
                "x_axis": [
                    0.131,
                    0.599,
                    0.79
                ],
                "y_axis": [
                    -0.955,
                    -0.139,
                    0.264
                ],
                "z_axis": [
                    0.268,
                    -0.789,
                    0.553
                ],
                "quaternion": [
                    0.622,
                    0.423,
                    -0.21,
                    0.625
                ]
            },
            "sse": {
                "sse": null
            },
            "binding_protein": null,
            "binding_ion": "MG",
            "binding_small-molecule": true,
            "TotalAsa": 155.2746048859694,
            "PolarAsa": 111.56585495530278,
            "ApolarAsa": 43.70874993066663,
            "id": "2mis.A.9"
        }
    ],
    "links": [
        {
            "LW": "B53",
            "backbone": true,
            "source": "2mis.A.1",
            "target": "2mis.A.2"
        },
        {
            "index": 1,
            "nt1": "A.G1",
            "nt2": "A.C26",
            "bp": "G-C",
            "name": "WC",
            "Saenger": "19-XIX",
            "LW": "cWW",
            "DSSR": "cW-W",
            "source": "2mis.A.1",
            "target": "2mis.A.26"
        },
        {
            "LW": "B53",
            "backbone": true,
            "source": "2mis.A.10",
            "target": "2mis.A.11"
        },
        {
            "LW": "B35",
            "backbone": true,
            "source": "2mis.A.10",
            "target": "2mis.A.9"
        },
        {
            "index": 9,
            "nt1": "A.C10",
            "nt2": "A.G19",
            "bp": "C-G",
            "name": "WC",
            "Saenger": "19-XIX",
            "LW": "cWW",
            "DSSR": "cW-W",
            "source": "2mis.A.10",
            "target": "2mis.A.19"
        },
        {
            "LW": "B53",
            "backbone": true,
            "source": "2mis.A.11",
            "target": "2mis.A.12"
        },
        {
            "LW": "B35",
            "backbone": true,
            "source": "2mis.A.11",
            "target": "2mis.A.10"
        },
        {
            "index": 10,
            "nt1": "A.A11",
            "nt2": "A.U18",
            "bp": "A-U",
            "name": "WC",
            "Saenger": "20-XX",
            "LW": "cWW",
            "DSSR": "cW-W",
            "source": "2mis.A.11",
            "target": "2mis.A.18"
        },
        {
            "LW": "B53",
            "backbone": true,
            "source": "2mis.A.12",
            "target": "2mis.A.13"
        },
        {
            "LW": "B35",
            "backbone": true,
            "source": "2mis.A.12",
            "target": "2mis.A.11"
        },
        {
            "index": 11,
            "nt1": "A.C12",
            "nt2": "A.G17",
            "bp": "C-G",
            "name": "WC",
            "Saenger": "19-XIX",
            "LW": "cWW",
            "DSSR": "cW-W",
            "source": "2mis.A.12",
            "target": "2mis.A.17"
        },
        {
            "LW": "B53",
            "backbone": true,
            "source": "2mis.A.13",
            "target": "2mis.A.14"
        },
        {
            "LW": "B35",
            "backbone": true,
            "source": "2mis.A.13",
            "target": "2mis.A.12"
        },
        {
            "index": 12,
            "nt1": "A.G13",
            "nt2": "A.A16",
            "bp": "G-A",
            "name": "Sheared",
            "Saenger": "11-XI",
            "LW": "tSH",
            "DSSR": "tm-M",
            "source": "2mis.A.13",
            "target": "2mis.A.16"
        },
        {
            "LW": "B53",
            "backbone": true,
            "source": "2mis.A.14",
            "target": "2mis.A.15"
        },
        {
            "LW": "B35",
            "backbone": true,
            "source": "2mis.A.14",
            "target": "2mis.A.13"
        },
        {
            "LW": "B53",
            "backbone": true,
            "source": "2mis.A.15",
            "target": "2mis.A.16"
        },
        {
            "LW": "B35",
            "backbone": true,
            "source": "2mis.A.15",
            "target": "2mis.A.14"
        },
        {
            "LW": "B53",
            "backbone": true,
            "source": "2mis.A.16",
            "target": "2mis.A.17"
        },
        {
            "LW": "B35",
            "backbone": true,
            "source": "2mis.A.16",
            "target": "2mis.A.15"
        },
        {
            "index": 12,
            "nt1": "A.A16",
            "nt2": "A.G13",
            "bp": "A-G",
            "name": "Sheared",
            "Saenger": "11-XI",
            "LW": "tHS",
            "DSSR": "tm-M",
            "source": "2mis.A.16",
            "target": "2mis.A.13"
        },
        {
            "LW": "B53",
            "backbone": true,
            "source": "2mis.A.17",
            "target": "2mis.A.18"
        },
        {
            "LW": "B35",
            "backbone": true,
            "source": "2mis.A.17",
            "target": "2mis.A.16"
        },
        {
            "index": 11,
            "nt1": "A.G17",
            "nt2": "A.C12",
            "bp": "G-C",
            "name": "WC",
            "Saenger": "19-XIX",
            "LW": "cWW",
            "DSSR": "cW-W",
            "source": "2mis.A.17",
            "target": "2mis.A.12"
        },
        {
            "LW": "B53",
            "backbone": true,
            "source": "2mis.A.18",
            "target": "2mis.A.19"
        },
        {
            "LW": "B35",
            "backbone": true,
            "source": "2mis.A.18",
            "target": "2mis.A.17"
        },
        {
            "index": 10,
            "nt1": "A.U18",
            "nt2": "A.A11",
            "bp": "U-A",
            "name": "WC",
            "Saenger": "20-XX",
            "LW": "cWW",
            "DSSR": "cW-W",
            "source": "2mis.A.18",
            "target": "2mis.A.11"
        },
        {
            "LW": "B53",
            "backbone": true,
            "source": "2mis.A.19",
            "target": "2mis.A.20"
        },
        {
            "LW": "B35",
            "backbone": true,
            "source": "2mis.A.19",
            "target": "2mis.A.18"
        },
        {
            "index": 9,
            "nt1": "A.G19",
            "nt2": "A.C10",
            "bp": "G-C",
            "name": "WC",
            "Saenger": "19-XIX",
            "LW": "cWW",
            "DSSR": "cW-W",
            "source": "2mis.A.19",
            "target": "2mis.A.10"
        },
        {
            "LW": "B53",
            "backbone": true,
            "source": "2mis.A.2",
            "target": "2mis.A.3"
        },
        {
            "LW": "B35",
            "backbone": true,
            "source": "2mis.A.2",
            "target": "2mis.A.1"
        },
        {
            "index": 2,
            "nt1": "A.A2",
            "nt2": "A.U25",
            "bp": "A-U",
            "name": "WC",
            "Saenger": "20-XX",
            "LW": "cWW",
            "DSSR": "cW-W",
            "source": "2mis.A.2",
            "target": "2mis.A.25"
        },
        {
            "LW": "B53",
            "backbone": true,
            "source": "2mis.A.20",
            "target": "2mis.A.21"
        },
        {
            "LW": "B35",
            "backbone": true,
            "source": "2mis.A.20",
            "target": "2mis.A.19"
        },
        {
            "index": 8,
            "nt1": "A.A20",
            "nt2": "A.G9",
            "bp": "A-G",
            "name": "--",
            "Saenger": "--",
            "LW": "cWW",
            "DSSR": "cW-W",
            "source": "2mis.A.20",
            "target": "2mis.A.9"
        },
        {
            "LW": "B53",
            "backbone": true,
            "source": "2mis.A.21",
            "target": "2mis.A.22"
        },
        {
            "LW": "B35",
            "backbone": true,
            "source": "2mis.A.21",
            "target": "2mis.A.20"
        },
        {
            "index": 6,
            "nt1": "A.C21",
            "nt2": "A.G6",
            "bp": "C-G",
            "name": "WC",
            "Saenger": "19-XIX",
            "LW": "cWW",
            "DSSR": "cW-W",
            "source": "2mis.A.21",
            "target": "2mis.A.6"
        },
        {
            "LW": "B53",
            "backbone": true,
            "source": "2mis.A.22",
            "target": "2mis.A.23"
        },
        {
            "LW": "B35",
            "backbone": true,
            "source": "2mis.A.22",
            "target": "2mis.A.21"
        },
        {
            "index": 5,
            "nt1": "A.G22",
            "nt2": "A.U5",
            "bp": "G-U",
            "name": "Wobble",
            "Saenger": "28-XXVIII",
            "LW": "cWW",
            "DSSR": "cW-W",
            "source": "2mis.A.22",
            "target": "2mis.A.5"
        },
        {
            "LW": "B53",
            "backbone": true,
            "source": "2mis.A.23",
            "target": "2mis.A.24"
        },
        {
            "LW": "B35",
            "backbone": true,
            "source": "2mis.A.23",
            "target": "2mis.A.22"
        },
        {
            "index": 4,
            "nt1": "A.G23",
            "nt2": "A.C4",
            "bp": "G-C",
            "name": "WC",
            "Saenger": "19-XIX",
            "LW": "cWW",
            "DSSR": "cW-W",
            "source": "2mis.A.23",
            "target": "2mis.A.4"
        },
        {
            "LW": "B53",
            "backbone": true,
            "source": "2mis.A.24",
            "target": "2mis.A.25"
        },
        {
            "LW": "B35",
            "backbone": true,
            "source": "2mis.A.24",
            "target": "2mis.A.23"
        },
        {
            "index": 3,
            "nt1": "A.C24",
            "nt2": "A.G3",
            "bp": "C-G",
            "name": "WC",
            "Saenger": "19-XIX",
            "LW": "cWW",
            "DSSR": "cW-W",
            "source": "2mis.A.24",
            "target": "2mis.A.3"
        },
        {
            "LW": "B53",
            "backbone": true,
            "source": "2mis.A.25",
            "target": "2mis.A.26"
        },
        {
            "LW": "B35",
            "backbone": true,
            "source": "2mis.A.25",
            "target": "2mis.A.24"
        },
        {
            "index": 2,
            "nt1": "A.U25",
            "nt2": "A.A2",
            "bp": "U-A",
            "name": "WC",
            "Saenger": "20-XX",
            "LW": "cWW",
            "DSSR": "cW-W",
            "source": "2mis.A.25",
            "target": "2mis.A.2"
        },
        {
            "LW": "B35",
            "backbone": true,
            "source": "2mis.A.26",
            "target": "2mis.A.25"
        },
        {
            "index": 1,
            "nt1": "A.C26",
            "nt2": "A.G1",
            "bp": "C-G",
            "name": "WC",
            "Saenger": "19-XIX",
            "LW": "cWW",
            "DSSR": "cW-W",
            "source": "2mis.A.26",
            "target": "2mis.A.1"
        },
        {
            "LW": "B53",
            "backbone": true,
            "source": "2mis.A.3",
            "target": "2mis.A.4"
        },
        {
            "LW": "B35",
            "backbone": true,
            "source": "2mis.A.3",
            "target": "2mis.A.2"
        },
        {
            "index": 3,
            "nt1": "A.G3",
            "nt2": "A.C24",
            "bp": "G-C",
            "name": "WC",
            "Saenger": "19-XIX",
            "LW": "cWW",
            "DSSR": "cW-W",
            "source": "2mis.A.3",
            "target": "2mis.A.24"
        },
        {
            "LW": "B53",
            "backbone": true,
            "source": "2mis.A.4",
            "target": "2mis.A.5"
        },
        {
            "LW": "B35",
            "backbone": true,
            "source": "2mis.A.4",
            "target": "2mis.A.3"
        },
        {
            "index": 4,
            "nt1": "A.C4",
            "nt2": "A.G23",
            "bp": "C-G",
            "name": "WC",
            "Saenger": "19-XIX",
            "LW": "cWW",
            "DSSR": "cW-W",
            "source": "2mis.A.4",
            "target": "2mis.A.23"
        },
        {
            "LW": "B53",
            "backbone": true,
            "source": "2mis.A.5",
            "target": "2mis.A.6"
        },
        {
            "LW": "B35",
            "backbone": true,
            "source": "2mis.A.5",
            "target": "2mis.A.4"
        },
        {
            "index": 5,
            "nt1": "A.U5",
            "nt2": "A.G22",
            "bp": "U-G",
            "name": "Wobble",
            "Saenger": "28-XXVIII",
            "LW": "cWW",
            "DSSR": "cW-W",
            "source": "2mis.A.5",
            "target": "2mis.A.22"
        },
        {
            "LW": "B53",
            "backbone": true,
            "source": "2mis.A.6",
            "target": "2mis.A.7"
        },
        {
            "LW": "B35",
            "backbone": true,
            "source": "2mis.A.6",
            "target": "2mis.A.5"
        },
        {
            "index": 6,
            "nt1": "A.G6",
            "nt2": "A.C21",
            "bp": "G-C",
            "name": "WC",
            "Saenger": "19-XIX",
            "LW": "cWW",
            "DSSR": "cW-W",
            "source": "2mis.A.6",
            "target": "2mis.A.21"
        },
        {
            "LW": "B53",
            "backbone": true,
            "source": "2mis.A.7",
            "target": "2mis.A.8"
        },
        {
            "LW": "B35",
            "backbone": true,
            "source": "2mis.A.7",
            "target": "2mis.A.6"
        },
        {
            "index": 7,
            "nt1": "A.C7",
            "nt2": "A.G9",
            "bp": "C+G",
            "name": "--",
            "Saenger": "--",
            "LW": "tHS",
            "DSSR": "tM+m",
            "source": "2mis.A.7",
            "target": "2mis.A.9"
        },
        {
            "LW": "B53",
            "backbone": true,
            "source": "2mis.A.8",
            "target": "2mis.A.9"
        },
        {
            "LW": "B35",
            "backbone": true,
            "source": "2mis.A.8",
            "target": "2mis.A.7"
        },
        {
            "LW": "B53",
            "backbone": true,
            "source": "2mis.A.9",
            "target": "2mis.A.10"
        },
        {
            "LW": "B35",
            "backbone": true,
            "source": "2mis.A.9",
            "target": "2mis.A.8"
        },
        {
            "index": 8,
            "nt1": "A.G9",
            "nt2": "A.A20",
            "bp": "G-A",
            "name": "--",
            "Saenger": "--",
            "LW": "cWW",
            "DSSR": "cW-W",
            "source": "2mis.A.9",
            "target": "2mis.A.20"
        },
        {
            "index": 7,
            "nt1": "A.G9",
            "nt2": "A.C7",
            "bp": "G+C",
            "name": "--",
            "Saenger": "--",
            "LW": "tSH",
            "DSSR": "tM+m",
            "source": "2mis.A.9",
            "target": "2mis.A.7"
        }
    ]
}