{
    "directed": true,
    "multigraph": false,
    "graph": {
        "dbn": {
            "all_chains": {
                "num_nts": 20,
                "num_chars": 20,
                "bseq": "ACUUGGUUUAGGUAAUGAGU",
                "sstr": "((((..(......)..))))",
                "form": "AA...AA........AAAA-"
            },
            "single_chains": {
                "m1_chain_A": {
                    "num_nts": 20,
                    "num_chars": 20,
                    "bseq": "ACUUGGUUUAGGUAAUGAGU",
                    "sstr": "((((..(......)..))))",
                    "form": "AA...AA........AAAA-"
                }
            }
        },
        "resolution_low": null,
        "resolution_high": null
    },
    "nodes": [
        {
            "index": 7,
            "index_chain": 7,
            "chain_name": "A",
            "nt_resnum": 10,
            "nt_name": "U",
            "nt_code": "U",
            "nt_id": "A.U10",
            "nt_type": "RNA",
            "dbn": "(",
            "summary": "anti,~C3'-endo,BI,isolated-canonical,non-pair-contact,helix,hairpin-loop,internal-loop,phosphate",
            "alpha": -62.6,
            "beta": 165.8,
            "gamma": 58.6,
            "delta": 91.2,
            "epsilon": -139.2,
            "zeta": -64.1,
            "epsilon_zeta": -75.1,
            "bb_type": "BI",
            "chi": -179.7,
            "glyco_bond": "anti",
            "C5prime_xyz": [
                -1.343,
                8.306,
                1.646
            ],
            "P_xyz": [
                1.282,
                8.43,
                1.959
            ],
            "form": "A",
            "ssZp": 4.61,
            "Dp": 4.68,
            "splay_angle": 23.693,
            "splay_distance": 3.799,
            "splay_ratio": 0.213,
            "eta": 176.2,
            "theta": -122.4,
            "eta_prime": -165.5,
            "theta_prime": -122.5,
            "eta_base": -116.8,
            "theta_base": -85.5,
            "v0": 9.5,
            "v1": -31.6,
            "v2": 41.0,
            "v3": -36.4,
            "v4": 16.9,
            "amplitude": 41.2,
            "phase_angle": 5.5,
            "puckering": "C3'-endo",
            "sugar_class": "~C3'-endo",
            "bin": "33p",
            "cluster": "1a",
            "suiteness": 0.592,
            "filter_rmsd": 0.097,
            "frame": {
                "rmsd": 0.013,
                "origin": [
                    -7.546,
                    -2.079,
                    -13.202
                ],
                "x_axis": [
                    -0.071,
                    0.233,
                    0.97
                ],
                "y_axis": [
                    -0.997,
                    0.02,
                    -0.078
                ],
                "z_axis": [
                    -0.037,
                    -0.972,
                    0.231
                ],
                "quaternion": [
                    0.543,
                    0.412,
                    -0.464,
                    0.566
                ]
            },
            "sse": {
                "sse": "hairpin_1"
            },
            "binding_protein": null,
            "binding_ion": null,
            "binding_small-molecule": true,
            "TotalAsa": 164.4578661993136,
            "PolarAsa": 123.98332023993903,
            "ApolarAsa": 40.47454595937455,
            "id": "2tob.A.10"
        },
        {
            "index": 8,
            "index_chain": 8,
            "chain_name": "A",
            "nt_resnum": 11,
            "nt_name": "U",
            "nt_code": "U",
            "nt_id": "A.U11",
            "nt_type": "RNA",
            "dbn": ".",
            "summary": "anti,BI,non-canonical,non-pair-contact,helix-end,hairpin-loop",
            "alpha": -67.2,
            "beta": 169.6,
            "gamma": 55.3,
            "delta": 90.9,
            "epsilon": -138.1,
            "zeta": -92.2,
            "epsilon_zeta": -45.9,
            "bb_type": "BI",
            "chi": -170.6,
            "glyco_bond": "anti",
            "C5prime_xyz": [
                -1.773,
                8.753,
                0.988
            ],
            "P_xyz": [
                0.743,
                9.37,
                1.546
            ],
            "form": ".",
            "ssZp": 4.28,
            "Dp": 4.38,
            "splay_angle": 15.699,
            "splay_distance": 2.97,
            "splay_ratio": 0.148,
            "eta": 170.5,
            "theta": -118.0,
            "eta_prime": -166.1,
            "theta_prime": -137.8,
            "eta_base": -106.6,
            "theta_base": -129.2,
            "v0": -6.6,
            "v1": -16.8,
            "v2": 32.4,
            "v3": -37.0,
            "v4": 27.4,
            "amplitude": 36.9,
            "phase_angle": 28.5,
            "puckering": "C3'-endo",
            "sugar_class": "--",
            "bin": "33t",
            "cluster": "!!",
            "suiteness": 0.0,
            "filter_rmsd": 0.099,
            "frame": {
                "rmsd": 0.012,
                "origin": [
                    -6.975,
                    -4.364,
                    -10.222
                ],
                "x_axis": [
                    -0.744,
                    0.179,
                    0.644
                ],
                "y_axis": [
                    -0.669,
                    -0.189,
                    -0.719
                ],
                "z_axis": [
                    -0.007,
                    -0.965,
                    0.26
                ],
                "quaternion": [
                    0.286,
                    0.215,
                    -0.569,
                    0.741
                ]
            },
            "sse": {
                "sse": "hairpin_1"
            },
            "binding_protein": null,
            "binding_ion": null,
            "binding_small-molecule": true,
            "TotalAsa": 157.28027854047744,
            "PolarAsa": 102.54080420440803,
            "ApolarAsa": 54.73947433606942,
            "id": "2tob.A.11"
        },
        {
            "index": 9,
            "index_chain": 9,
            "chain_name": "A",
            "nt_resnum": 12,
            "nt_name": "U",
            "nt_code": "U",
            "nt_id": "A.U12",
            "nt_type": "RNA",
            "dbn": ".",
            "summary": "u-turn,anti,~C3'-endo,non-pair-contact,hairpin-loop,cap-acceptor",
            "alpha": 117.9,
            "beta": -165.8,
            "gamma": 177.1,
            "delta": 88.0,
            "epsilon": -107.3,
            "zeta": -118.2,
            "epsilon_zeta": 10.9,
            "bb_type": "--",
            "chi": -168.8,
            "glyco_bond": "anti",
            "C5prime_xyz": [
                -0.902,
                8.399,
                1.055
            ],
            "P_xyz": [
                0.367,
                10.201,
                -0.413
            ],
            "form": ".",
            "ssZp": 4.57,
            "Dp": 4.87,
            "splay_angle": 66.175,
            "splay_distance": 9.979,
            "splay_ratio": 0.546,
            "eta": 133.7,
            "theta": -138.3,
            "eta_prime": 147.3,
            "theta_prime": -171.4,
            "eta_base": 176.4,
            "theta_base": 119.5,
            "v0": 14.5,
            "v1": -37.8,
            "v2": 46.3,
            "v3": -38.8,
            "v4": 15.1,
            "amplitude": 46.3,
            "phase_angle": 0.6,
            "puckering": "C3'-endo",
            "sugar_class": "~C3'-endo",
            "bin": "33t",
            "cluster": "!!",
            "suiteness": 0.0,
            "filter_rmsd": 0.098,
            "frame": {
                "rmsd": 0.012,
                "origin": [
                    -6.668,
                    -6.413,
                    -8.095
                ],
                "x_axis": [
                    -0.972,
                    0.234,
                    -0.029
                ],
                "y_axis": [
                    -0.076,
                    -0.425,
                    -0.902
                ],
                "z_axis": [
                    -0.224,
                    -0.874,
                    0.431
                ],
                "quaternion": [
                    0.092,
                    -0.075,
                    -0.528,
                    0.841
                ]
            },
            "sse": {
                "sse": "hairpin_1"
            },
            "binding_protein": null,
            "binding_ion": null,
            "binding_small-molecule": true,
            "TotalAsa": 150.41285356690332,
            "PolarAsa": 117.40897257625107,
            "ApolarAsa": 33.00388099065225,
            "id": "2tob.A.12"
        },
        {
            "index": 10,
            "index_chain": 10,
            "chain_name": "A",
            "nt_resnum": 13,
            "nt_name": "A",
            "nt_code": "A",
            "nt_id": "A.A13",
            "nt_type": "RNA",
            "dbn": ".",
            "summary": "turn,u-turn,anti,BI,non-pair-contact,hairpin-loop",
            "alpha": 135.1,
            "beta": -122.2,
            "gamma": 59.4,
            "delta": 93.0,
            "epsilon": -163.6,
            "zeta": -66.6,
            "epsilon_zeta": -97.0,
            "bb_type": "BI",
            "chi": -139.9,
            "glyco_bond": "anti",
            "C5prime_xyz": [
                -1.18,
                8.569,
                -0.704
            ],
            "P_xyz": [
                1.363,
                8.566,
                0.067
            ],
            "form": ".",
            "ssZp": 3.74,
            "Dp": 4.5,
            "splay_angle": 23.874,
            "splay_distance": 4.342,
            "splay_ratio": 0.214,
            "eta": 40.6,
            "theta": -135.8,
            "eta_prime": 63.2,
            "theta_prime": -136.4,
            "eta_base": 20.6,
            "theta_base": -121.2,
            "v0": 8.5,
            "v1": -29.9,
            "v2": 39.2,
            "v3": -34.9,
            "v4": 16.6,
            "amplitude": 39.4,
            "phase_angle": 6.2,
            "puckering": "C3'-endo",
            "sugar_class": "--",
            "bin": "33p",
            "cluster": "!!",
            "suiteness": 0.0,
            "filter_rmsd": 0.039,
            "frame": {
                "rmsd": 0.009,
                "origin": [
                    1.179,
                    -12.576,
                    -8.225
                ],
                "x_axis": [
                    0.504,
                    0.179,
                    -0.845
                ],
                "y_axis": [
                    -0.846,
                    -0.096,
                    -0.525
                ],
                "z_axis": [
                    -0.175,
                    0.979,
                    0.103
                ],
                "quaternion": [
                    0.615,
                    -0.612,
                    0.272,
                    0.417
                ]
            },
            "sse": {
                "sse": "hairpin_1"
            },
            "binding_protein": null,
            "binding_ion": null,
            "binding_small-molecule": null,
            "TotalAsa": 291.8590628163982,
            "PolarAsa": 185.16500902542867,
            "ApolarAsa": 106.69405379096955,
            "id": "2tob.A.13"
        },
        {
            "index": 11,
            "index_chain": 11,
            "chain_name": "A",
            "nt_resnum": 14,
            "nt_name": "G",
            "nt_code": "G",
            "nt_id": "A.G14",
            "nt_type": "RNA",
            "dbn": ".",
            "summary": "u-turn,anti,~C3'-endo,non-pair-contact,hairpin-loop,cap-donor,cap-acceptor,phosphate,splayed-apart",
            "alpha": -63.3,
            "beta": 160.6,
            "gamma": 62.6,
            "delta": 90.8,
            "epsilon": -121.5,
            "zeta": -127.1,
            "epsilon_zeta": 5.6,
            "bb_type": "--",
            "chi": -164.0,
            "glyco_bond": "anti",
            "C5prime_xyz": [
                -2.031,
                8.99,
                0.462
            ],
            "P_xyz": [
                0.467,
                9.89,
                0.503
            ],
            "form": ".",
            "ssZp": 3.83,
            "Dp": 4.11,
            "splay_angle": 105.552,
            "splay_distance": 14.19,
            "splay_ratio": 0.798,
            "eta": -175.5,
            "theta": -115.7,
            "eta_prime": -160.1,
            "theta_prime": -128.4,
            "eta_base": -132.4,
            "theta_base": -140.0,
            "v0": -15.7,
            "v1": -8.6,
            "v2": 27.9,
            "v3": -37.6,
            "v4": 33.6,
            "amplitude": 37.7,
            "phase_angle": 42.4,
            "puckering": "C4'-exo",
            "sugar_class": "~C3'-endo",
            "bin": "33t",
            "cluster": "1c",
            "suiteness": 0.158,
            "filter_rmsd": 0.006,
            "frame": {
                "rmsd": 0.006,
                "origin": [
                    2.202,
                    -8.913,
                    -10.319
                ],
                "x_axis": [
                    -0.125,
                    -0.256,
                    -0.959
                ],
                "y_axis": [
                    -0.959,
                    -0.216,
                    0.183
                ],
                "z_axis": [
                    -0.254,
                    0.942,
                    -0.218
                ],
                "quaternion": [
                    -0.332,
                    0.572,
                    -0.531,
                    -0.53
                ]
            },
            "sse": {
                "sse": "hairpin_1"
            },
            "binding_protein": null,
            "binding_ion": null,
            "binding_small-molecule": true,
            "TotalAsa": 172.30675133398788,
            "PolarAsa": 158.74318100537954,
            "ApolarAsa": 13.563570328608302,
            "id": "2tob.A.14"
        },
        {
            "index": 12,
            "index_chain": 12,
            "chain_name": "A",
            "nt_resnum": 15,
            "nt_name": "G",
            "nt_code": "G",
            "nt_id": "A.G15",
            "nt_type": "RNA",
            "dbn": ".",
            "summary": "turn,u-turn,syn,~C2'-endo,non-stack,non-canonical,non-pair-contact,multiplet,hairpin-loop,cap-acceptor,phosphate,splayed-apart",
            "alpha": 110.1,
            "beta": -66.3,
            "gamma": -85.1,
            "delta": 159.1,
            "epsilon": -164.0,
            "zeta": -145.7,
            "epsilon_zeta": -18.4,
            "bb_type": "--",
            "chi": 55.8,
            "glyco_bond": "syn",
            "C5prime_xyz": [
                -5.041,
                3.313,
                0.764
            ],
            "P_xyz": [
                -7.279,
                3.581,
                2.161
            ],
            "form": ".",
            "ssZp": -1.81,
            "Dp": 1.75,
            "splay_angle": 66.676,
            "splay_distance": 10.77,
            "splay_ratio": 0.55,
            "eta": -31.6,
            "theta": 120.5,
            "eta_prime": -29.3,
            "theta_prime": 95.2,
            "eta_base": -24.6,
            "theta_base": 64.7,
            "v0": -12.3,
            "v1": 31.8,
            "v2": -38.7,
            "v3": 32.3,
            "v4": -12.7,
            "amplitude": 38.7,
            "phase_angle": 180.5,
            "puckering": "C3'-exo",
            "sugar_class": "~C2'-endo",
            "bin": "trig",
            "cluster": "!!",
            "suiteness": 0.0,
            "filter_rmsd": 0.006,
            "frame": {
                "rmsd": 0.006,
                "origin": [
                    -5.299,
                    2.263,
                    -5.823
                ],
                "x_axis": [
                    0.2,
                    0.842,
                    -0.5
                ],
                "y_axis": [
                    0.703,
                    -0.479,
                    -0.526
                ],
                "z_axis": [
                    -0.683,
                    -0.246,
                    -0.688
                ],
                "quaternion": [
                    -0.091,
                    0.769,
                    0.502,
                    -0.384
                ]
            },
            "sse": {
                "sse": "hairpin_1"
            },
            "binding_protein": null,
            "binding_ion": null,
            "binding_small-molecule": true,
            "TotalAsa": 217.81201335070278,
            "PolarAsa": 145.71371519894262,
            "ApolarAsa": 72.09829815176016,
            "id": "2tob.A.15"
        },
        {
            "index": 13,
            "index_chain": 13,
            "chain_name": "A",
            "nt_resnum": 16,
            "nt_name": "U",
            "nt_code": "U",
            "nt_id": "A.U16",
            "nt_type": "RNA",
            "dbn": ".",
            "summary": "anti,~C3'-endo,BI,non-canonical,non-pair-contact,helix-end,hairpin-loop,cap-donor,phosphate",
            "alpha": 27.7,
            "beta": -144.5,
            "gamma": 176.9,
            "delta": 92.2,
            "epsilon": -132.2,
            "zeta": -74.8,
            "epsilon_zeta": -57.4,
            "bb_type": "BI",
            "chi": 177.5,
            "glyco_bond": "anti",
            "C5prime_xyz": [
                -1.021,
                8.047,
                1.83
            ],
            "P_xyz": [
                0.738,
                9.585,
                0.598
            ],
            "form": ".",
            "ssZp": 4.85,
            "Dp": 4.8,
            "splay_angle": 20.535,
            "splay_distance": 3.27,
            "splay_ratio": 0.193,
            "eta": 76.1,
            "theta": -149.9,
            "eta_prime": 60.8,
            "theta_prime": -145.9,
            "eta_base": 85.9,
            "theta_base": -107.7,
            "v0": 16.2,
            "v1": -36.8,
            "v2": 43.0,
            "v3": -34.5,
            "v4": 11.4,
            "amplitude": 43.1,
            "phase_angle": 356.9,
            "puckering": "C2'-exo",
            "sugar_class": "~C3'-endo",
            "bin": "trig",
            "cluster": "!!",
            "suiteness": 0.0,
            "filter_rmsd": 0.098,
            "frame": {
                "rmsd": 0.013,
                "origin": [
                    -6.183,
                    -5.244,
                    -13.494
                ],
                "x_axis": [
                    -0.659,
                    0.37,
                    0.655
                ],
                "y_axis": [
                    0.673,
                    -0.098,
                    0.733
                ],
                "z_axis": [
                    0.335,
                    0.924,
                    -0.185
                ],
                "quaternion": [
                    -0.121,
                    0.395,
                    0.661,
                    0.627
                ]
            },
            "sse": {
                "sse": "hairpin_1"
            },
            "binding_protein": null,
            "binding_ion": null,
            "binding_small-molecule": true,
            "TotalAsa": 93.63820150927138,
            "PolarAsa": 74.49062535680945,
            "ApolarAsa": 19.147576152461934,
            "id": "2tob.A.16"
        },
        {
            "index": 14,
            "index_chain": 14,
            "chain_name": "A",
            "nt_resnum": 17,
            "nt_name": "A",
            "nt_code": "A",
            "nt_id": "A.A17",
            "nt_type": "RNA",
            "dbn": ")",
            "summary": "anti,~C3'-endo,BI,isolated-canonical,non-pair-contact,helix,hairpin-loop,internal-loop",
            "alpha": -53.8,
            "beta": 149.1,
            "gamma": 62.5,
            "delta": 89.2,
            "epsilon": -106.9,
            "zeta": -33.0,
            "epsilon_zeta": -73.9,
            "bb_type": "BI",
            "chi": -170.5,
            "glyco_bond": "anti",
            "C5prime_xyz": [
                -1.951,
                8.746,
                0.945
            ],
            "P_xyz": [
                0.63,
                9.343,
                0.937
            ],
            "form": ".",
            "ssZp": 4.0,
            "Dp": 4.4,
            "splay_angle": 20.336,
            "splay_distance": 3.548,
            "splay_ratio": 0.179,
            "eta": -176.9,
            "theta": -108.3,
            "eta_prime": -154.4,
            "theta_prime": -136.2,
            "eta_base": -99.9,
            "theta_base": -131.1,
            "v0": -6.2,
            "v1": -18.7,
            "v2": 35.0,
            "v3": -39.4,
            "v4": 28.7,
            "amplitude": 39.4,
            "phase_angle": 27.3,
            "puckering": "C3'-endo",
            "sugar_class": "~C3'-endo",
            "bin": "33p",
            "cluster": "!!",
            "suiteness": 0.0,
            "filter_rmsd": 0.039,
            "frame": {
                "rmsd": 0.009,
                "origin": [
                    -7.599,
                    -2.297,
                    -13.41
                ],
                "x_axis": [
                    -0.02,
                    0.186,
                    0.982
                ],
                "y_axis": [
                    0.983,
                    -0.178,
                    0.053
                ],
                "z_axis": [
                    0.185,
                    0.966,
                    -0.179
                ],
                "quaternion": [
                    -0.395,
                    0.578,
                    0.505,
                    0.505
                ]
            },
            "sse": {
                "sse": "hairpin_1"
            },
            "binding_protein": null,
            "binding_ion": null,
            "binding_small-molecule": true,
            "TotalAsa": 149.6248206818831,
            "PolarAsa": 91.78028207313662,
            "ApolarAsa": 57.844538608746475,
            "id": "2tob.A.17"
        },
        {
            "index": 15,
            "index_chain": 15,
            "chain_name": "A",
            "nt_resnum": 18,
            "nt_name": "A",
            "nt_code": "A",
            "nt_id": "A.A18",
            "nt_type": "RNA",
            "dbn": ".",
            "summary": "anti,~C3'-endo,non-canonical,non-pair-contact,helix,internal-loop",
            "alpha": -99.1,
            "beta": 42.8,
            "gamma": 162.9,
            "delta": 92.6,
            "epsilon": -96.4,
            "zeta": -33.8,
            "epsilon_zeta": -62.6,
            "bb_type": "--",
            "chi": 170.8,
            "glyco_bond": "anti",
            "C5prime_xyz": [
                -1.25,
                7.872,
                2.189
            ],
            "P_xyz": [
                -1.551,
                9.852,
                0.413
            ],
            "form": ".",
            "ssZp": 4.78,
            "Dp": 4.76,
            "splay_angle": 20.015,
            "splay_distance": 3.765,
            "splay_ratio": 0.194,
            "eta": 158.9,
            "theta": -163.7,
            "eta_prime": 159.1,
            "theta_prime": -161.3,
            "eta_base": -179.2,
            "theta_base": -148.7,
            "v0": 13.9,
            "v1": -34.2,
            "v2": 41.4,
            "v3": -34.2,
            "v4": 12.7,
            "amplitude": 41.4,
            "phase_angle": 359.4,
            "puckering": "C2'-exo",
            "sugar_class": "~C3'-endo",
            "bin": "33t",
            "cluster": "1e",
            "suiteness": 0.01,
            "filter_rmsd": 0.039,
            "frame": {
                "rmsd": 0.01,
                "origin": [
                    -8.723,
                    0.863,
                    -14.566
                ],
                "x_axis": [
                    0.157,
                    -0.055,
                    0.986
                ],
                "y_axis": [
                    0.972,
                    -0.171,
                    -0.164
                ],
                "z_axis": [
                    0.177,
                    0.984,
                    0.026
                ],
                "quaternion": [
                    0.503,
                    -0.57,
                    -0.402,
                    -0.51
                ]
            },
            "sse": {
                "sse": null
            },
            "binding_protein": null,
            "binding_ion": null,
            "binding_small-molecule": true,
            "TotalAsa": 174.17400325437225,
            "PolarAsa": 134.73041110763387,
            "ApolarAsa": 39.443592146738375,
            "id": "2tob.A.18"
        },
        {
            "index": 16,
            "index_chain": 16,
            "chain_name": "A",
            "nt_resnum": 19,
            "nt_name": "U",
            "nt_code": "U",
            "nt_id": "A.U19",
            "nt_type": "RNA",
            "dbn": ".",
            "summary": "anti,~C3'-endo,BI,non-canonical,non-pair-contact,helix,internal-loop",
            "alpha": -100.2,
            "beta": 64.1,
            "gamma": 174.6,
            "delta": 97.2,
            "epsilon": -125.6,
            "zeta": -82.6,
            "epsilon_zeta": -43.0,
            "bb_type": "BI",
            "chi": 176.7,
            "glyco_bond": "anti",
            "C5prime_xyz": [
                -1.25,
                8.096,
                1.899
            ],
            "P_xyz": [
                -1.766,
                10.377,
                0.625
            ],
            "form": "A",
            "ssZp": 4.62,
            "Dp": 4.64,
            "splay_angle": 25.203,
            "splay_distance": 4.124,
            "splay_ratio": 0.223,
            "eta": -173.0,
            "theta": -169.7,
            "eta_prime": -168.3,
            "theta_prime": -163.7,
            "eta_base": -142.7,
            "theta_base": -109.3,
            "v0": 11.5,
            "v1": -29.6,
            "v2": 36.1,
            "v3": -30.1,
            "v4": 11.7,
            "amplitude": 36.1,
            "phase_angle": 0.4,
            "puckering": "C3'-endo",
            "sugar_class": "~C3'-endo",
            "bin": "33t",
            "cluster": "!!",
            "suiteness": 0.0,
            "filter_rmsd": 0.099,
            "frame": {
                "rmsd": 0.011,
                "origin": [
                    -10.491,
                    3.716,
                    -12.861
                ],
                "x_axis": [
                    0.429,
                    -0.007,
                    0.903
                ],
                "y_axis": [
                    0.903,
                    0.024,
                    -0.429
                ],
                "z_axis": [
                    -0.019,
                    1.0,
                    0.017
                ],
                "quaternion": [
                    0.606,
                    -0.589,
                    -0.38,
                    -0.375
                ]
            },
            "sse": {
                "sse": null
            },
            "binding_protein": null,
            "binding_ion": null,
            "binding_small-molecule": true,
            "TotalAsa": 170.00472985811882,
            "PolarAsa": 124.52490345552577,
            "ApolarAsa": 45.479826402593055,
            "id": "2tob.A.19"
        },
        {
            "index": 17,
            "index_chain": 17,
            "chain_name": "A",
            "nt_resnum": 20,
            "nt_name": "G",
            "nt_code": "G",
            "nt_id": "A.G20",
            "nt_type": "RNA",
            "dbn": ")",
            "summary": "anti,~C3'-endo,BI,canonical,non-pair-contact,helix,stem-end,multiplet,internal-loop",
            "alpha": 119.6,
            "beta": -163.8,
            "gamma": 179.7,
            "delta": 97.1,
            "epsilon": -142.8,
            "zeta": -51.6,
            "epsilon_zeta": -91.3,
            "bb_type": "BI",
            "chi": 165.8,
            "glyco_bond": "anti",
            "C5prime_xyz": [
                -1.031,
                7.525,
                2.35
            ],
            "P_xyz": [
                0.817,
                9.385,
                1.978
            ],
            "form": "A",
            "ssZp": 4.63,
            "Dp": 4.76,
            "splay_angle": 23.617,
            "splay_distance": 3.553,
            "splay_ratio": 0.213,
            "eta": 132.0,
            "theta": -136.0,
            "eta_prime": 160.7,
            "theta_prime": -132.8,
            "eta_base": -120.3,
            "theta_base": -83.9,
            "v0": 23.3,
            "v1": -40.9,
            "v2": 43.1,
            "v3": -30.5,
            "v4": 4.6,
            "amplitude": 44.1,
            "phase_angle": 347.6,
            "puckering": "C2'-exo",
            "sugar_class": "~C3'-endo",
            "bin": "33t",
            "cluster": "1c",
            "suiteness": 0.028,
            "filter_rmsd": 0.007,
            "frame": {
                "rmsd": 0.007,
                "origin": [
                    -9.769,
                    6.736,
                    -10.147
                ],
                "x_axis": [
                    0.95,
                    -0.234,
                    0.205
                ],
                "y_axis": [
                    0.212,
                    0.005,
                    -0.977
                ],
                "z_axis": [
                    0.228,
                    0.972,
                    0.054
                ],
                "quaternion": [
                    0.709,
                    -0.688,
                    0.008,
                    -0.157
                ]
            },
            "sse": {
                "sse": null
            },
            "binding_protein": null,
            "binding_ion": null,
            "binding_small-molecule": true,
            "TotalAsa": 177.7617820296176,
            "PolarAsa": 141.53510570575438,
            "ApolarAsa": 36.226676323863224,
            "id": "2tob.A.20"
        },
        {
            "index": 18,
            "index_chain": 18,
            "chain_name": "A",
            "nt_resnum": 21,
            "nt_name": "A",
            "nt_code": "A",
            "nt_id": "A.A21",
            "nt_type": "RNA",
            "dbn": ")",
            "summary": "anti,~C3'-endo,BI,canonical,non-pair-contact,helix,stem",
            "alpha": -98.1,
            "beta": -151.9,
            "gamma": 53.2,
            "delta": 95.0,
            "epsilon": -168.8,
            "zeta": -71.0,
            "epsilon_zeta": -97.7,
            "bb_type": "BI",
            "chi": -159.1,
            "glyco_bond": "anti",
            "C5prime_xyz": [
                -1.097,
                8.542,
                0.498
            ],
            "P_xyz": [
                1.405,
                8.601,
                1.391
            ],
            "form": "A",
            "ssZp": 4.28,
            "Dp": 4.41,
            "splay_angle": 20.554,
            "splay_distance": 3.598,
            "splay_ratio": 0.189,
            "eta": 157.9,
            "theta": -119.6,
            "eta_prime": -175.6,
            "theta_prime": -131.9,
            "eta_base": -106.8,
            "theta_base": -112.8,
            "v0": 10.1,
            "v1": -29.6,
            "v2": 37.3,
            "v3": -32.2,
            "v4": 13.9,
            "amplitude": 37.4,
            "phase_angle": 3.2,
            "puckering": "C3'-endo",
            "sugar_class": "~C3'-endo",
            "bin": "33p",
            "cluster": "1a",
            "suiteness": 0.109,
            "filter_rmsd": 0.038,
            "frame": {
                "rmsd": 0.01,
                "origin": [
                    -8.125,
                    9.01,
                    -7.969
                ],
                "x_axis": [
                    0.8,
                    -0.167,
                    -0.577
                ],
                "y_axis": [
                    -0.532,
                    0.249,
                    -0.81
                ],
                "z_axis": [
                    0.279,
                    0.954,
                    0.11
                ],
                "quaternion": [
                    0.735,
                    -0.6,
                    0.291,
                    0.124
                ]
            },
            "sse": {
                "sse": null
            },
            "binding_protein": null,
            "binding_ion": null,
            "binding_small-molecule": null,
            "TotalAsa": 174.59916866378236,
            "PolarAsa": 129.80575480464552,
            "ApolarAsa": 44.793413859136805,
            "id": "2tob.A.21"
        },
        {
            "index": 19,
            "index_chain": 19,
            "chain_name": "A",
            "nt_resnum": 22,
            "nt_name": "G",
            "nt_code": "G",
            "nt_id": "A.G22",
            "nt_type": "RNA",
            "dbn": ")",
            "summary": "anti,~C3'-endo,BI,canonical,non-pair-contact,helix,stem",
            "alpha": 139.9,
            "beta": -170.7,
            "gamma": 179.0,
            "delta": 95.1,
            "epsilon": -168.2,
            "zeta": -94.0,
            "epsilon_zeta": -74.2,
            "bb_type": "BI",
            "chi": -176.4,
            "glyco_bond": "anti",
            "C5prime_xyz": [
                -0.969,
                8.241,
                1.492
            ],
            "P_xyz": [
                0.628,
                10.104,
                0.501
            ],
            "form": "A",
            "ssZp": 4.54,
            "Dp": 4.51,
            "splay_angle": 21.553,
            "splay_distance": 3.304,
            "splay_ratio": 0.19,
            "eta": 161.5,
            "theta": -164.7,
            "eta_prime": 179.4,
            "theta_prime": -154.9,
            "eta_base": -135.0,
            "theta_base": -121.0,
            "v0": 15.2,
            "v1": -34.2,
            "v2": 39.9,
            "v3": -31.9,
            "v4": 10.5,
            "amplitude": 40.0,
            "phase_angle": 356.7,
            "puckering": "C2'-exo",
            "sugar_class": "~C3'-endo",
            "bin": "33t",
            "cluster": "1c",
            "suiteness": 0.288,
            "filter_rmsd": 0.008,
            "frame": {
                "rmsd": 0.008,
                "origin": [
                    -5.21,
                    10.971,
                    -7.196
                ],
                "x_axis": [
                    0.357,
                    -0.021,
                    -0.934
                ],
                "y_axis": [
                    -0.86,
                    0.384,
                    -0.337
                ],
                "z_axis": [
                    0.365,
                    0.923,
                    0.119
                ],
                "quaternion": [
                    0.682,
                    -0.462,
                    0.476,
                    0.308
                ]
            },
            "sse": {
                "sse": null
            },
            "binding_protein": null,
            "binding_ion": null,
            "binding_small-molecule": null,
            "TotalAsa": 179.56965190297015,
            "PolarAsa": 139.01629964622785,
            "ApolarAsa": 40.55335225674229,
            "id": "2tob.A.22"
        },
        {
            "index": 20,
            "index_chain": 20,
            "chain_name": "A",
            "nt_resnum": 23,
            "nt_name": "U",
            "nt_code": "U",
            "nt_id": "A.U23",
            "nt_type": "RNA",
            "dbn": ")",
            "summary": "anti,~C2'-endo,canonical,non-pair-contact,helix-end,stem-end",
            "alpha": 156.7,
            "beta": -133.0,
            "gamma": 176.2,
            "delta": 157.7,
            "epsilon": null,
            "zeta": null,
            "epsilon_zeta": null,
            "bb_type": "--",
            "chi": -162.9,
            "glyco_bond": "anti",
            "C5prime_xyz": [
                -1.869,
                8.38,
                1.259
            ],
            "P_xyz": [
                0.682,
                8.953,
                0.84
            ],
            "form": "-",
            "ssZp": null,
            "Dp": null,
            "splay_angle": null,
            "splay_distance": null,
            "splay_ratio": null,
            "eta": null,
            "theta": null,
            "eta_prime": null,
            "theta_prime": null,
            "eta_base": null,
            "theta_base": null,
            "v0": -17.6,
            "v1": 38.2,
            "v2": -43.4,
            "v3": 34.0,
            "v4": -10.5,
            "amplitude": 43.6,
            "phase_angle": 175.2,
            "puckering": "C2'-endo",
            "sugar_class": "~C2'-endo",
            "bin": "32t",
            "cluster": "1t",
            "suiteness": 0.098,
            "filter_rmsd": 0.099,
            "frame": {
                "rmsd": 0.011,
                "origin": [
                    -2.64,
                    13.02,
                    -7.538
                ],
                "x_axis": [
                    -0.253,
                    0.229,
                    -0.94
                ],
                "y_axis": [
                    -0.852,
                    0.408,
                    0.328
                ],
                "z_axis": [
                    0.459,
                    0.884,
                    0.092
                ],
                "quaternion": [
                    0.558,
                    -0.249,
                    0.626,
                    0.484
                ]
            },
            "sse": {
                "sse": null
            },
            "binding_protein": null,
            "binding_ion": null,
            "binding_small-molecule": null,
            "TotalAsa": 271.8355558292609,
            "PolarAsa": 173.93835076560742,
            "ApolarAsa": 97.89720506365347,
            "id": "2tob.A.23"
        },
        {
            "index": 1,
            "index_chain": 1,
            "chain_name": "A",
            "nt_resnum": 4,
            "nt_name": "A",
            "nt_code": "A",
            "nt_id": "A.A4",
            "nt_type": "RNA",
            "dbn": "(",
            "summary": "anti,~C3'-endo,BI,canonical,non-pair-contact,helix-end,stem-end",
            "alpha": null,
            "beta": null,
            "gamma": -58.5,
            "delta": 87.8,
            "epsilon": -173.9,
            "zeta": -87.5,
            "epsilon_zeta": -86.3,
            "bb_type": "BI",
            "chi": -154.1,
            "glyco_bond": "anti",
            "C5prime_xyz": [
                -1.408,
                8.76,
                0.114
            ],
            "P_xyz": [
                null,
                null,
                null
            ],
            "form": "A",
            "ssZp": 4.17,
            "Dp": 4.4,
            "splay_angle": 17.045,
            "splay_distance": 2.825,
            "splay_ratio": 0.15,
            "eta": null,
            "theta": null,
            "eta_prime": null,
            "theta_prime": null,
            "eta_base": null,
            "theta_base": null,
            "v0": 2.3,
            "v1": -26.7,
            "v2": 39.8,
            "v3": -39.4,
            "v4": 23.3,
            "amplitude": 41.3,
            "phase_angle": 15.4,
            "puckering": "C3'-endo",
            "sugar_class": "~C3'-endo",
            "bin": "inc",
            "cluster": "__",
            "suiteness": 0.0,
            "filter_rmsd": 0.038,
            "frame": {
                "rmsd": 0.009,
                "origin": [
                    -2.953,
                    12.742,
                    -7.64
                ],
                "x_axis": [
                    -0.233,
                    0.075,
                    -0.969
                ],
                "y_axis": [
                    0.85,
                    -0.469,
                    -0.241
                ],
                "z_axis": [
                    -0.472,
                    -0.88,
                    0.045
                ],
                "quaternion": [
                    -0.293,
                    -0.545,
                    -0.424,
                    0.661
                ]
            },
            "sse": {
                "sse": null
            },
            "binding_protein": null,
            "binding_ion": null,
            "binding_small-molecule": null,
            "TotalAsa": 252.28996555701784,
            "PolarAsa": 137.11320449678044,
            "ApolarAsa": 115.17676106023747,
            "id": "2tob.A.4"
        },
        {
            "index": 2,
            "index_chain": 2,
            "chain_name": "A",
            "nt_resnum": 5,
            "nt_name": "C",
            "nt_code": "C",
            "nt_id": "A.C5",
            "nt_type": "RNA",
            "dbn": "(",
            "summary": "anti,~C3'-endo,BI,canonical,non-pair-contact,helix,stem",
            "alpha": 142.9,
            "beta": -150.1,
            "gamma": 172.9,
            "delta": 92.2,
            "epsilon": -139.2,
            "zeta": -83.2,
            "epsilon_zeta": -56.0,
            "bb_type": "BI",
            "chi": -172.1,
            "glyco_bond": "anti",
            "C5prime_xyz": [
                -0.942,
                8.365,
                1.224
            ],
            "P_xyz": [
                0.789,
                9.69,
                -0.281
            ],
            "form": "A",
            "ssZp": 4.65,
            "Dp": 4.75,
            "splay_angle": 25.096,
            "splay_distance": 3.714,
            "splay_ratio": 0.217,
            "eta": 165.1,
            "theta": -165.9,
            "eta_prime": 179.2,
            "theta_prime": -165.4,
            "eta_base": -139.6,
            "theta_base": -144.1,
            "v0": 14.5,
            "v1": -35.6,
            "v2": 42.7,
            "v3": -35.1,
            "v4": 13.0,
            "amplitude": 42.7,
            "phase_angle": 359.1,
            "puckering": "C2'-exo",
            "sugar_class": "~C3'-endo",
            "bin": "33t",
            "cluster": "1c",
            "suiteness": 0.352,
            "filter_rmsd": 0.065,
            "frame": {
                "rmsd": 0.006,
                "origin": [
                    -5.228,
                    11.071,
                    -7.737
                ],
                "x_axis": [
                    0.095,
                    -0.245,
                    -0.965
                ],
                "y_axis": [
                    0.74,
                    -0.631,
                    0.233
                ],
                "z_axis": [
                    -0.666,
                    -0.736,
                    0.121
                ],
                "quaternion": [
                    -0.383,
                    -0.633,
                    -0.196,
                    0.643
                ]
            },
            "sse": {
                "sse": null
            },
            "binding_protein": null,
            "binding_ion": null,
            "binding_small-molecule": null,
            "TotalAsa": 177.38120365853652,
            "PolarAsa": 128.61021413082435,
            "ApolarAsa": 48.770989527712146,
            "id": "2tob.A.5"
        },
        {
            "index": 3,
            "index_chain": 3,
            "chain_name": "A",
            "nt_resnum": 6,
            "nt_name": "U",
            "nt_code": "U",
            "nt_id": "A.U6",
            "nt_type": "RNA",
            "dbn": "(",
            "summary": "anti,~C3'-endo,canonical,non-pair-contact,helix,stem,phosphate",
            "alpha": -79.7,
            "beta": 171.2,
            "gamma": 56.7,
            "delta": 90.1,
            "epsilon": -142.6,
            "zeta": -94.1,
            "epsilon_zeta": -48.4,
            "bb_type": "--",
            "chi": -169.5,
            "glyco_bond": "anti",
            "C5prime_xyz": [
                -1.123,
                8.465,
                1.067
            ],
            "P_xyz": [
                1.525,
                8.575,
                1.112
            ],
            "form": ".",
            "ssZp": 4.6,
            "Dp": 4.73,
            "splay_angle": 26.352,
            "splay_distance": 4.44,
            "splay_ratio": 0.237,
            "eta": 163.3,
            "theta": -121.4,
            "eta_prime": 175.6,
            "theta_prime": -132.1,
            "eta_base": -150.8,
            "theta_base": -93.2,
            "v0": 11.9,
            "v1": -34.4,
            "v2": 43.2,
            "v3": -37.2,
            "v4": 15.8,
            "amplitude": 43.3,
            "phase_angle": 2.9,
            "puckering": "C3'-endo",
            "sugar_class": "~C3'-endo",
            "bin": "33p",
            "cluster": "1m",
            "suiteness": 0.176,
            "filter_rmsd": 0.099,
            "frame": {
                "rmsd": 0.011,
                "origin": [
                    -8.437,
                    9.208,
                    -7.896
                ],
                "x_axis": [
                    0.746,
                    -0.26,
                    -0.613
                ],
                "y_axis": [
                    0.517,
                    -0.354,
                    0.779
                ],
                "z_axis": [
                    -0.42,
                    -0.898,
                    -0.129
                ],
                "quaternion": [
                    0.562,
                    0.746,
                    0.086,
                    -0.346
                ]
            },
            "sse": {
                "sse": null
            },
            "binding_protein": null,
            "binding_ion": null,
            "binding_small-molecule": null,
            "TotalAsa": 140.87488453608984,
            "PolarAsa": 93.34727254320389,
            "ApolarAsa": 47.52761199288595,
            "id": "2tob.A.6"
        },
        {
            "index": 4,
            "index_chain": 4,
            "chain_name": "A",
            "nt_resnum": 7,
            "nt_name": "U",
            "nt_code": "U",
            "nt_id": "A.U7",
            "nt_type": "RNA",
            "dbn": "(",
            "summary": "anti,~C3'-endo,BII,canonical,non-canonical,non-pair-contact,helix,stem-end,multiplet,internal-loop,cap-acceptor,phosphate",
            "alpha": 142.3,
            "beta": -157.8,
            "gamma": 167.6,
            "delta": 103.4,
            "epsilon": -86.3,
            "zeta": -167.5,
            "epsilon_zeta": 81.2,
            "bb_type": "BII",
            "chi": 171.5,
            "glyco_bond": "anti",
            "C5prime_xyz": [
                -0.739,
                7.435,
                2.077
            ],
            "P_xyz": [
                1.465,
                8.608,
                1.205
            ],
            "form": ".",
            "ssZp": 4.71,
            "Dp": 4.78,
            "splay_angle": 40.371,
            "splay_distance": 6.302,
            "splay_ratio": 0.347,
            "eta": 166.0,
            "theta": -165.3,
            "eta_prime": 179.6,
            "theta_prime": -162.8,
            "eta_base": -120.3,
            "theta_base": -172.2,
            "v0": 28.3,
            "v1": -41.1,
            "v2": 38.7,
            "v3": -23.1,
            "v4": -3.2,
            "amplitude": 41.9,
            "phase_angle": 337.4,
            "puckering": "C2'-exo",
            "sugar_class": "~C3'-endo",
            "bin": "33t",
            "cluster": "!!",
            "suiteness": 0.0,
            "filter_rmsd": 0.099,
            "frame": {
                "rmsd": 0.011,
                "origin": [
                    -7.428,
                    5.944,
                    -10.733
                ],
                "x_axis": [
                    0.928,
                    -0.372,
                    -0.02
                ],
                "y_axis": [
                    -0.045,
                    -0.166,
                    0.985
                ],
                "z_axis": [
                    -0.369,
                    -0.913,
                    -0.171
                ],
                "quaternion": [
                    0.631,
                    0.752,
                    -0.139,
                    -0.129
                ]
            },
            "sse": {
                "sse": null
            },
            "binding_protein": null,
            "binding_ion": null,
            "binding_small-molecule": true,
            "TotalAsa": 121.94360666810931,
            "PolarAsa": 111.35840466491067,
            "ApolarAsa": 10.585202003198624,
            "id": "2tob.A.7"
        },
        {
            "index": 5,
            "index_chain": 5,
            "chain_name": "A",
            "nt_resnum": 8,
            "nt_name": "G",
            "nt_code": "G",
            "nt_id": "A.G8",
            "nt_type": "RNA",
            "dbn": ".",
            "summary": "anti,~C3'-endo,non-canonical,non-pair-contact,helix,internal-loop,phosphate",
            "alpha": 89.5,
            "beta": -80.7,
            "gamma": -178.9,
            "delta": 84.2,
            "epsilon": -103.2,
            "zeta": -68.6,
            "epsilon_zeta": -34.6,
            "bb_type": "--",
            "chi": 136.9,
            "glyco_bond": "anti",
            "C5prime_xyz": [
                -3.28,
                7.573,
                2.873
            ],
            "P_xyz": [
                -1.268,
                9.154,
                2.198
            ],
            "form": ".",
            "ssZp": 3.47,
            "Dp": 4.01,
            "splay_angle": 24.325,
            "splay_distance": 4.233,
            "splay_ratio": 0.221,
            "eta": -168.0,
            "theta": -101.6,
            "eta_prime": -164.5,
            "theta_prime": -121.8,
            "eta_base": -169.7,
            "theta_base": -62.2,
            "v0": -21.7,
            "v1": -6.2,
            "v2": 29.7,
            "v3": -43.2,
            "v4": 40.9,
            "amplitude": 44.0,
            "phase_angle": 47.5,
            "puckering": "C4'-exo",
            "sugar_class": "~C3'-endo",
            "bin": "33t",
            "cluster": "!!",
            "suiteness": 0.0,
            "filter_rmsd": 0.007,
            "frame": {
                "rmsd": 0.007,
                "origin": [
                    -12.561,
                    4.464,
                    -14.076
                ],
                "x_axis": [
                    0.983,
                    -0.083,
                    -0.165
                ],
                "y_axis": [
                    0.16,
                    -0.068,
                    0.985
                ],
                "z_axis": [
                    -0.093,
                    -0.994,
                    -0.054
                ],
                "quaternion": [
                    0.682,
                    0.725,
                    0.027,
                    -0.089
                ]
            },
            "sse": {
                "sse": null
            },
            "binding_protein": null,
            "binding_ion": null,
            "binding_small-molecule": true,
            "TotalAsa": 188.92012580840128,
            "PolarAsa": 155.4077642894406,
            "ApolarAsa": 33.51236151896066,
            "id": "2tob.A.8"
        },
        {
            "index": 6,
            "index_chain": 6,
            "chain_name": "A",
            "nt_resnum": 9,
            "nt_name": "G",
            "nt_code": "G",
            "nt_id": "A.G9",
            "nt_type": "RNA",
            "dbn": ".",
            "summary": "anti,~C3'-endo,BI,non-canonical,non-pair-contact,helix,internal-loop",
            "alpha": 99.3,
            "beta": -165.7,
            "gamma": -179.5,
            "delta": 88.0,
            "epsilon": -139.8,
            "zeta": -75.7,
            "epsilon_zeta": -64.1,
            "bb_type": "BI",
            "chi": 180.0,
            "glyco_bond": "anti",
            "C5prime_xyz": [
                -0.983,
                8.213,
                1.669
            ],
            "P_xyz": [
                0.427,
                10.228,
                0.68
            ],
            "form": "A",
            "ssZp": 4.87,
            "Dp": 4.79,
            "splay_angle": 27.725,
            "splay_distance": 4.111,
            "splay_ratio": 0.243,
            "eta": 100.1,
            "theta": -168.7,
            "eta_prime": 133.6,
            "theta_prime": -160.7,
            "eta_base": -127.9,
            "theta_base": -123.9,
            "v0": 15.3,
            "v1": -38.6,
            "v2": 46.7,
            "v3": -38.8,
            "v4": 14.7,
            "amplitude": 46.7,
            "phase_angle": 359.9,
            "puckering": "C2'-exo",
            "sugar_class": "~C3'-endo",
            "bin": "33t",
            "cluster": "!!",
            "suiteness": 0.0,
            "filter_rmsd": 0.007,
            "frame": {
                "rmsd": 0.007,
                "origin": [
                    -9.945,
                    1.136,
                    -14.102
                ],
                "x_axis": [
                    0.564,
                    0.158,
                    0.81
                ],
                "y_axis": [
                    -0.825,
                    0.069,
                    0.561
                ],
                "z_axis": [
                    0.033,
                    -0.985,
                    0.17
                ],
                "quaternion": [
                    0.671,
                    0.576,
                    -0.289,
                    0.366
                ]
            },
            "sse": {
                "sse": null
            },
            "binding_protein": null,
            "binding_ion": null,
            "binding_small-molecule": true,
            "TotalAsa": 189.59584689613004,
            "PolarAsa": 158.11341935233216,
            "ApolarAsa": 31.48242754379787,
            "id": "2tob.A.9"
        }
    ],
    "links": [
        {
            "LW": "B53",
            "backbone": true,
            "source": "2tob.A.10",
            "target": "2tob.A.11"
        },
        {
            "LW": "B35",
            "backbone": true,
            "source": "2tob.A.10",
            "target": "2tob.A.9"
        },
        {
            "index": 8,
            "nt1": "A.U10",
            "nt2": "A.A17",
            "bp": "U-A",
            "name": "WC",
            "Saenger": "20-XX",
            "LW": "cWW",
            "DSSR": "cW-W",
            "source": "2tob.A.10",
            "target": "2tob.A.17"
        },
        {
            "LW": "B53",
            "backbone": true,
            "source": "2tob.A.11",
            "target": "2tob.A.12"
        },
        {
            "LW": "B35",
            "backbone": true,
            "source": "2tob.A.11",
            "target": "2tob.A.10"
        },
        {
            "index": 9,
            "nt1": "A.U11",
            "nt2": "A.U16",
            "bp": "U-U",
            "name": "--",
            "Saenger": "16-XVI",
            "LW": "cWW",
            "DSSR": "cW-W",
            "source": "2tob.A.11",
            "target": "2tob.A.16"
        },
        {
            "LW": "B53",
            "backbone": true,
            "source": "2tob.A.12",
            "target": "2tob.A.13"
        },
        {
            "LW": "B35",
            "backbone": true,
            "source": "2tob.A.12",
            "target": "2tob.A.11"
        },
        {
            "LW": "B53",
            "backbone": true,
            "source": "2tob.A.13",
            "target": "2tob.A.14"
        },
        {
            "LW": "B35",
            "backbone": true,
            "source": "2tob.A.13",
            "target": "2tob.A.12"
        },
        {
            "LW": "B53",
            "backbone": true,
            "source": "2tob.A.14",
            "target": "2tob.A.15"
        },
        {
            "LW": "B35",
            "backbone": true,
            "source": "2tob.A.14",
            "target": "2tob.A.13"
        },
        {
            "LW": "B53",
            "backbone": true,
            "source": "2tob.A.15",
            "target": "2tob.A.16"
        },
        {
            "LW": "B35",
            "backbone": true,
            "source": "2tob.A.15",
            "target": "2tob.A.14"
        },
        {
            "index": 4,
            "nt1": "A.G15",
            "nt2": "A.U7",
            "bp": "G+U",
            "name": "--",
            "Saenger": "--",
            "LW": "cWH",
            "DSSR": "cM+W",
            "source": "2tob.A.15",
            "target": "2tob.A.7"
        },
        {
            "LW": "B53",
            "backbone": true,
            "source": "2tob.A.16",
            "target": "2tob.A.17"
        },
        {
            "LW": "B35",
            "backbone": true,
            "source": "2tob.A.16",
            "target": "2tob.A.15"
        },
        {
            "index": 9,
            "nt1": "A.U16",
            "nt2": "A.U11",
            "bp": "U-U",
            "name": "--",
            "Saenger": "16-XVI",
            "LW": "cWW",
            "DSSR": "cW-W",
            "source": "2tob.A.16",
            "target": "2tob.A.11"
        },
        {
            "LW": "B53",
            "backbone": true,
            "source": "2tob.A.17",
            "target": "2tob.A.18"
        },
        {
            "LW": "B35",
            "backbone": true,
            "source": "2tob.A.17",
            "target": "2tob.A.16"
        },
        {
            "index": 8,
            "nt1": "A.A17",
            "nt2": "A.U10",
            "bp": "A-U",
            "name": "WC",
            "Saenger": "20-XX",
            "LW": "cWW",
            "DSSR": "cW-W",
            "source": "2tob.A.17",
            "target": "2tob.A.10"
        },
        {
            "LW": "B53",
            "backbone": true,
            "source": "2tob.A.18",
            "target": "2tob.A.19"
        },
        {
            "LW": "B35",
            "backbone": true,
            "source": "2tob.A.18",
            "target": "2tob.A.17"
        },
        {
            "index": 7,
            "nt1": "A.A18",
            "nt2": "A.G9",
            "bp": "A-G",
            "name": "Imino",
            "Saenger": "08-VIII",
            "LW": "cWW",
            "DSSR": "cW-W",
            "source": "2tob.A.18",
            "target": "2tob.A.9"
        },
        {
            "LW": "B53",
            "backbone": true,
            "source": "2tob.A.19",
            "target": "2tob.A.20"
        },
        {
            "LW": "B35",
            "backbone": true,
            "source": "2tob.A.19",
            "target": "2tob.A.18"
        },
        {
            "index": 6,
            "nt1": "A.U19",
            "nt2": "A.G8",
            "bp": "U-G",
            "name": "--",
            "Saenger": "--",
            "LW": "tWH",
            "DSSR": "tM-W",
            "source": "2tob.A.19",
            "target": "2tob.A.8"
        },
        {
            "LW": "B53",
            "backbone": true,
            "source": "2tob.A.20",
            "target": "2tob.A.21"
        },
        {
            "LW": "B35",
            "backbone": true,
            "source": "2tob.A.20",
            "target": "2tob.A.19"
        },
        {
            "index": 5,
            "nt1": "A.G20",
            "nt2": "A.U7",
            "bp": "G-U",
            "name": "Wobble",
            "Saenger": "28-XXVIII",
            "LW": "cWW",
            "DSSR": "cW-W",
            "source": "2tob.A.20",
            "target": "2tob.A.7"
        },
        {
            "LW": "B53",
            "backbone": true,
            "source": "2tob.A.21",
            "target": "2tob.A.22"
        },
        {
            "LW": "B35",
            "backbone": true,
            "source": "2tob.A.21",
            "target": "2tob.A.20"
        },
        {
            "index": 3,
            "nt1": "A.A21",
            "nt2": "A.U6",
            "bp": "A-U",
            "name": "WC",
            "Saenger": "20-XX",
            "LW": "cWW",
            "DSSR": "cW-W",
            "source": "2tob.A.21",
            "target": "2tob.A.6"
        },
        {
            "LW": "B53",
            "backbone": true,
            "source": "2tob.A.22",
            "target": "2tob.A.23"
        },
        {
            "LW": "B35",
            "backbone": true,
            "source": "2tob.A.22",
            "target": "2tob.A.21"
        },
        {
            "index": 2,
            "nt1": "A.G22",
            "nt2": "A.C5",
            "bp": "G-C",
            "name": "WC",
            "Saenger": "19-XIX",
            "LW": "cWW",
            "DSSR": "cW-W",
            "source": "2tob.A.22",
            "target": "2tob.A.5"
        },
        {
            "LW": "B35",
            "backbone": true,
            "source": "2tob.A.23",
            "target": "2tob.A.22"
        },
        {
            "index": 1,
            "nt1": "A.U23",
            "nt2": "A.A4",
            "bp": "U-A",
            "name": "WC",
            "Saenger": "20-XX",
            "LW": "cWW",
            "DSSR": "cW-W",
            "source": "2tob.A.23",
            "target": "2tob.A.4"
        },
        {
            "LW": "B53",
            "backbone": true,
            "source": "2tob.A.4",
            "target": "2tob.A.5"
        },
        {
            "index": 1,
            "nt1": "A.A4",
            "nt2": "A.U23",
            "bp": "A-U",
            "name": "WC",
            "Saenger": "20-XX",
            "LW": "cWW",
            "DSSR": "cW-W",
            "source": "2tob.A.4",
            "target": "2tob.A.23"
        },
        {
            "LW": "B53",
            "backbone": true,
            "source": "2tob.A.5",
            "target": "2tob.A.6"
        },
        {
            "LW": "B35",
            "backbone": true,
            "source": "2tob.A.5",
            "target": "2tob.A.4"
        },
        {
            "index": 2,
            "nt1": "A.C5",
            "nt2": "A.G22",
            "bp": "C-G",
            "name": "WC",
            "Saenger": "19-XIX",
            "LW": "cWW",
            "DSSR": "cW-W",
            "source": "2tob.A.5",
            "target": "2tob.A.22"
        },
        {
            "LW": "B53",
            "backbone": true,
            "source": "2tob.A.6",
            "target": "2tob.A.7"
        },
        {
            "LW": "B35",
            "backbone": true,
            "source": "2tob.A.6",
            "target": "2tob.A.5"
        },
        {
            "index": 3,
            "nt1": "A.U6",
            "nt2": "A.A21",
            "bp": "U-A",
            "name": "WC",
            "Saenger": "20-XX",
            "LW": "cWW",
            "DSSR": "cW-W",
            "source": "2tob.A.6",
            "target": "2tob.A.21"
        },
        {
            "LW": "B53",
            "backbone": true,
            "source": "2tob.A.7",
            "target": "2tob.A.8"
        },
        {
            "LW": "B35",
            "backbone": true,
            "source": "2tob.A.7",
            "target": "2tob.A.6"
        },
        {
            "index": 4,
            "nt1": "A.U7",
            "nt2": "A.G15",
            "bp": "U+G",
            "name": "--",
            "Saenger": "--",
            "LW": "cHW",
            "DSSR": "cM+W",
            "source": "2tob.A.7",
            "target": "2tob.A.15"
        },
        {
            "index": 5,
            "nt1": "A.U7",
            "nt2": "A.G20",
            "bp": "U-G",
            "name": "Wobble",
            "Saenger": "28-XXVIII",
            "LW": "cWW",
            "DSSR": "cW-W",
            "source": "2tob.A.7",
            "target": "2tob.A.20"
        },
        {
            "LW": "B53",
            "backbone": true,
            "source": "2tob.A.8",
            "target": "2tob.A.9"
        },
        {
            "LW": "B35",
            "backbone": true,
            "source": "2tob.A.8",
            "target": "2tob.A.7"
        },
        {
            "index": 6,
            "nt1": "A.G8",
            "nt2": "A.U19",
            "bp": "G-U",
            "name": "--",
            "Saenger": "--",
            "LW": "tHW",
            "DSSR": "tM-W",
            "source": "2tob.A.8",
            "target": "2tob.A.19"
        },
        {
            "LW": "B53",
            "backbone": true,
            "source": "2tob.A.9",
            "target": "2tob.A.10"
        },
        {
            "LW": "B35",
            "backbone": true,
            "source": "2tob.A.9",
            "target": "2tob.A.8"
        },
        {
            "index": 7,
            "nt1": "A.G9",
            "nt2": "A.A18",
            "bp": "G-A",
            "name": "Imino",
            "Saenger": "08-VIII",
            "LW": "cWW",
            "DSSR": "cW-W",
            "source": "2tob.A.9",
            "target": "2tob.A.18"
        }
    ]
}