{
    "directed": true,
    "multigraph": false,
    "graph": {
        "dbn": {
            "all_chains": {
                "num_nts": 20,
                "num_chars": 20,
                "bseq": "ACUUGGUUUAGGUAAUGAGU",
                "sstr": "((((..(......)..))))",
                "form": "AA...AA........AAAA-"
            },
            "single_chains": {
                "m1_chain_A": {
                    "num_nts": 20,
                    "num_chars": 20,
                    "bseq": "ACUUGGUUUAGGUAAUGAGU",
                    "sstr": "((((..(......)..))))",
                    "form": "AA...AA........AAAA-"
                }
            }
        },
        "resolution_low": null,
        "resolution_high": null
    },
    "nodes": [
        {
            "index": 7,
            "index_chain": 7,
            "chain_name": "A",
            "nt_resnum": 10,
            "nt_name": "U",
            "nt_code": "U",
            "nt_id": "A.U10",
            "nt_type": "RNA",
            "dbn": "(",
            "summary": "anti,~C3'-endo,BI,isolated-canonical,non-pair-contact,helix,hairpin-loop,internal-loop,phosphate",
            "alpha": 150.6,
            "beta": -157.3,
            "gamma": 174.1,
            "delta": 101.3,
            "epsilon": -118.6,
            "zeta": -68.6,
            "epsilon_zeta": -50.0,
            "bb_type": "BI",
            "chi": 168.5,
            "glyco_bond": "anti",
            "C5prime_xyz": [
                -1.264,
                7.7,
                2.284
            ],
            "P_xyz": [
                0.843,
                9.231,
                1.795
            ],
            "form": "A",
            "ssZp": 4.53,
            "Dp": 4.64,
            "splay_angle": 23.693,
            "splay_distance": 3.799,
            "splay_ratio": 0.213,
            "eta": 175.2,
            "theta": -132.5,
            "eta_prime": -169.5,
            "theta_prime": -126.8,
            "eta_base": -119.9,
            "theta_base": -88.2,
            "v0": 16.1,
            "v1": -31.6,
            "v2": 34.9,
            "v3": -26.4,
            "v4": 6.5,
            "amplitude": 35.2,
            "phase_angle": 352.2,
            "puckering": "C2'-exo",
            "sugar_class": "~C3'-endo",
            "bin": "33p",
            "cluster": "1a",
            "suiteness": 0.592,
            "filter_rmsd": 0.097,
            "frame": {
                "rmsd": 0.013,
                "origin": [
                    -7.546,
                    -2.079,
                    -13.202
                ],
                "x_axis": [
                    -0.071,
                    0.233,
                    0.97
                ],
                "y_axis": [
                    -0.997,
                    0.02,
                    -0.078
                ],
                "z_axis": [
                    -0.037,
                    -0.972,
                    0.231
                ],
                "quaternion": [
                    0.543,
                    0.412,
                    -0.464,
                    0.566
                ]
            },
            "sse": {
                "sse": "hairpin_1"
            },
            "binding_protein": null,
            "binding_ion": null,
            "binding_small-molecule": true,
            "TotalAsa": 164.4578661993136,
            "PolarAsa": 123.98332023993903,
            "ApolarAsa": 40.47454595937455,
            "id": "2tob.A.10"
        },
        {
            "index": 8,
            "index_chain": 8,
            "chain_name": "A",
            "nt_resnum": 11,
            "nt_name": "U",
            "nt_code": "U",
            "nt_id": "A.U11",
            "nt_type": "RNA",
            "dbn": ".",
            "summary": "anti,BI,non-canonical,non-pair-contact,helix-end,hairpin-loop",
            "alpha": -54.4,
            "beta": 153.1,
            "gamma": 58.8,
            "delta": 96.3,
            "epsilon": -151.5,
            "zeta": -76.6,
            "epsilon_zeta": -74.8,
            "bb_type": "BI",
            "chi": -176.6,
            "glyco_bond": "anti",
            "C5prime_xyz": [
                -2.372,
                8.854,
                0.994
            ],
            "P_xyz": [
                0.024,
                9.748,
                1.699
            ],
            "form": ".",
            "ssZp": 3.62,
            "Dp": 3.58,
            "splay_angle": 15.699,
            "splay_distance": 2.97,
            "splay_ratio": 0.148,
            "eta": 165.2,
            "theta": -107.4,
            "eta_prime": -160.3,
            "theta_prime": -134.8,
            "eta_base": -99.0,
            "theta_base": -116.4,
            "v0": -27.8,
            "v1": 6.4,
            "v2": 15.0,
            "v3": -31.4,
            "v4": 37.4,
            "amplitude": 36.7,
            "phase_angle": 65.9,
            "puckering": "C4'-exo",
            "sugar_class": "--",
            "bin": "33t",
            "cluster": "!!",
            "suiteness": 0.0,
            "filter_rmsd": 0.099,
            "frame": {
                "rmsd": 0.012,
                "origin": [
                    -6.975,
                    -4.364,
                    -10.222
                ],
                "x_axis": [
                    -0.744,
                    0.179,
                    0.644
                ],
                "y_axis": [
                    -0.669,
                    -0.189,
                    -0.719
                ],
                "z_axis": [
                    -0.007,
                    -0.965,
                    0.26
                ],
                "quaternion": [
                    0.286,
                    0.215,
                    -0.569,
                    0.741
                ]
            },
            "sse": {
                "sse": "hairpin_1"
            },
            "binding_protein": null,
            "binding_ion": null,
            "binding_small-molecule": true,
            "TotalAsa": 157.28027854047744,
            "PolarAsa": 102.54080420440803,
            "ApolarAsa": 54.73947433606942,
            "id": "2tob.A.11"
        },
        {
            "index": 9,
            "index_chain": 9,
            "chain_name": "A",
            "nt_resnum": 12,
            "nt_name": "U",
            "nt_code": "U",
            "nt_id": "A.U12",
            "nt_type": "RNA",
            "dbn": ".",
            "summary": "u-turn,anti,~C3'-endo,non-pair-contact,hairpin-loop,cap-acceptor",
            "alpha": 115.6,
            "beta": 173.7,
            "gamma": 176.3,
            "delta": 88.0,
            "epsilon": -120.2,
            "zeta": -96.4,
            "epsilon_zeta": -23.8,
            "bb_type": "--",
            "chi": -161.5,
            "glyco_bond": "anti",
            "C5prime_xyz": [
                -0.935,
                8.525,
                0.602
            ],
            "P_xyz": [
                0.064,
                10.495,
                -0.868
            ],
            "form": ".",
            "ssZp": 4.38,
            "Dp": 4.85,
            "splay_angle": 66.175,
            "splay_distance": 9.979,
            "splay_ratio": 0.546,
            "eta": 119.6,
            "theta": -140.3,
            "eta_prime": 137.2,
            "theta_prime": -173.5,
            "eta_base": 179.4,
            "theta_base": 117.4,
            "v0": 13.3,
            "v1": -36.7,
            "v2": 45.5,
            "v3": -38.7,
            "v4": 15.8,
            "amplitude": 45.6,
            "phase_angle": 1.8,
            "puckering": "C3'-endo",
            "sugar_class": "~C3'-endo",
            "bin": "33t",
            "cluster": "!!",
            "suiteness": 0.0,
            "filter_rmsd": 0.098,
            "frame": {
                "rmsd": 0.012,
                "origin": [
                    -6.668,
                    -6.413,
                    -8.095
                ],
                "x_axis": [
                    -0.972,
                    0.234,
                    -0.029
                ],
                "y_axis": [
                    -0.076,
                    -0.425,
                    -0.902
                ],
                "z_axis": [
                    -0.224,
                    -0.874,
                    0.431
                ],
                "quaternion": [
                    0.092,
                    -0.075,
                    -0.528,
                    0.841
                ]
            },
            "sse": {
                "sse": "hairpin_1"
            },
            "binding_protein": null,
            "binding_ion": null,
            "binding_small-molecule": true,
            "TotalAsa": 150.41285356690332,
            "PolarAsa": 117.40897257625107,
            "ApolarAsa": 33.00388099065225,
            "id": "2tob.A.12"
        },
        {
            "index": 10,
            "index_chain": 10,
            "chain_name": "A",
            "nt_resnum": 13,
            "nt_name": "A",
            "nt_code": "A",
            "nt_id": "A.A13",
            "nt_type": "RNA",
            "dbn": ".",
            "summary": "turn,u-turn,anti,BI,non-pair-contact,hairpin-loop",
            "alpha": 142.6,
            "beta": -143.0,
            "gamma": 61.3,
            "delta": 97.2,
            "epsilon": -161.4,
            "zeta": -63.1,
            "epsilon_zeta": -98.2,
            "bb_type": "BI",
            "chi": -141.1,
            "glyco_bond": "anti",
            "C5prime_xyz": [
                -1.067,
                8.511,
                -0.599
            ],
            "P_xyz": [
                1.559,
                8.475,
                -0.19
            ],
            "form": ".",
            "ssZp": 3.76,
            "Dp": 4.45,
            "splay_angle": 23.874,
            "splay_distance": 4.342,
            "splay_ratio": 0.214,
            "eta": 36.2,
            "theta": -130.2,
            "eta_prime": 62.0,
            "theta_prime": -132.9,
            "eta_base": 21.0,
            "theta_base": -117.1,
            "v0": 10.5,
            "v1": -29.2,
            "v2": 36.3,
            "v3": -30.9,
            "v4": 12.9,
            "amplitude": 36.3,
            "phase_angle": 2.1,
            "puckering": "C3'-endo",
            "sugar_class": "--",
            "bin": "33p",
            "cluster": "!!",
            "suiteness": 0.0,
            "filter_rmsd": 0.039,
            "frame": {
                "rmsd": 0.009,
                "origin": [
                    1.179,
                    -12.576,
                    -8.225
                ],
                "x_axis": [
                    0.504,
                    0.179,
                    -0.845
                ],
                "y_axis": [
                    -0.846,
                    -0.096,
                    -0.525
                ],
                "z_axis": [
                    -0.175,
                    0.979,
                    0.103
                ],
                "quaternion": [
                    0.615,
                    -0.612,
                    0.272,
                    0.417
                ]
            },
            "sse": {
                "sse": "hairpin_1"
            },
            "binding_protein": null,
            "binding_ion": null,
            "binding_small-molecule": null,
            "TotalAsa": 291.8590628163982,
            "PolarAsa": 185.16500902542867,
            "ApolarAsa": 106.69405379096955,
            "id": "2tob.A.13"
        },
        {
            "index": 11,
            "index_chain": 11,
            "chain_name": "A",
            "nt_resnum": 14,
            "nt_name": "G",
            "nt_code": "G",
            "nt_id": "A.G14",
            "nt_type": "RNA",
            "dbn": ".",
            "summary": "u-turn,anti,~C3'-endo,non-pair-contact,hairpin-loop,cap-donor,cap-acceptor,phosphate,splayed-apart",
            "alpha": -66.6,
            "beta": 162.8,
            "gamma": 61.5,
            "delta": 88.3,
            "epsilon": -114.1,
            "zeta": -130.1,
            "epsilon_zeta": 16.1,
            "bb_type": "--",
            "chi": -166.0,
            "glyco_bond": "anti",
            "C5prime_xyz": [
                -2.127,
                8.986,
                0.558
            ],
            "P_xyz": [
                0.313,
                10.008,
                0.736
            ],
            "form": ".",
            "ssZp": 3.82,
            "Dp": 4.14,
            "splay_angle": 105.552,
            "splay_distance": 14.19,
            "splay_ratio": 0.798,
            "eta": -177.2,
            "theta": -116.6,
            "eta_prime": -161.0,
            "theta_prime": -129.4,
            "eta_base": -130.8,
            "theta_base": -137.1,
            "v0": -15.8,
            "v1": -9.8,
            "v2": 29.9,
            "v3": -39.8,
            "v4": 35.1,
            "amplitude": 39.8,
            "phase_angle": 41.3,
            "puckering": "C4'-exo",
            "sugar_class": "~C3'-endo",
            "bin": "33t",
            "cluster": "1c",
            "suiteness": 0.158,
            "filter_rmsd": 0.006,
            "frame": {
                "rmsd": 0.006,
                "origin": [
                    2.202,
                    -8.913,
                    -10.319
                ],
                "x_axis": [
                    -0.125,
                    -0.256,
                    -0.959
                ],
                "y_axis": [
                    -0.959,
                    -0.216,
                    0.183
                ],
                "z_axis": [
                    -0.254,
                    0.942,
                    -0.218
                ],
                "quaternion": [
                    -0.332,
                    0.572,
                    -0.531,
                    -0.53
                ]
            },
            "sse": {
                "sse": "hairpin_1"
            },
            "binding_protein": null,
            "binding_ion": null,
            "binding_small-molecule": true,
            "TotalAsa": 172.30675133398788,
            "PolarAsa": 158.74318100537954,
            "ApolarAsa": 13.563570328608302,
            "id": "2tob.A.14"
        },
        {
            "index": 12,
            "index_chain": 12,
            "chain_name": "A",
            "nt_resnum": 15,
            "nt_name": "G",
            "nt_code": "G",
            "nt_id": "A.G15",
            "nt_type": "RNA",
            "dbn": ".",
            "summary": "turn,u-turn,syn,~C2'-endo,non-stack,non-canonical,non-pair-contact,multiplet,hairpin-loop,cap-acceptor,phosphate,splayed-apart",
            "alpha": 107.0,
            "beta": -67.0,
            "gamma": -79.2,
            "delta": 159.5,
            "epsilon": -165.5,
            "zeta": -145.5,
            "epsilon_zeta": -20.0,
            "bb_type": "--",
            "chi": 52.1,
            "glyco_bond": "syn",
            "C5prime_xyz": [
                -5.11,
                3.341,
                0.617
            ],
            "P_xyz": [
                -7.49,
                3.613,
                1.752
            ],
            "form": ".",
            "ssZp": -1.7,
            "Dp": 1.78,
            "splay_angle": 66.676,
            "splay_distance": 10.77,
            "splay_ratio": 0.55,
            "eta": -33.2,
            "theta": 121.2,
            "eta_prime": -29.6,
            "theta_prime": 94.2,
            "eta_base": -26.2,
            "theta_base": 65.4,
            "v0": -13.6,
            "v1": 33.2,
            "v2": -39.6,
            "v3": 32.5,
            "v4": -12.0,
            "amplitude": 39.7,
            "phase_angle": 178.9,
            "puckering": "C2'-endo",
            "sugar_class": "~C2'-endo",
            "bin": "trig",
            "cluster": "!!",
            "suiteness": 0.0,
            "filter_rmsd": 0.006,
            "frame": {
                "rmsd": 0.006,
                "origin": [
                    -5.299,
                    2.263,
                    -5.823
                ],
                "x_axis": [
                    0.2,
                    0.842,
                    -0.5
                ],
                "y_axis": [
                    0.703,
                    -0.479,
                    -0.526
                ],
                "z_axis": [
                    -0.683,
                    -0.246,
                    -0.688
                ],
                "quaternion": [
                    -0.091,
                    0.769,
                    0.502,
                    -0.384
                ]
            },
            "sse": {
                "sse": "hairpin_1"
            },
            "binding_protein": null,
            "binding_ion": null,
            "binding_small-molecule": true,
            "TotalAsa": 217.81201335070278,
            "PolarAsa": 145.71371519894262,
            "ApolarAsa": 72.09829815176016,
            "id": "2tob.A.15"
        },
        {
            "index": 13,
            "index_chain": 13,
            "chain_name": "A",
            "nt_resnum": 16,
            "nt_name": "U",
            "nt_code": "U",
            "nt_id": "A.U16",
            "nt_type": "RNA",
            "dbn": ".",
            "summary": "anti,~C3'-endo,BI,non-canonical,non-pair-contact,helix-end,hairpin-loop,cap-donor,phosphate",
            "alpha": 23.4,
            "beta": -141.8,
            "gamma": 178.2,
            "delta": 90.7,
            "epsilon": -137.4,
            "zeta": -69.1,
            "epsilon_zeta": -68.4,
            "bb_type": "BI",
            "chi": 177.6,
            "glyco_bond": "anti",
            "C5prime_xyz": [
                -1.014,
                8.063,
                1.839
            ],
            "P_xyz": [
                0.669,
                9.639,
                0.551
            ],
            "form": ".",
            "ssZp": 4.87,
            "Dp": 4.78,
            "splay_angle": 20.535,
            "splay_distance": 3.27,
            "splay_ratio": 0.193,
            "eta": 73.3,
            "theta": -150.5,
            "eta_prime": 58.3,
            "theta_prime": -148.1,
            "eta_base": 84.8,
            "theta_base": -108.6,
            "v0": 15.8,
            "v1": -37.3,
            "v2": 44.3,
            "v3": -36.0,
            "v4": 12.6,
            "amplitude": 44.3,
            "phase_angle": 358.1,
            "puckering": "C2'-exo",
            "sugar_class": "~C3'-endo",
            "bin": "trig",
            "cluster": "!!",
            "suiteness": 0.0,
            "filter_rmsd": 0.098,
            "frame": {
                "rmsd": 0.013,
                "origin": [
                    -6.183,
                    -5.244,
                    -13.494
                ],
                "x_axis": [
                    -0.659,
                    0.37,
                    0.655
                ],
                "y_axis": [
                    0.673,
                    -0.098,
                    0.733
                ],
                "z_axis": [
                    0.335,
                    0.924,
                    -0.185
                ],
                "quaternion": [
                    -0.121,
                    0.395,
                    0.661,
                    0.627
                ]
            },
            "sse": {
                "sse": "hairpin_1"
            },
            "binding_protein": null,
            "binding_ion": null,
            "binding_small-molecule": true,
            "TotalAsa": 93.63820150927138,
            "PolarAsa": 74.49062535680945,
            "ApolarAsa": 19.147576152461934,
            "id": "2tob.A.16"
        },
        {
            "index": 14,
            "index_chain": 14,
            "chain_name": "A",
            "nt_resnum": 17,
            "nt_name": "A",
            "nt_code": "A",
            "nt_id": "A.A17",
            "nt_type": "RNA",
            "dbn": ")",
            "summary": "anti,~C3'-endo,BI,isolated-canonical,non-pair-contact,helix,hairpin-loop,internal-loop",
            "alpha": -60.8,
            "beta": 160.3,
            "gamma": 58.6,
            "delta": 88.3,
            "epsilon": -111.8,
            "zeta": -126.2,
            "epsilon_zeta": 14.4,
            "bb_type": "BI",
            "chi": -169.7,
            "glyco_bond": "anti",
            "C5prime_xyz": [
                -1.657,
                8.666,
                1.015
            ],
            "P_xyz": [
                0.939,
                9.161,
                1.145
            ],
            "form": ".",
            "ssZp": 4.25,
            "Dp": 4.61,
            "splay_angle": 20.336,
            "splay_distance": 3.548,
            "splay_ratio": 0.179,
            "eta": 179.6,
            "theta": -133.2,
            "eta_prime": -159.7,
            "theta_prime": -145.0,
            "eta_base": -103.5,
            "theta_base": -134.8,
            "v0": 1.1,
            "v1": -25.7,
            "v2": 39.5,
            "v3": -39.6,
            "v4": 24.1,
            "amplitude": 41.2,
            "phase_angle": 16.9,
            "puckering": "C3'-endo",
            "sugar_class": "~C3'-endo",
            "bin": "33p",
            "cluster": "!!",
            "suiteness": 0.0,
            "filter_rmsd": 0.039,
            "frame": {
                "rmsd": 0.009,
                "origin": [
                    -7.599,
                    -2.297,
                    -13.41
                ],
                "x_axis": [
                    -0.02,
                    0.186,
                    0.982
                ],
                "y_axis": [
                    0.983,
                    -0.178,
                    0.053
                ],
                "z_axis": [
                    0.185,
                    0.966,
                    -0.179
                ],
                "quaternion": [
                    -0.395,
                    0.578,
                    0.505,
                    0.505
                ]
            },
            "sse": {
                "sse": "hairpin_1"
            },
            "binding_protein": null,
            "binding_ion": null,
            "binding_small-molecule": true,
            "TotalAsa": 149.6248206818831,
            "PolarAsa": 91.78028207313662,
            "ApolarAsa": 57.844538608746475,
            "id": "2tob.A.17"
        },
        {
            "index": 15,
            "index_chain": 15,
            "chain_name": "A",
            "nt_resnum": 18,
            "nt_name": "A",
            "nt_code": "A",
            "nt_id": "A.A18",
            "nt_type": "RNA",
            "dbn": ".",
            "summary": "anti,~C3'-endo,non-canonical,non-pair-contact,helix,internal-loop",
            "alpha": 91.3,
            "beta": -111.9,
            "gamma": -174.5,
            "delta": 87.8,
            "epsilon": -92.0,
            "zeta": -36.0,
            "epsilon_zeta": -56.0,
            "bb_type": "--",
            "chi": 169.5,
            "glyco_bond": "anti",
            "C5prime_xyz": [
                -1.644,
                8.039,
                2.215
            ],
            "P_xyz": [
                -0.232,
                9.75,
                0.762
            ],
            "form": ".",
            "ssZp": 4.74,
            "Dp": 4.73,
            "splay_angle": 20.015,
            "splay_distance": 3.765,
            "splay_ratio": 0.194,
            "eta": 162.4,
            "theta": -127.1,
            "eta_prime": 171.0,
            "theta_prime": -142.1,
            "eta_base": -162.1,
            "theta_base": -134.2,
            "v0": 7.8,
            "v1": -32.0,
            "v2": 43.7,
            "v3": -39.9,
            "v4": 20.0,
            "amplitude": 44.1,
            "phase_angle": 8.5,
            "puckering": "C3'-endo",
            "sugar_class": "~C3'-endo",
            "bin": "33t",
            "cluster": "1e",
            "suiteness": 0.01,
            "filter_rmsd": 0.039,
            "frame": {
                "rmsd": 0.01,
                "origin": [
                    -8.723,
                    0.863,
                    -14.566
                ],
                "x_axis": [
                    0.157,
                    -0.055,
                    0.986
                ],
                "y_axis": [
                    0.972,
                    -0.171,
                    -0.164
                ],
                "z_axis": [
                    0.177,
                    0.984,
                    0.026
                ],
                "quaternion": [
                    0.503,
                    -0.57,
                    -0.402,
                    -0.51
                ]
            },
            "sse": {
                "sse": null
            },
            "binding_protein": null,
            "binding_ion": null,
            "binding_small-molecule": true,
            "TotalAsa": 174.17400325437225,
            "PolarAsa": 134.73041110763387,
            "ApolarAsa": 39.443592146738375,
            "id": "2tob.A.18"
        },
        {
            "index": 16,
            "index_chain": 16,
            "chain_name": "A",
            "nt_resnum": 19,
            "nt_name": "U",
            "nt_code": "U",
            "nt_id": "A.U19",
            "nt_type": "RNA",
            "dbn": ".",
            "summary": "anti,~C3'-endo,BI,non-canonical,non-pair-contact,helix,internal-loop",
            "alpha": -97.2,
            "beta": 58.5,
            "gamma": 175.9,
            "delta": 94.5,
            "epsilon": -109.0,
            "zeta": -95.1,
            "epsilon_zeta": -14.0,
            "bb_type": "BI",
            "chi": 177.0,
            "glyco_bond": "anti",
            "C5prime_xyz": [
                -1.365,
                8.195,
                1.858
            ],
            "P_xyz": [
                -2.091,
                10.342,
                0.461
            ],
            "form": "A",
            "ssZp": 4.62,
            "Dp": 4.65,
            "splay_angle": 25.203,
            "splay_distance": 4.124,
            "splay_ratio": 0.223,
            "eta": -178.1,
            "theta": -171.4,
            "eta_prime": -174.9,
            "theta_prime": -167.1,
            "eta_base": -151.2,
            "theta_base": -117.3,
            "v0": 8.7,
            "v1": -28.8,
            "v2": 37.4,
            "v3": -33.0,
            "v4": 15.3,
            "amplitude": 37.5,
            "phase_angle": 5.3,
            "puckering": "C3'-endo",
            "sugar_class": "~C3'-endo",
            "bin": "33t",
            "cluster": "!!",
            "suiteness": 0.0,
            "filter_rmsd": 0.099,
            "frame": {
                "rmsd": 0.011,
                "origin": [
                    -10.491,
                    3.716,
                    -12.861
                ],
                "x_axis": [
                    0.429,
                    -0.007,
                    0.903
                ],
                "y_axis": [
                    0.903,
                    0.024,
                    -0.429
                ],
                "z_axis": [
                    -0.019,
                    1.0,
                    0.017
                ],
                "quaternion": [
                    0.606,
                    -0.589,
                    -0.38,
                    -0.375
                ]
            },
            "sse": {
                "sse": null
            },
            "binding_protein": null,
            "binding_ion": null,
            "binding_small-molecule": true,
            "TotalAsa": 170.00472985811882,
            "PolarAsa": 124.52490345552577,
            "ApolarAsa": 45.479826402593055,
            "id": "2tob.A.19"
        },
        {
            "index": 17,
            "index_chain": 17,
            "chain_name": "A",
            "nt_resnum": 20,
            "nt_name": "G",
            "nt_code": "G",
            "nt_id": "A.G20",
            "nt_type": "RNA",
            "dbn": ")",
            "summary": "anti,~C3'-endo,BI,canonical,non-pair-contact,helix,stem-end,multiplet,internal-loop",
            "alpha": 105.9,
            "beta": -149.0,
            "gamma": -175.2,
            "delta": 92.9,
            "epsilon": -162.5,
            "zeta": -44.7,
            "epsilon_zeta": -117.8,
            "bb_type": "BI",
            "chi": 163.7,
            "glyco_bond": "anti",
            "C5prime_xyz": [
                -1.227,
                7.595,
                2.468
            ],
            "P_xyz": [
                0.438,
                9.59,
                1.934
            ],
            "form": "A",
            "ssZp": 4.38,
            "Dp": 4.63,
            "splay_angle": 23.617,
            "splay_distance": 3.553,
            "splay_ratio": 0.213,
            "eta": 127.9,
            "theta": -137.2,
            "eta_prime": 158.2,
            "theta_prime": -135.1,
            "eta_base": -126.4,
            "theta_base": -91.9,
            "v0": 19.7,
            "v1": -40.3,
            "v2": 45.4,
            "v3": -34.8,
            "v4": 9.5,
            "amplitude": 45.7,
            "phase_angle": 353.6,
            "puckering": "C2'-exo",
            "sugar_class": "~C3'-endo",
            "bin": "33t",
            "cluster": "1c",
            "suiteness": 0.028,
            "filter_rmsd": 0.007,
            "frame": {
                "rmsd": 0.007,
                "origin": [
                    -9.769,
                    6.736,
                    -10.147
                ],
                "x_axis": [
                    0.95,
                    -0.234,
                    0.205
                ],
                "y_axis": [
                    0.212,
                    0.005,
                    -0.977
                ],
                "z_axis": [
                    0.228,
                    0.972,
                    0.054
                ],
                "quaternion": [
                    0.709,
                    -0.688,
                    0.008,
                    -0.157
                ]
            },
            "sse": {
                "sse": null
            },
            "binding_protein": null,
            "binding_ion": null,
            "binding_small-molecule": true,
            "TotalAsa": 177.7617820296176,
            "PolarAsa": 141.53510570575438,
            "ApolarAsa": 36.226676323863224,
            "id": "2tob.A.20"
        },
        {
            "index": 18,
            "index_chain": 18,
            "chain_name": "A",
            "nt_resnum": 21,
            "nt_name": "A",
            "nt_code": "A",
            "nt_id": "A.A21",
            "nt_type": "RNA",
            "dbn": ")",
            "summary": "anti,~C3'-endo,BI,canonical,non-pair-contact,helix,stem",
            "alpha": -120.7,
            "beta": -124.5,
            "gamma": 56.5,
            "delta": 91.7,
            "epsilon": -174.2,
            "zeta": -74.0,
            "epsilon_zeta": -100.2,
            "bb_type": "BI",
            "chi": -158.3,
            "glyco_bond": "anti",
            "C5prime_xyz": [
                -1.285,
                8.665,
                0.406
            ],
            "P_xyz": [
                1.038,
                8.632,
                1.698
            ],
            "form": "A",
            "ssZp": 4.26,
            "Dp": 4.36,
            "splay_angle": 20.554,
            "splay_distance": 3.598,
            "splay_ratio": 0.189,
            "eta": 160.9,
            "theta": -125.1,
            "eta_prime": -176.8,
            "theta_prime": -135.2,
            "eta_base": -115.7,
            "theta_base": -116.2,
            "v0": 5.6,
            "v1": -27.4,
            "v2": 38.0,
            "v3": -35.7,
            "v4": 18.9,
            "amplitude": 38.7,
            "phase_angle": 10.4,
            "puckering": "C3'-endo",
            "sugar_class": "~C3'-endo",
            "bin": "33p",
            "cluster": "1a",
            "suiteness": 0.109,
            "filter_rmsd": 0.038,
            "frame": {
                "rmsd": 0.01,
                "origin": [
                    -8.125,
                    9.01,
                    -7.969
                ],
                "x_axis": [
                    0.8,
                    -0.167,
                    -0.577
                ],
                "y_axis": [
                    -0.532,
                    0.249,
                    -0.81
                ],
                "z_axis": [
                    0.279,
                    0.954,
                    0.11
                ],
                "quaternion": [
                    0.735,
                    -0.6,
                    0.291,
                    0.124
                ]
            },
            "sse": {
                "sse": null
            },
            "binding_protein": null,
            "binding_ion": null,
            "binding_small-molecule": null,
            "TotalAsa": 174.59916866378236,
            "PolarAsa": 129.80575480464552,
            "ApolarAsa": 44.793413859136805,
            "id": "2tob.A.21"
        },
        {
            "index": 19,
            "index_chain": 19,
            "chain_name": "A",
            "nt_resnum": 22,
            "nt_name": "G",
            "nt_code": "G",
            "nt_id": "A.G22",
            "nt_type": "RNA",
            "dbn": ")",
            "summary": "anti,~C3'-endo,BI,canonical,non-pair-contact,helix,stem",
            "alpha": 142.3,
            "beta": -166.9,
            "gamma": 178.8,
            "delta": 94.8,
            "epsilon": -170.0,
            "zeta": -93.0,
            "epsilon_zeta": -77.0,
            "bb_type": "BI",
            "chi": -176.6,
            "glyco_bond": "anti",
            "C5prime_xyz": [
                -0.963,
                8.239,
                1.507
            ],
            "P_xyz": [
                0.649,
                10.05,
                0.446
            ],
            "form": "A",
            "ssZp": 4.55,
            "Dp": 4.5,
            "splay_angle": 21.553,
            "splay_distance": 3.304,
            "splay_ratio": 0.19,
            "eta": 166.3,
            "theta": -164.2,
            "eta_prime": -177.5,
            "theta_prime": -155.3,
            "eta_base": -133.7,
            "theta_base": -124.6,
            "v0": 15.1,
            "v1": -34.3,
            "v2": 40.2,
            "v3": -32.2,
            "v4": 10.8,
            "amplitude": 40.3,
            "phase_angle": 357.1,
            "puckering": "C2'-exo",
            "sugar_class": "~C3'-endo",
            "bin": "33t",
            "cluster": "1c",
            "suiteness": 0.288,
            "filter_rmsd": 0.008,
            "frame": {
                "rmsd": 0.008,
                "origin": [
                    -5.21,
                    10.971,
                    -7.196
                ],
                "x_axis": [
                    0.357,
                    -0.021,
                    -0.934
                ],
                "y_axis": [
                    -0.86,
                    0.384,
                    -0.337
                ],
                "z_axis": [
                    0.365,
                    0.923,
                    0.119
                ],
                "quaternion": [
                    0.682,
                    -0.462,
                    0.476,
                    0.308
                ]
            },
            "sse": {
                "sse": null
            },
            "binding_protein": null,
            "binding_ion": null,
            "binding_small-molecule": null,
            "TotalAsa": 179.56965190297015,
            "PolarAsa": 139.01629964622785,
            "ApolarAsa": 40.55335225674229,
            "id": "2tob.A.22"
        },
        {
            "index": 20,
            "index_chain": 20,
            "chain_name": "A",
            "nt_resnum": 23,
            "nt_name": "U",
            "nt_code": "U",
            "nt_id": "A.U23",
            "nt_type": "RNA",
            "dbn": ")",
            "summary": "anti,~C2'-endo,canonical,non-pair-contact,helix-end,stem-end",
            "alpha": 158.3,
            "beta": -133.7,
            "gamma": 176.4,
            "delta": 157.5,
            "epsilon": null,
            "zeta": null,
            "epsilon_zeta": null,
            "bb_type": "--",
            "chi": -164.1,
            "glyco_bond": "anti",
            "C5prime_xyz": [
                -1.902,
                8.369,
                1.311
            ],
            "P_xyz": [
                0.646,
                8.986,
                0.943
            ],
            "form": "-",
            "ssZp": null,
            "Dp": null,
            "splay_angle": null,
            "splay_distance": null,
            "splay_ratio": null,
            "eta": null,
            "theta": null,
            "eta_prime": null,
            "theta_prime": null,
            "eta_base": null,
            "theta_base": null,
            "v0": -18.0,
            "v1": 38.4,
            "v2": -43.4,
            "v3": 33.8,
            "v4": -10.2,
            "amplitude": 43.6,
            "phase_angle": 174.7,
            "puckering": "C2'-endo",
            "sugar_class": "~C2'-endo",
            "bin": "32t",
            "cluster": "1t",
            "suiteness": 0.098,
            "filter_rmsd": 0.099,
            "frame": {
                "rmsd": 0.011,
                "origin": [
                    -2.64,
                    13.02,
                    -7.538
                ],
                "x_axis": [
                    -0.253,
                    0.229,
                    -0.94
                ],
                "y_axis": [
                    -0.852,
                    0.408,
                    0.328
                ],
                "z_axis": [
                    0.459,
                    0.884,
                    0.092
                ],
                "quaternion": [
                    0.558,
                    -0.249,
                    0.626,
                    0.484
                ]
            },
            "sse": {
                "sse": null
            },
            "binding_protein": null,
            "binding_ion": null,
            "binding_small-molecule": null,
            "TotalAsa": 271.8355558292609,
            "PolarAsa": 173.93835076560742,
            "ApolarAsa": 97.89720506365347,
            "id": "2tob.A.23"
        },
        {
            "index": 1,
            "index_chain": 1,
            "chain_name": "A",
            "nt_resnum": 4,
            "nt_name": "A",
            "nt_code": "A",
            "nt_id": "A.A4",
            "nt_type": "RNA",
            "dbn": "(",
            "summary": "anti,~C3'-endo,BI,canonical,non-pair-contact,helix-end,stem-end",
            "alpha": null,
            "beta": null,
            "gamma": 178.3,
            "delta": 89.7,
            "epsilon": -173.3,
            "zeta": -86.8,
            "epsilon_zeta": -86.6,
            "bb_type": "BI",
            "chi": -153.6,
            "glyco_bond": "anti",
            "C5prime_xyz": [
                -1.325,
                8.722,
                0.092
            ],
            "P_xyz": [
                null,
                null,
                null
            ],
            "form": "A",
            "ssZp": 4.17,
            "Dp": 4.4,
            "splay_angle": 17.045,
            "splay_distance": 2.825,
            "splay_ratio": 0.15,
            "eta": null,
            "theta": null,
            "eta_prime": null,
            "theta_prime": null,
            "eta_base": null,
            "theta_base": null,
            "v0": 4.1,
            "v1": -27.5,
            "v2": 39.5,
            "v3": -37.9,
            "v4": 21.2,
            "amplitude": 40.5,
            "phase_angle": 12.7,
            "puckering": "C3'-endo",
            "sugar_class": "~C3'-endo",
            "bin": "inc",
            "cluster": "__",
            "suiteness": 0.0,
            "filter_rmsd": 0.038,
            "frame": {
                "rmsd": 0.009,
                "origin": [
                    -2.953,
                    12.742,
                    -7.64
                ],
                "x_axis": [
                    -0.233,
                    0.075,
                    -0.969
                ],
                "y_axis": [
                    0.85,
                    -0.469,
                    -0.241
                ],
                "z_axis": [
                    -0.472,
                    -0.88,
                    0.045
                ],
                "quaternion": [
                    -0.293,
                    -0.545,
                    -0.424,
                    0.661
                ]
            },
            "sse": {
                "sse": null
            },
            "binding_protein": null,
            "binding_ion": null,
            "binding_small-molecule": null,
            "TotalAsa": 252.28996555701784,
            "PolarAsa": 137.11320449678044,
            "ApolarAsa": 115.17676106023747,
            "id": "2tob.A.4"
        },
        {
            "index": 2,
            "index_chain": 2,
            "chain_name": "A",
            "nt_resnum": 5,
            "nt_name": "C",
            "nt_code": "C",
            "nt_id": "A.C5",
            "nt_type": "RNA",
            "dbn": "(",
            "summary": "anti,~C3'-endo,BI,canonical,non-pair-contact,helix,stem",
            "alpha": 143.0,
            "beta": -151.9,
            "gamma": 171.9,
            "delta": 92.0,
            "epsilon": -123.0,
            "zeta": -95.6,
            "epsilon_zeta": -27.5,
            "bb_type": "BI",
            "chi": -172.4,
            "glyco_bond": "anti",
            "C5prime_xyz": [
                -0.897,
                8.331,
                1.243
            ],
            "P_xyz": [
                0.832,
                9.671,
                -0.252
            ],
            "form": "A",
            "ssZp": 4.67,
            "Dp": 4.83,
            "splay_angle": 25.096,
            "splay_distance": 3.714,
            "splay_ratio": 0.217,
            "eta": 165.8,
            "theta": -169.5,
            "eta_prime": 178.0,
            "theta_prime": -168.4,
            "eta_base": -142.6,
            "theta_base": -149.1,
            "v0": 15.6,
            "v1": -36.8,
            "v2": 43.5,
            "v3": -35.3,
            "v4": 12.3,
            "amplitude": 43.6,
            "phase_angle": 357.9,
            "puckering": "C2'-exo",
            "sugar_class": "~C3'-endo",
            "bin": "33t",
            "cluster": "1c",
            "suiteness": 0.352,
            "filter_rmsd": 0.065,
            "frame": {
                "rmsd": 0.006,
                "origin": [
                    -5.228,
                    11.071,
                    -7.737
                ],
                "x_axis": [
                    0.095,
                    -0.245,
                    -0.965
                ],
                "y_axis": [
                    0.74,
                    -0.631,
                    0.233
                ],
                "z_axis": [
                    -0.666,
                    -0.736,
                    0.121
                ],
                "quaternion": [
                    -0.383,
                    -0.633,
                    -0.196,
                    0.643
                ]
            },
            "sse": {
                "sse": null
            },
            "binding_protein": null,
            "binding_ion": null,
            "binding_small-molecule": null,
            "TotalAsa": 177.38120365853652,
            "PolarAsa": 128.61021413082435,
            "ApolarAsa": 48.770989527712146,
            "id": "2tob.A.5"
        },
        {
            "index": 3,
            "index_chain": 3,
            "chain_name": "A",
            "nt_resnum": 6,
            "nt_name": "U",
            "nt_code": "U",
            "nt_id": "A.U6",
            "nt_type": "RNA",
            "dbn": "(",
            "summary": "anti,~C3'-endo,canonical,non-pair-contact,helix,stem,phosphate",
            "alpha": -79.0,
            "beta": 152.4,
            "gamma": 60.6,
            "delta": 89.3,
            "epsilon": -141.4,
            "zeta": -72.4,
            "epsilon_zeta": -69.0,
            "bb_type": "--",
            "chi": -176.2,
            "glyco_bond": "anti",
            "C5prime_xyz": [
                -1.141,
                8.325,
                1.455
            ],
            "P_xyz": [
                1.465,
                8.435,
                0.979
            ],
            "form": ".",
            "ssZp": 4.76,
            "Dp": 4.77,
            "splay_angle": 26.352,
            "splay_distance": 4.44,
            "splay_ratio": 0.237,
            "eta": 155.8,
            "theta": -131.4,
            "eta_prime": 169.3,
            "theta_prime": -134.1,
            "eta_base": -158.0,
            "theta_base": -96.0,
            "v0": 13.2,
            "v1": -36.4,
            "v2": 45.3,
            "v3": -38.4,
            "v4": 15.8,
            "amplitude": 45.3,
            "phase_angle": 1.8,
            "puckering": "C3'-endo",
            "sugar_class": "~C3'-endo",
            "bin": "33p",
            "cluster": "1m",
            "suiteness": 0.176,
            "filter_rmsd": 0.099,
            "frame": {
                "rmsd": 0.011,
                "origin": [
                    -8.437,
                    9.208,
                    -7.896
                ],
                "x_axis": [
                    0.746,
                    -0.26,
                    -0.613
                ],
                "y_axis": [
                    0.517,
                    -0.354,
                    0.779
                ],
                "z_axis": [
                    -0.42,
                    -0.898,
                    -0.129
                ],
                "quaternion": [
                    0.562,
                    0.746,
                    0.086,
                    -0.346
                ]
            },
            "sse": {
                "sse": null
            },
            "binding_protein": null,
            "binding_ion": null,
            "binding_small-molecule": null,
            "TotalAsa": 140.87488453608984,
            "PolarAsa": 93.34727254320389,
            "ApolarAsa": 47.52761199288595,
            "id": "2tob.A.6"
        },
        {
            "index": 4,
            "index_chain": 4,
            "chain_name": "A",
            "nt_resnum": 7,
            "nt_name": "U",
            "nt_code": "U",
            "nt_id": "A.U7",
            "nt_type": "RNA",
            "dbn": "(",
            "summary": "anti,~C3'-endo,BII,canonical,non-canonical,non-pair-contact,helix,stem-end,multiplet,internal-loop,cap-acceptor,phosphate",
            "alpha": -85.9,
            "beta": -173.0,
            "gamma": 52.9,
            "delta": 92.1,
            "epsilon": -108.6,
            "zeta": -168.1,
            "epsilon_zeta": 59.5,
            "bb_type": "BII",
            "chi": -176.3,
            "glyco_bond": "anti",
            "C5prime_xyz": [
                -0.941,
                8.179,
                1.485
            ],
            "P_xyz": [
                1.645,
                7.942,
                2.021
            ],
            "form": ".",
            "ssZp": 4.69,
            "Dp": 4.84,
            "splay_angle": 40.371,
            "splay_distance": 6.302,
            "splay_ratio": 0.347,
            "eta": 171.8,
            "theta": -159.7,
            "eta_prime": -176.6,
            "theta_prime": -156.9,
            "eta_base": -122.6,
            "theta_base": -171.4,
            "v0": 17.2,
            "v1": -38.0,
            "v2": 44.1,
            "v3": -34.9,
            "v4": 11.1,
            "amplitude": 44.2,
            "phase_angle": 356.1,
            "puckering": "C2'-exo",
            "sugar_class": "~C3'-endo",
            "bin": "33t",
            "cluster": "!!",
            "suiteness": 0.0,
            "filter_rmsd": 0.099,
            "frame": {
                "rmsd": 0.011,
                "origin": [
                    -7.428,
                    5.944,
                    -10.733
                ],
                "x_axis": [
                    0.928,
                    -0.372,
                    -0.02
                ],
                "y_axis": [
                    -0.045,
                    -0.166,
                    0.985
                ],
                "z_axis": [
                    -0.369,
                    -0.913,
                    -0.171
                ],
                "quaternion": [
                    0.631,
                    0.752,
                    -0.139,
                    -0.129
                ]
            },
            "sse": {
                "sse": null
            },
            "binding_protein": null,
            "binding_ion": null,
            "binding_small-molecule": true,
            "TotalAsa": 121.94360666810931,
            "PolarAsa": 111.35840466491067,
            "ApolarAsa": 10.585202003198624,
            "id": "2tob.A.7"
        },
        {
            "index": 5,
            "index_chain": 5,
            "chain_name": "A",
            "nt_resnum": 8,
            "nt_name": "G",
            "nt_code": "G",
            "nt_id": "A.G8",
            "nt_type": "RNA",
            "dbn": ".",
            "summary": "anti,~C3'-endo,non-canonical,non-pair-contact,helix,internal-loop,phosphate",
            "alpha": 81.6,
            "beta": -67.4,
            "gamma": -172.3,
            "delta": 86.6,
            "epsilon": -105.6,
            "zeta": -60.3,
            "epsilon_zeta": -45.2,
            "bb_type": "--",
            "chi": 134.2,
            "glyco_bond": "anti",
            "C5prime_xyz": [
                -3.367,
                7.484,
                2.908
            ],
            "P_xyz": [
                -1.576,
                9.233,
                2.012
            ],
            "form": ".",
            "ssZp": 3.18,
            "Dp": 3.89,
            "splay_angle": 24.325,
            "splay_distance": 4.233,
            "splay_ratio": 0.221,
            "eta": -144.5,
            "theta": -107.6,
            "eta_prime": -152.5,
            "theta_prime": -120.8,
            "eta_base": -164.0,
            "theta_base": -57.6,
            "v0": -23.2,
            "v1": -3.9,
            "v2": 27.2,
            "v3": -41.4,
            "v4": 40.6,
            "amplitude": 42.7,
            "phase_angle": 50.4,
            "puckering": "C4'-exo",
            "sugar_class": "~C3'-endo",
            "bin": "33t",
            "cluster": "!!",
            "suiteness": 0.0,
            "filter_rmsd": 0.007,
            "frame": {
                "rmsd": 0.007,
                "origin": [
                    -12.561,
                    4.464,
                    -14.076
                ],
                "x_axis": [
                    0.983,
                    -0.083,
                    -0.165
                ],
                "y_axis": [
                    0.16,
                    -0.068,
                    0.985
                ],
                "z_axis": [
                    -0.093,
                    -0.994,
                    -0.054
                ],
                "quaternion": [
                    0.682,
                    0.725,
                    0.027,
                    -0.089
                ]
            },
            "sse": {
                "sse": null
            },
            "binding_protein": null,
            "binding_ion": null,
            "binding_small-molecule": true,
            "TotalAsa": 188.92012580840128,
            "PolarAsa": 155.4077642894406,
            "ApolarAsa": 33.51236151896066,
            "id": "2tob.A.8"
        },
        {
            "index": 6,
            "index_chain": 6,
            "chain_name": "A",
            "nt_resnum": 9,
            "nt_name": "G",
            "nt_code": "G",
            "nt_id": "A.G9",
            "nt_type": "RNA",
            "dbn": ".",
            "summary": "anti,~C3'-endo,BI,non-canonical,non-pair-contact,helix,internal-loop",
            "alpha": 100.7,
            "beta": -166.5,
            "gamma": 178.4,
            "delta": 88.4,
            "epsilon": -157.2,
            "zeta": -83.4,
            "epsilon_zeta": -73.8,
            "bb_type": "BI",
            "chi": -172.8,
            "glyco_bond": "anti",
            "C5prime_xyz": [
                -1.127,
                8.48,
                1.277
            ],
            "P_xyz": [
                0.247,
                10.382,
                0.045
            ],
            "form": "A",
            "ssZp": 4.67,
            "Dp": 4.64,
            "splay_angle": 27.725,
            "splay_distance": 4.111,
            "splay_ratio": 0.243,
            "eta": 100.0,
            "theta": -156.2,
            "eta_prime": 136.3,
            "theta_prime": -158.1,
            "eta_base": -122.9,
            "theta_base": -125.0,
            "v0": 10.2,
            "v1": -33.6,
            "v2": 43.7,
            "v3": -38.6,
            "v4": 17.8,
            "amplitude": 43.8,
            "phase_angle": 5.4,
            "puckering": "C3'-endo",
            "sugar_class": "~C3'-endo",
            "bin": "33t",
            "cluster": "!!",
            "suiteness": 0.0,
            "filter_rmsd": 0.007,
            "frame": {
                "rmsd": 0.007,
                "origin": [
                    -9.945,
                    1.136,
                    -14.102
                ],
                "x_axis": [
                    0.564,
                    0.158,
                    0.81
                ],
                "y_axis": [
                    -0.825,
                    0.069,
                    0.561
                ],
                "z_axis": [
                    0.033,
                    -0.985,
                    0.17
                ],
                "quaternion": [
                    0.671,
                    0.576,
                    -0.289,
                    0.366
                ]
            },
            "sse": {
                "sse": null
            },
            "binding_protein": null,
            "binding_ion": null,
            "binding_small-molecule": true,
            "TotalAsa": 189.59584689613004,
            "PolarAsa": 158.11341935233216,
            "ApolarAsa": 31.48242754379787,
            "id": "2tob.A.9"
        }
    ],
    "links": [
        {
            "LW": "B53",
            "backbone": true,
            "source": "2tob.A.10",
            "target": "2tob.A.11"
        },
        {
            "LW": "B35",
            "backbone": true,
            "source": "2tob.A.10",
            "target": "2tob.A.9"
        },
        {
            "index": 8,
            "nt1": "A.U10",
            "nt2": "A.A17",
            "bp": "U-A",
            "name": "WC",
            "Saenger": "20-XX",
            "LW": "cWW",
            "DSSR": "cW-W",
            "source": "2tob.A.10",
            "target": "2tob.A.17"
        },
        {
            "LW": "B53",
            "backbone": true,
            "source": "2tob.A.11",
            "target": "2tob.A.12"
        },
        {
            "LW": "B35",
            "backbone": true,
            "source": "2tob.A.11",
            "target": "2tob.A.10"
        },
        {
            "index": 9,
            "nt1": "A.U11",
            "nt2": "A.U16",
            "bp": "U-U",
            "name": "--",
            "Saenger": "16-XVI",
            "LW": "cWW",
            "DSSR": "cW-W",
            "source": "2tob.A.11",
            "target": "2tob.A.16"
        },
        {
            "LW": "B53",
            "backbone": true,
            "source": "2tob.A.12",
            "target": "2tob.A.13"
        },
        {
            "LW": "B35",
            "backbone": true,
            "source": "2tob.A.12",
            "target": "2tob.A.11"
        },
        {
            "LW": "B53",
            "backbone": true,
            "source": "2tob.A.13",
            "target": "2tob.A.14"
        },
        {
            "LW": "B35",
            "backbone": true,
            "source": "2tob.A.13",
            "target": "2tob.A.12"
        },
        {
            "LW": "B53",
            "backbone": true,
            "source": "2tob.A.14",
            "target": "2tob.A.15"
        },
        {
            "LW": "B35",
            "backbone": true,
            "source": "2tob.A.14",
            "target": "2tob.A.13"
        },
        {
            "LW": "B53",
            "backbone": true,
            "source": "2tob.A.15",
            "target": "2tob.A.16"
        },
        {
            "LW": "B35",
            "backbone": true,
            "source": "2tob.A.15",
            "target": "2tob.A.14"
        },
        {
            "index": 4,
            "nt1": "A.G15",
            "nt2": "A.U7",
            "bp": "G+U",
            "name": "--",
            "Saenger": "--",
            "LW": "cWH",
            "DSSR": "cM+W",
            "source": "2tob.A.15",
            "target": "2tob.A.7"
        },
        {
            "LW": "B53",
            "backbone": true,
            "source": "2tob.A.16",
            "target": "2tob.A.17"
        },
        {
            "LW": "B35",
            "backbone": true,
            "source": "2tob.A.16",
            "target": "2tob.A.15"
        },
        {
            "index": 9,
            "nt1": "A.U16",
            "nt2": "A.U11",
            "bp": "U-U",
            "name": "--",
            "Saenger": "16-XVI",
            "LW": "cWW",
            "DSSR": "cW-W",
            "source": "2tob.A.16",
            "target": "2tob.A.11"
        },
        {
            "LW": "B53",
            "backbone": true,
            "source": "2tob.A.17",
            "target": "2tob.A.18"
        },
        {
            "LW": "B35",
            "backbone": true,
            "source": "2tob.A.17",
            "target": "2tob.A.16"
        },
        {
            "index": 8,
            "nt1": "A.A17",
            "nt2": "A.U10",
            "bp": "A-U",
            "name": "WC",
            "Saenger": "20-XX",
            "LW": "cWW",
            "DSSR": "cW-W",
            "source": "2tob.A.17",
            "target": "2tob.A.10"
        },
        {
            "LW": "B53",
            "backbone": true,
            "source": "2tob.A.18",
            "target": "2tob.A.19"
        },
        {
            "LW": "B35",
            "backbone": true,
            "source": "2tob.A.18",
            "target": "2tob.A.17"
        },
        {
            "index": 7,
            "nt1": "A.A18",
            "nt2": "A.G9",
            "bp": "A-G",
            "name": "Imino",
            "Saenger": "08-VIII",
            "LW": "cWW",
            "DSSR": "cW-W",
            "source": "2tob.A.18",
            "target": "2tob.A.9"
        },
        {
            "LW": "B53",
            "backbone": true,
            "source": "2tob.A.19",
            "target": "2tob.A.20"
        },
        {
            "LW": "B35",
            "backbone": true,
            "source": "2tob.A.19",
            "target": "2tob.A.18"
        },
        {
            "index": 6,
            "nt1": "A.U19",
            "nt2": "A.G8",
            "bp": "U-G",
            "name": "--",
            "Saenger": "--",
            "LW": "tWH",
            "DSSR": "tM-W",
            "source": "2tob.A.19",
            "target": "2tob.A.8"
        },
        {
            "LW": "B53",
            "backbone": true,
            "source": "2tob.A.20",
            "target": "2tob.A.21"
        },
        {
            "LW": "B35",
            "backbone": true,
            "source": "2tob.A.20",
            "target": "2tob.A.19"
        },
        {
            "index": 5,
            "nt1": "A.G20",
            "nt2": "A.U7",
            "bp": "G-U",
            "name": "Wobble",
            "Saenger": "28-XXVIII",
            "LW": "cWW",
            "DSSR": "cW-W",
            "source": "2tob.A.20",
            "target": "2tob.A.7"
        },
        {
            "LW": "B53",
            "backbone": true,
            "source": "2tob.A.21",
            "target": "2tob.A.22"
        },
        {
            "LW": "B35",
            "backbone": true,
            "source": "2tob.A.21",
            "target": "2tob.A.20"
        },
        {
            "index": 3,
            "nt1": "A.A21",
            "nt2": "A.U6",
            "bp": "A-U",
            "name": "WC",
            "Saenger": "20-XX",
            "LW": "cWW",
            "DSSR": "cW-W",
            "source": "2tob.A.21",
            "target": "2tob.A.6"
        },
        {
            "LW": "B53",
            "backbone": true,
            "source": "2tob.A.22",
            "target": "2tob.A.23"
        },
        {
            "LW": "B35",
            "backbone": true,
            "source": "2tob.A.22",
            "target": "2tob.A.21"
        },
        {
            "index": 2,
            "nt1": "A.G22",
            "nt2": "A.C5",
            "bp": "G-C",
            "name": "WC",
            "Saenger": "19-XIX",
            "LW": "cWW",
            "DSSR": "cW-W",
            "source": "2tob.A.22",
            "target": "2tob.A.5"
        },
        {
            "LW": "B35",
            "backbone": true,
            "source": "2tob.A.23",
            "target": "2tob.A.22"
        },
        {
            "index": 1,
            "nt1": "A.U23",
            "nt2": "A.A4",
            "bp": "U-A",
            "name": "WC",
            "Saenger": "20-XX",
            "LW": "cWW",
            "DSSR": "cW-W",
            "source": "2tob.A.23",
            "target": "2tob.A.4"
        },
        {
            "LW": "B53",
            "backbone": true,
            "source": "2tob.A.4",
            "target": "2tob.A.5"
        },
        {
            "index": 1,
            "nt1": "A.A4",
            "nt2": "A.U23",
            "bp": "A-U",
            "name": "WC",
            "Saenger": "20-XX",
            "LW": "cWW",
            "DSSR": "cW-W",
            "source": "2tob.A.4",
            "target": "2tob.A.23"
        },
        {
            "LW": "B53",
            "backbone": true,
            "source": "2tob.A.5",
            "target": "2tob.A.6"
        },
        {
            "LW": "B35",
            "backbone": true,
            "source": "2tob.A.5",
            "target": "2tob.A.4"
        },
        {
            "index": 2,
            "nt1": "A.C5",
            "nt2": "A.G22",
            "bp": "C-G",
            "name": "WC",
            "Saenger": "19-XIX",
            "LW": "cWW",
            "DSSR": "cW-W",
            "source": "2tob.A.5",
            "target": "2tob.A.22"
        },
        {
            "LW": "B53",
            "backbone": true,
            "source": "2tob.A.6",
            "target": "2tob.A.7"
        },
        {
            "LW": "B35",
            "backbone": true,
            "source": "2tob.A.6",
            "target": "2tob.A.5"
        },
        {
            "index": 3,
            "nt1": "A.U6",
            "nt2": "A.A21",
            "bp": "U-A",
            "name": "WC",
            "Saenger": "20-XX",
            "LW": "cWW",
            "DSSR": "cW-W",
            "source": "2tob.A.6",
            "target": "2tob.A.21"
        },
        {
            "LW": "B53",
            "backbone": true,
            "source": "2tob.A.7",
            "target": "2tob.A.8"
        },
        {
            "LW": "B35",
            "backbone": true,
            "source": "2tob.A.7",
            "target": "2tob.A.6"
        },
        {
            "index": 4,
            "nt1": "A.U7",
            "nt2": "A.G15",
            "bp": "U+G",
            "name": "--",
            "Saenger": "--",
            "LW": "cHW",
            "DSSR": "cM+W",
            "source": "2tob.A.7",
            "target": "2tob.A.15"
        },
        {
            "index": 5,
            "nt1": "A.U7",
            "nt2": "A.G20",
            "bp": "U-G",
            "name": "Wobble",
            "Saenger": "28-XXVIII",
            "LW": "cWW",
            "DSSR": "cW-W",
            "source": "2tob.A.7",
            "target": "2tob.A.20"
        },
        {
            "LW": "B53",
            "backbone": true,
            "source": "2tob.A.8",
            "target": "2tob.A.9"
        },
        {
            "LW": "B35",
            "backbone": true,
            "source": "2tob.A.8",
            "target": "2tob.A.7"
        },
        {
            "index": 6,
            "nt1": "A.G8",
            "nt2": "A.U19",
            "bp": "G-U",
            "name": "--",
            "Saenger": "--",
            "LW": "tHW",
            "DSSR": "tM-W",
            "source": "2tob.A.8",
            "target": "2tob.A.19"
        },
        {
            "LW": "B53",
            "backbone": true,
            "source": "2tob.A.9",
            "target": "2tob.A.10"
        },
        {
            "LW": "B35",
            "backbone": true,
            "source": "2tob.A.9",
            "target": "2tob.A.8"
        },
        {
            "index": 7,
            "nt1": "A.G9",
            "nt2": "A.A18",
            "bp": "G-A",
            "name": "Imino",
            "Saenger": "08-VIII",
            "LW": "cWW",
            "DSSR": "cW-W",
            "source": "2tob.A.9",
            "target": "2tob.A.18"
        }
    ]
}