{
    "directed": true,
    "multigraph": false,
    "graph": {
        "dbn": {
            "all_chains": {
                "num_nts": 20,
                "num_chars": 20,
                "bseq": "ACUUGGUUUAGGUAAUGAGU",
                "sstr": "((((..(......)..))))",
                "form": "AA...AA........AAAA-"
            },
            "single_chains": {
                "m1_chain_A": {
                    "num_nts": 20,
                    "num_chars": 20,
                    "bseq": "ACUUGGUUUAGGUAAUGAGU",
                    "sstr": "((((..(......)..))))",
                    "form": "AA...AA........AAAA-"
                }
            }
        },
        "resolution_low": null,
        "resolution_high": null
    },
    "nodes": [
        {
            "index": 7,
            "index_chain": 7,
            "chain_name": "A",
            "nt_resnum": 10,
            "nt_name": "U",
            "nt_code": "U",
            "nt_id": "A.U10",
            "nt_type": "RNA",
            "dbn": "(",
            "summary": "anti,~C3'-endo,BI,isolated-canonical,non-pair-contact,helix,hairpin-loop,internal-loop,phosphate",
            "alpha": -63.9,
            "beta": 176.5,
            "gamma": 55.8,
            "delta": 93.6,
            "epsilon": -158.8,
            "zeta": -97.2,
            "epsilon_zeta": -61.6,
            "bb_type": "BI",
            "chi": 179.6,
            "glyco_bond": "anti",
            "C5prime_xyz": [
                -1.304,
                8.232,
                1.705
            ],
            "P_xyz": [
                1.26,
                8.219,
                2.367
            ],
            "form": "A",
            "ssZp": 4.43,
            "Dp": 4.52,
            "splay_angle": 23.693,
            "splay_distance": 3.799,
            "splay_ratio": 0.213,
            "eta": 175.8,
            "theta": -117.3,
            "eta_prime": -163.7,
            "theta_prime": -119.0,
            "eta_base": -114.2,
            "theta_base": -88.7,
            "v0": 10.5,
            "v1": -30.9,
            "v2": 38.9,
            "v3": -33.7,
            "v4": 14.5,
            "amplitude": 39.0,
            "phase_angle": 3.3,
            "puckering": "C3'-endo",
            "sugar_class": "~C3'-endo",
            "bin": "33p",
            "cluster": "1a",
            "suiteness": 0.592,
            "filter_rmsd": 0.097,
            "frame": {
                "rmsd": 0.013,
                "origin": [
                    -7.546,
                    -2.079,
                    -13.202
                ],
                "x_axis": [
                    -0.071,
                    0.233,
                    0.97
                ],
                "y_axis": [
                    -0.997,
                    0.02,
                    -0.078
                ],
                "z_axis": [
                    -0.037,
                    -0.972,
                    0.231
                ],
                "quaternion": [
                    0.543,
                    0.412,
                    -0.464,
                    0.566
                ]
            },
            "sse": {
                "sse": "hairpin_1"
            },
            "binding_protein": null,
            "binding_ion": null,
            "binding_small-molecule": true,
            "TotalAsa": 164.4578661993136,
            "PolarAsa": 123.98332023993903,
            "ApolarAsa": 40.47454595937455,
            "id": "2tob.A.10"
        },
        {
            "index": 8,
            "index_chain": 8,
            "chain_name": "A",
            "nt_resnum": 11,
            "nt_name": "U",
            "nt_code": "U",
            "nt_id": "A.U11",
            "nt_type": "RNA",
            "dbn": ".",
            "summary": "anti,BI,non-canonical,non-pair-contact,helix-end,hairpin-loop",
            "alpha": 157.9,
            "beta": -109.9,
            "gamma": 162.4,
            "delta": 102.0,
            "epsilon": -143.2,
            "zeta": -69.0,
            "epsilon_zeta": -74.2,
            "bb_type": "BI",
            "chi": 169.6,
            "glyco_bond": "anti",
            "C5prime_xyz": [
                -2.7,
                8.682,
                1.491
            ],
            "P_xyz": [
                -0.201,
                9.452,
                1.107
            ],
            "form": ".",
            "ssZp": 2.81,
            "Dp": 3.03,
            "splay_angle": 15.699,
            "splay_distance": 2.97,
            "splay_ratio": 0.148,
            "eta": 178.4,
            "theta": -96.1,
            "eta_prime": -151.8,
            "theta_prime": -132.7,
            "eta_base": -100.2,
            "theta_base": -109.6,
            "v0": -36.9,
            "v1": 19.0,
            "v2": 3.4,
            "v3": -24.6,
            "v4": 38.9,
            "amplitude": 38.9,
            "phase_angle": 85.0,
            "puckering": "O4'-endo",
            "sugar_class": "--",
            "bin": "33t",
            "cluster": "!!",
            "suiteness": 0.0,
            "filter_rmsd": 0.099,
            "frame": {
                "rmsd": 0.012,
                "origin": [
                    -6.975,
                    -4.364,
                    -10.222
                ],
                "x_axis": [
                    -0.744,
                    0.179,
                    0.644
                ],
                "y_axis": [
                    -0.669,
                    -0.189,
                    -0.719
                ],
                "z_axis": [
                    -0.007,
                    -0.965,
                    0.26
                ],
                "quaternion": [
                    0.286,
                    0.215,
                    -0.569,
                    0.741
                ]
            },
            "sse": {
                "sse": "hairpin_1"
            },
            "binding_protein": null,
            "binding_ion": null,
            "binding_small-molecule": true,
            "TotalAsa": 157.28027854047744,
            "PolarAsa": 102.54080420440803,
            "ApolarAsa": 54.73947433606942,
            "id": "2tob.A.11"
        },
        {
            "index": 9,
            "index_chain": 9,
            "chain_name": "A",
            "nt_resnum": 12,
            "nt_name": "U",
            "nt_code": "U",
            "nt_id": "A.U12",
            "nt_type": "RNA",
            "dbn": ".",
            "summary": "u-turn,anti,~C3'-endo,non-pair-contact,hairpin-loop,cap-acceptor",
            "alpha": 98.5,
            "beta": 173.5,
            "gamma": 178.0,
            "delta": 87.2,
            "epsilon": -127.8,
            "zeta": -98.6,
            "epsilon_zeta": -29.2,
            "bb_type": "--",
            "chi": -155.7,
            "glyco_bond": "anti",
            "C5prime_xyz": [
                -1.037,
                8.617,
                0.235
            ],
            "P_xyz": [
                -0.212,
                10.515,
                -1.429
            ],
            "form": ".",
            "ssZp": 4.19,
            "Dp": 4.81,
            "splay_angle": 66.175,
            "splay_distance": 9.979,
            "splay_ratio": 0.546,
            "eta": 100.4,
            "theta": -149.0,
            "eta_prime": 126.2,
            "theta_prime": 178.6,
            "eta_base": 178.6,
            "theta_base": 110.3,
            "v0": 11.3,
            "v1": -35.4,
            "v2": 45.2,
            "v3": -39.6,
            "v4": 17.7,
            "amplitude": 45.4,
            "phase_angle": 4.4,
            "puckering": "C3'-endo",
            "sugar_class": "~C3'-endo",
            "bin": "33t",
            "cluster": "!!",
            "suiteness": 0.0,
            "filter_rmsd": 0.098,
            "frame": {
                "rmsd": 0.012,
                "origin": [
                    -6.668,
                    -6.413,
                    -8.095
                ],
                "x_axis": [
                    -0.972,
                    0.234,
                    -0.029
                ],
                "y_axis": [
                    -0.076,
                    -0.425,
                    -0.902
                ],
                "z_axis": [
                    -0.224,
                    -0.874,
                    0.431
                ],
                "quaternion": [
                    0.092,
                    -0.075,
                    -0.528,
                    0.841
                ]
            },
            "sse": {
                "sse": "hairpin_1"
            },
            "binding_protein": null,
            "binding_ion": null,
            "binding_small-molecule": true,
            "TotalAsa": 150.41285356690332,
            "PolarAsa": 117.40897257625107,
            "ApolarAsa": 33.00388099065225,
            "id": "2tob.A.12"
        },
        {
            "index": 10,
            "index_chain": 10,
            "chain_name": "A",
            "nt_resnum": 13,
            "nt_name": "A",
            "nt_code": "A",
            "nt_id": "A.A13",
            "nt_type": "RNA",
            "dbn": ".",
            "summary": "turn,u-turn,anti,BI,non-pair-contact,hairpin-loop",
            "alpha": 139.8,
            "beta": -137.7,
            "gamma": 62.0,
            "delta": 98.2,
            "epsilon": -161.7,
            "zeta": -63.8,
            "epsilon_zeta": -97.8,
            "bb_type": "BI",
            "chi": -142.9,
            "glyco_bond": "anti",
            "C5prime_xyz": [
                -1.156,
                8.576,
                -0.482
            ],
            "P_xyz": [
                1.423,
                8.594,
                0.164
            ],
            "form": ".",
            "ssZp": 3.79,
            "Dp": 4.37,
            "splay_angle": 23.874,
            "splay_distance": 4.342,
            "splay_ratio": 0.214,
            "eta": 40.5,
            "theta": -129.7,
            "eta_prime": 61.4,
            "theta_prime": -132.6,
            "eta_base": 20.2,
            "theta_base": -115.5,
            "v0": 7.8,
            "v1": -26.2,
            "v2": 34.0,
            "v3": -30.1,
            "v4": 14.1,
            "amplitude": 34.2,
            "phase_angle": 5.6,
            "puckering": "C3'-endo",
            "sugar_class": "--",
            "bin": "33p",
            "cluster": "!!",
            "suiteness": 0.0,
            "filter_rmsd": 0.039,
            "frame": {
                "rmsd": 0.009,
                "origin": [
                    1.179,
                    -12.576,
                    -8.225
                ],
                "x_axis": [
                    0.504,
                    0.179,
                    -0.845
                ],
                "y_axis": [
                    -0.846,
                    -0.096,
                    -0.525
                ],
                "z_axis": [
                    -0.175,
                    0.979,
                    0.103
                ],
                "quaternion": [
                    0.615,
                    -0.612,
                    0.272,
                    0.417
                ]
            },
            "sse": {
                "sse": "hairpin_1"
            },
            "binding_protein": null,
            "binding_ion": null,
            "binding_small-molecule": null,
            "TotalAsa": 291.8590628163982,
            "PolarAsa": 185.16500902542867,
            "ApolarAsa": 106.69405379096955,
            "id": "2tob.A.13"
        },
        {
            "index": 11,
            "index_chain": 11,
            "chain_name": "A",
            "nt_resnum": 14,
            "nt_name": "G",
            "nt_code": "G",
            "nt_id": "A.G14",
            "nt_type": "RNA",
            "dbn": ".",
            "summary": "u-turn,anti,~C3'-endo,non-pair-contact,hairpin-loop,cap-donor,cap-acceptor,phosphate,splayed-apart",
            "alpha": -68.5,
            "beta": 162.6,
            "gamma": 62.9,
            "delta": 88.8,
            "epsilon": -119.1,
            "zeta": -127.9,
            "epsilon_zeta": 8.8,
            "bb_type": "--",
            "chi": -165.5,
            "glyco_bond": "anti",
            "C5prime_xyz": [
                -2.187,
                9.005,
                0.492
            ],
            "P_xyz": [
                0.233,
                10.089,
                0.619
            ],
            "form": ".",
            "ssZp": 3.8,
            "Dp": 4.08,
            "splay_angle": 105.552,
            "splay_distance": 14.19,
            "splay_ratio": 0.798,
            "eta": -178.9,
            "theta": -116.6,
            "eta_prime": -162.5,
            "theta_prime": -127.8,
            "eta_base": -130.9,
            "theta_base": -139.4,
            "v0": -18.1,
            "v1": -7.5,
            "v2": 28.3,
            "v3": -39.5,
            "v4": 36.3,
            "amplitude": 39.9,
            "phase_angle": 44.7,
            "puckering": "C4'-exo",
            "sugar_class": "~C3'-endo",
            "bin": "33t",
            "cluster": "1c",
            "suiteness": 0.158,
            "filter_rmsd": 0.006,
            "frame": {
                "rmsd": 0.006,
                "origin": [
                    2.202,
                    -8.913,
                    -10.319
                ],
                "x_axis": [
                    -0.125,
                    -0.256,
                    -0.959
                ],
                "y_axis": [
                    -0.959,
                    -0.216,
                    0.183
                ],
                "z_axis": [
                    -0.254,
                    0.942,
                    -0.218
                ],
                "quaternion": [
                    -0.332,
                    0.572,
                    -0.531,
                    -0.53
                ]
            },
            "sse": {
                "sse": "hairpin_1"
            },
            "binding_protein": null,
            "binding_ion": null,
            "binding_small-molecule": true,
            "TotalAsa": 172.30675133398788,
            "PolarAsa": 158.74318100537954,
            "ApolarAsa": 13.563570328608302,
            "id": "2tob.A.14"
        },
        {
            "index": 12,
            "index_chain": 12,
            "chain_name": "A",
            "nt_resnum": 15,
            "nt_name": "G",
            "nt_code": "G",
            "nt_id": "A.G15",
            "nt_type": "RNA",
            "dbn": ".",
            "summary": "turn,u-turn,syn,~C2'-endo,non-stack,non-canonical,non-pair-contact,multiplet,hairpin-loop,cap-acceptor,phosphate,splayed-apart",
            "alpha": 112.0,
            "beta": -68.3,
            "gamma": -83.1,
            "delta": 153.2,
            "epsilon": -164.6,
            "zeta": -142.2,
            "epsilon_zeta": -22.4,
            "bb_type": "--",
            "chi": 58.8,
            "glyco_bond": "syn",
            "C5prime_xyz": [
                -5.29,
                3.675,
                0.985
            ],
            "P_xyz": [
                -7.44,
                4.427,
                2.351
            ],
            "form": ".",
            "ssZp": -2.07,
            "Dp": 1.97,
            "splay_angle": 66.676,
            "splay_distance": 10.77,
            "splay_ratio": 0.55,
            "eta": -33.3,
            "theta": 120.9,
            "eta_prime": -31.9,
            "theta_prime": 96.2,
            "eta_base": -24.9,
            "theta_base": 62.8,
            "v0": -19.8,
            "v1": 35.6,
            "v2": -37.8,
            "v3": 27.0,
            "v4": -4.7,
            "amplitude": 38.5,
            "phase_angle": 168.5,
            "puckering": "C2'-endo",
            "sugar_class": "~C2'-endo",
            "bin": "trig",
            "cluster": "!!",
            "suiteness": 0.0,
            "filter_rmsd": 0.006,
            "frame": {
                "rmsd": 0.006,
                "origin": [
                    -5.299,
                    2.263,
                    -5.823
                ],
                "x_axis": [
                    0.2,
                    0.842,
                    -0.5
                ],
                "y_axis": [
                    0.703,
                    -0.479,
                    -0.526
                ],
                "z_axis": [
                    -0.683,
                    -0.246,
                    -0.688
                ],
                "quaternion": [
                    -0.091,
                    0.769,
                    0.502,
                    -0.384
                ]
            },
            "sse": {
                "sse": "hairpin_1"
            },
            "binding_protein": null,
            "binding_ion": null,
            "binding_small-molecule": true,
            "TotalAsa": 217.81201335070278,
            "PolarAsa": 145.71371519894262,
            "ApolarAsa": 72.09829815176016,
            "id": "2tob.A.15"
        },
        {
            "index": 13,
            "index_chain": 13,
            "chain_name": "A",
            "nt_resnum": 16,
            "nt_name": "U",
            "nt_code": "U",
            "nt_id": "A.U16",
            "nt_type": "RNA",
            "dbn": ".",
            "summary": "anti,~C3'-endo,BI,non-canonical,non-pair-contact,helix-end,hairpin-loop,cap-donor,phosphate",
            "alpha": 29.2,
            "beta": -144.8,
            "gamma": 174.4,
            "delta": 91.3,
            "epsilon": -128.6,
            "zeta": -73.7,
            "epsilon_zeta": -55.0,
            "bb_type": "BI",
            "chi": 178.7,
            "glyco_bond": "anti",
            "C5prime_xyz": [
                -1.009,
                8.088,
                1.781
            ],
            "P_xyz": [
                0.783,
                9.558,
                0.522
            ],
            "form": ".",
            "ssZp": 4.86,
            "Dp": 4.81,
            "splay_angle": 20.535,
            "splay_distance": 3.27,
            "splay_ratio": 0.193,
            "eta": 73.2,
            "theta": -145.8,
            "eta_prime": 58.5,
            "theta_prime": -142.7,
            "eta_base": 78.0,
            "theta_base": -99.0,
            "v0": 15.7,
            "v1": -36.8,
            "v2": 43.5,
            "v3": -35.3,
            "v4": 12.3,
            "amplitude": 43.5,
            "phase_angle": 357.9,
            "puckering": "C2'-exo",
            "sugar_class": "~C3'-endo",
            "bin": "trig",
            "cluster": "!!",
            "suiteness": 0.0,
            "filter_rmsd": 0.098,
            "frame": {
                "rmsd": 0.013,
                "origin": [
                    -6.183,
                    -5.244,
                    -13.494
                ],
                "x_axis": [
                    -0.659,
                    0.37,
                    0.655
                ],
                "y_axis": [
                    0.673,
                    -0.098,
                    0.733
                ],
                "z_axis": [
                    0.335,
                    0.924,
                    -0.185
                ],
                "quaternion": [
                    -0.121,
                    0.395,
                    0.661,
                    0.627
                ]
            },
            "sse": {
                "sse": "hairpin_1"
            },
            "binding_protein": null,
            "binding_ion": null,
            "binding_small-molecule": true,
            "TotalAsa": 93.63820150927138,
            "PolarAsa": 74.49062535680945,
            "ApolarAsa": 19.147576152461934,
            "id": "2tob.A.16"
        },
        {
            "index": 14,
            "index_chain": 14,
            "chain_name": "A",
            "nt_resnum": 17,
            "nt_name": "A",
            "nt_code": "A",
            "nt_id": "A.A17",
            "nt_type": "RNA",
            "dbn": ")",
            "summary": "anti,~C3'-endo,BI,isolated-canonical,non-pair-contact,helix,hairpin-loop,internal-loop",
            "alpha": -55.9,
            "beta": 156.7,
            "gamma": 55.0,
            "delta": 88.7,
            "epsilon": -99.7,
            "zeta": -31.9,
            "epsilon_zeta": -67.8,
            "bb_type": "BI",
            "chi": -164.1,
            "glyco_bond": "anti",
            "C5prime_xyz": [
                -1.749,
                8.779,
                0.661
            ],
            "P_xyz": [
                0.844,
                9.308,
                0.716
            ],
            "form": ".",
            "ssZp": 3.88,
            "Dp": 4.45,
            "splay_angle": 20.336,
            "splay_distance": 3.548,
            "splay_ratio": 0.179,
            "eta": -179.1,
            "theta": -103.7,
            "eta_prime": -158.4,
            "theta_prime": -133.1,
            "eta_base": -100.0,
            "theta_base": -138.7,
            "v0": -2.9,
            "v1": -21.6,
            "v2": 36.7,
            "v3": -39.2,
            "v4": 26.4,
            "amplitude": 39.8,
            "phase_angle": 22.5,
            "puckering": "C3'-endo",
            "sugar_class": "~C3'-endo",
            "bin": "33p",
            "cluster": "!!",
            "suiteness": 0.0,
            "filter_rmsd": 0.039,
            "frame": {
                "rmsd": 0.009,
                "origin": [
                    -7.599,
                    -2.297,
                    -13.41
                ],
                "x_axis": [
                    -0.02,
                    0.186,
                    0.982
                ],
                "y_axis": [
                    0.983,
                    -0.178,
                    0.053
                ],
                "z_axis": [
                    0.185,
                    0.966,
                    -0.179
                ],
                "quaternion": [
                    -0.395,
                    0.578,
                    0.505,
                    0.505
                ]
            },
            "sse": {
                "sse": "hairpin_1"
            },
            "binding_protein": null,
            "binding_ion": null,
            "binding_small-molecule": true,
            "TotalAsa": 149.6248206818831,
            "PolarAsa": 91.78028207313662,
            "ApolarAsa": 57.844538608746475,
            "id": "2tob.A.17"
        },
        {
            "index": 15,
            "index_chain": 15,
            "chain_name": "A",
            "nt_resnum": 18,
            "nt_name": "A",
            "nt_code": "A",
            "nt_id": "A.A18",
            "nt_type": "RNA",
            "dbn": ".",
            "summary": "anti,~C3'-endo,non-canonical,non-pair-contact,helix,internal-loop",
            "alpha": -88.9,
            "beta": 29.5,
            "gamma": 172.5,
            "delta": 91.6,
            "epsilon": -141.2,
            "zeta": -76.5,
            "epsilon_zeta": -64.7,
            "bb_type": "--",
            "chi": 175.2,
            "glyco_bond": "anti",
            "C5prime_xyz": [
                -1.191,
                8.063,
                1.965
            ],
            "P_xyz": [
                -1.864,
                9.883,
                0.108
            ],
            "form": ".",
            "ssZp": 4.78,
            "Dp": 4.71,
            "splay_angle": 20.015,
            "splay_distance": 3.765,
            "splay_ratio": 0.194,
            "eta": 163.7,
            "theta": 145.9,
            "eta_prime": 157.0,
            "theta_prime": 177.1,
            "eta_base": 167.9,
            "theta_base": -155.1,
            "v0": 12.2,
            "v1": -33.2,
            "v2": 41.4,
            "v3": -35.1,
            "v4": 14.3,
            "amplitude": 41.4,
            "phase_angle": 1.8,
            "puckering": "C3'-endo",
            "sugar_class": "~C3'-endo",
            "bin": "33t",
            "cluster": "1e",
            "suiteness": 0.01,
            "filter_rmsd": 0.039,
            "frame": {
                "rmsd": 0.01,
                "origin": [
                    -8.723,
                    0.863,
                    -14.566
                ],
                "x_axis": [
                    0.157,
                    -0.055,
                    0.986
                ],
                "y_axis": [
                    0.972,
                    -0.171,
                    -0.164
                ],
                "z_axis": [
                    0.177,
                    0.984,
                    0.026
                ],
                "quaternion": [
                    0.503,
                    -0.57,
                    -0.402,
                    -0.51
                ]
            },
            "sse": {
                "sse": null
            },
            "binding_protein": null,
            "binding_ion": null,
            "binding_small-molecule": true,
            "TotalAsa": 174.17400325437225,
            "PolarAsa": 134.73041110763387,
            "ApolarAsa": 39.443592146738375,
            "id": "2tob.A.18"
        },
        {
            "index": 16,
            "index_chain": 16,
            "chain_name": "A",
            "nt_resnum": 19,
            "nt_name": "U",
            "nt_code": "U",
            "nt_id": "A.U19",
            "nt_type": "RNA",
            "dbn": ".",
            "summary": "anti,~C3'-endo,BI,non-canonical,non-pair-contact,helix,internal-loop",
            "alpha": -51.7,
            "beta": 154.3,
            "gamma": 65.7,
            "delta": 88.4,
            "epsilon": -146.8,
            "zeta": -71.9,
            "epsilon_zeta": -75.0,
            "bb_type": "BI",
            "chi": -170.2,
            "glyco_bond": "anti",
            "C5prime_xyz": [
                -1.845,
                8.79,
                0.913
            ],
            "P_xyz": [
                0.714,
                9.46,
                0.801
            ],
            "form": "A",
            "ssZp": 4.27,
            "Dp": 4.42,
            "splay_angle": 25.203,
            "splay_distance": 4.124,
            "splay_ratio": 0.223,
            "eta": -176.3,
            "theta": -107.5,
            "eta_prime": -153.3,
            "theta_prime": -127.1,
            "eta_base": -116.9,
            "theta_base": -84.8,
            "v0": -6.5,
            "v1": -18.7,
            "v2": 35.3,
            "v3": -39.9,
            "v4": 29.2,
            "amplitude": 39.8,
            "phase_angle": 27.7,
            "puckering": "C3'-endo",
            "sugar_class": "~C3'-endo",
            "bin": "33t",
            "cluster": "!!",
            "suiteness": 0.0,
            "filter_rmsd": 0.099,
            "frame": {
                "rmsd": 0.011,
                "origin": [
                    -10.491,
                    3.716,
                    -12.861
                ],
                "x_axis": [
                    0.429,
                    -0.007,
                    0.903
                ],
                "y_axis": [
                    0.903,
                    0.024,
                    -0.429
                ],
                "z_axis": [
                    -0.019,
                    1.0,
                    0.017
                ],
                "quaternion": [
                    0.606,
                    -0.589,
                    -0.38,
                    -0.375
                ]
            },
            "sse": {
                "sse": null
            },
            "binding_protein": null,
            "binding_ion": null,
            "binding_small-molecule": true,
            "TotalAsa": 170.00472985811882,
            "PolarAsa": 124.52490345552577,
            "ApolarAsa": 45.479826402593055,
            "id": "2tob.A.19"
        },
        {
            "index": 17,
            "index_chain": 17,
            "chain_name": "A",
            "nt_resnum": 20,
            "nt_name": "G",
            "nt_code": "G",
            "nt_id": "A.G20",
            "nt_type": "RNA",
            "dbn": ")",
            "summary": "anti,~C3'-endo,BI,canonical,non-pair-contact,helix,stem-end,multiplet,internal-loop",
            "alpha": 127.3,
            "beta": -176.9,
            "gamma": 179.4,
            "delta": 98.2,
            "epsilon": -113.5,
            "zeta": -80.0,
            "epsilon_zeta": -33.5,
            "bb_type": "BI",
            "chi": 175.0,
            "glyco_bond": "anti",
            "C5prime_xyz": [
                -1.109,
                7.914,
                1.96
            ],
            "P_xyz": [
                0.594,
                9.898,
                1.537
            ],
            "form": "A",
            "ssZp": 4.68,
            "Dp": 4.79,
            "splay_angle": 23.617,
            "splay_distance": 3.553,
            "splay_ratio": 0.213,
            "eta": 144.6,
            "theta": -116.6,
            "eta_prime": 163.7,
            "theta_prime": -128.4,
            "eta_base": -127.2,
            "theta_base": -86.1,
            "v0": 18.9,
            "v1": -36.2,
            "v2": 39.7,
            "v3": -29.6,
            "v4": 6.8,
            "amplitude": 40.2,
            "phase_angle": 351.3,
            "puckering": "C2'-exo",
            "sugar_class": "~C3'-endo",
            "bin": "33t",
            "cluster": "1c",
            "suiteness": 0.028,
            "filter_rmsd": 0.007,
            "frame": {
                "rmsd": 0.007,
                "origin": [
                    -9.769,
                    6.736,
                    -10.147
                ],
                "x_axis": [
                    0.95,
                    -0.234,
                    0.205
                ],
                "y_axis": [
                    0.212,
                    0.005,
                    -0.977
                ],
                "z_axis": [
                    0.228,
                    0.972,
                    0.054
                ],
                "quaternion": [
                    0.709,
                    -0.688,
                    0.008,
                    -0.157
                ]
            },
            "sse": {
                "sse": null
            },
            "binding_protein": null,
            "binding_ion": null,
            "binding_small-molecule": true,
            "TotalAsa": 177.7617820296176,
            "PolarAsa": 141.53510570575438,
            "ApolarAsa": 36.226676323863224,
            "id": "2tob.A.20"
        },
        {
            "index": 18,
            "index_chain": 18,
            "chain_name": "A",
            "nt_resnum": 21,
            "nt_name": "A",
            "nt_code": "A",
            "nt_id": "A.A21",
            "nt_type": "RNA",
            "dbn": ")",
            "summary": "anti,~C3'-endo,BI,canonical,non-pair-contact,helix,stem",
            "alpha": 126.1,
            "beta": -166.6,
            "gamma": 179.0,
            "delta": 93.6,
            "epsilon": -142.9,
            "zeta": -64.7,
            "epsilon_zeta": -78.2,
            "bb_type": "BI",
            "chi": 177.3,
            "glyco_bond": "anti",
            "C5prime_xyz": [
                -1.102,
                8.032,
                1.829
            ],
            "P_xyz": [
                0.498,
                9.978,
                1.005
            ],
            "form": "A",
            "ssZp": 4.78,
            "Dp": 4.72,
            "splay_angle": 20.554,
            "splay_distance": 3.598,
            "splay_ratio": 0.189,
            "eta": 129.7,
            "theta": -157.0,
            "eta_prime": 160.0,
            "theta_prime": -151.8,
            "eta_base": -131.0,
            "theta_base": -112.8,
            "v0": 15.3,
            "v1": -35.7,
            "v2": 42.0,
            "v3": -34.0,
            "v4": 11.7,
            "amplitude": 42.0,
            "phase_angle": 357.7,
            "puckering": "C2'-exo",
            "sugar_class": "~C3'-endo",
            "bin": "33p",
            "cluster": "1a",
            "suiteness": 0.109,
            "filter_rmsd": 0.038,
            "frame": {
                "rmsd": 0.01,
                "origin": [
                    -8.125,
                    9.01,
                    -7.969
                ],
                "x_axis": [
                    0.8,
                    -0.167,
                    -0.577
                ],
                "y_axis": [
                    -0.532,
                    0.249,
                    -0.81
                ],
                "z_axis": [
                    0.279,
                    0.954,
                    0.11
                ],
                "quaternion": [
                    0.735,
                    -0.6,
                    0.291,
                    0.124
                ]
            },
            "sse": {
                "sse": null
            },
            "binding_protein": null,
            "binding_ion": null,
            "binding_small-molecule": null,
            "TotalAsa": 174.59916866378236,
            "PolarAsa": 129.80575480464552,
            "ApolarAsa": 44.793413859136805,
            "id": "2tob.A.21"
        },
        {
            "index": 19,
            "index_chain": 19,
            "chain_name": "A",
            "nt_resnum": 22,
            "nt_name": "G",
            "nt_code": "G",
            "nt_id": "A.G22",
            "nt_type": "RNA",
            "dbn": ")",
            "summary": "anti,~C3'-endo,BI,canonical,non-pair-contact,helix,stem",
            "alpha": -76.0,
            "beta": 178.6,
            "gamma": 54.6,
            "delta": 89.1,
            "epsilon": -176.7,
            "zeta": -89.0,
            "epsilon_zeta": -87.7,
            "bb_type": "BI",
            "chi": -172.4,
            "glyco_bond": "anti",
            "C5prime_xyz": [
                -1.392,
                8.61,
                1.22
            ],
            "P_xyz": [
                1.193,
                8.967,
                1.679
            ],
            "form": "A",
            "ssZp": 4.43,
            "Dp": 4.38,
            "splay_angle": 21.553,
            "splay_distance": 3.304,
            "splay_ratio": 0.19,
            "eta": 161.8,
            "theta": -139.2,
            "eta_prime": -173.6,
            "theta_prime": -137.3,
            "eta_base": -115.1,
            "theta_base": -111.9,
            "v0": 4.1,
            "v1": -27.6,
            "v2": 39.7,
            "v3": -38.2,
            "v4": 21.4,
            "amplitude": 40.7,
            "phase_angle": 12.9,
            "puckering": "C3'-endo",
            "sugar_class": "~C3'-endo",
            "bin": "33t",
            "cluster": "1c",
            "suiteness": 0.288,
            "filter_rmsd": 0.008,
            "frame": {
                "rmsd": 0.008,
                "origin": [
                    -5.21,
                    10.971,
                    -7.196
                ],
                "x_axis": [
                    0.357,
                    -0.021,
                    -0.934
                ],
                "y_axis": [
                    -0.86,
                    0.384,
                    -0.337
                ],
                "z_axis": [
                    0.365,
                    0.923,
                    0.119
                ],
                "quaternion": [
                    0.682,
                    -0.462,
                    0.476,
                    0.308
                ]
            },
            "sse": {
                "sse": null
            },
            "binding_protein": null,
            "binding_ion": null,
            "binding_small-molecule": null,
            "TotalAsa": 179.56965190297015,
            "PolarAsa": 139.01629964622785,
            "ApolarAsa": 40.55335225674229,
            "id": "2tob.A.22"
        },
        {
            "index": 20,
            "index_chain": 20,
            "chain_name": "A",
            "nt_resnum": 23,
            "nt_name": "U",
            "nt_code": "U",
            "nt_id": "A.U23",
            "nt_type": "RNA",
            "dbn": ")",
            "summary": "anti,~C2'-endo,canonical,non-pair-contact,helix-end,stem-end",
            "alpha": 159.3,
            "beta": -140.2,
            "gamma": 179.4,
            "delta": 155.6,
            "epsilon": null,
            "zeta": null,
            "epsilon_zeta": null,
            "bb_type": "--",
            "chi": -160.0,
            "glyco_bond": "anti",
            "C5prime_xyz": [
                -1.932,
                8.504,
                1.054
            ],
            "P_xyz": [
                0.518,
                9.39,
                0.574
            ],
            "form": "-",
            "ssZp": null,
            "Dp": null,
            "splay_angle": null,
            "splay_distance": null,
            "splay_ratio": null,
            "eta": null,
            "theta": null,
            "eta_prime": null,
            "theta_prime": null,
            "eta_base": null,
            "theta_base": null,
            "v0": -20.5,
            "v1": 39.7,
            "v2": -43.1,
            "v3": 32.0,
            "v4": -7.4,
            "amplitude": 43.6,
            "phase_angle": 171.1,
            "puckering": "C2'-endo",
            "sugar_class": "~C2'-endo",
            "bin": "32t",
            "cluster": "1t",
            "suiteness": 0.098,
            "filter_rmsd": 0.099,
            "frame": {
                "rmsd": 0.011,
                "origin": [
                    -2.64,
                    13.02,
                    -7.538
                ],
                "x_axis": [
                    -0.253,
                    0.229,
                    -0.94
                ],
                "y_axis": [
                    -0.852,
                    0.408,
                    0.328
                ],
                "z_axis": [
                    0.459,
                    0.884,
                    0.092
                ],
                "quaternion": [
                    0.558,
                    -0.249,
                    0.626,
                    0.484
                ]
            },
            "sse": {
                "sse": null
            },
            "binding_protein": null,
            "binding_ion": null,
            "binding_small-molecule": null,
            "TotalAsa": 271.8355558292609,
            "PolarAsa": 173.93835076560742,
            "ApolarAsa": 97.89720506365347,
            "id": "2tob.A.23"
        },
        {
            "index": 1,
            "index_chain": 1,
            "chain_name": "A",
            "nt_resnum": 4,
            "nt_name": "A",
            "nt_code": "A",
            "nt_id": "A.A4",
            "nt_type": "RNA",
            "dbn": "(",
            "summary": "anti,~C3'-endo,BI,canonical,non-pair-contact,helix-end,stem-end",
            "alpha": null,
            "beta": null,
            "gamma": -59.4,
            "delta": 86.6,
            "epsilon": -167.9,
            "zeta": -95.1,
            "epsilon_zeta": -72.7,
            "bb_type": "BI",
            "chi": -144.6,
            "glyco_bond": "anti",
            "C5prime_xyz": [
                -1.701,
                8.832,
                -0.524
            ],
            "P_xyz": [
                null,
                null,
                null
            ],
            "form": "A",
            "ssZp": 3.81,
            "Dp": 4.36,
            "splay_angle": 17.045,
            "splay_distance": 2.825,
            "splay_ratio": 0.15,
            "eta": null,
            "theta": null,
            "eta_prime": null,
            "theta_prime": null,
            "eta_base": null,
            "theta_base": null,
            "v0": -5.0,
            "v1": -20.4,
            "v2": 36.6,
            "v3": -40.4,
            "v4": 28.5,
            "amplitude": 40.5,
            "phase_angle": 25.4,
            "puckering": "C3'-endo",
            "sugar_class": "~C3'-endo",
            "bin": "inc",
            "cluster": "__",
            "suiteness": 0.0,
            "filter_rmsd": 0.038,
            "frame": {
                "rmsd": 0.009,
                "origin": [
                    -2.953,
                    12.742,
                    -7.64
                ],
                "x_axis": [
                    -0.233,
                    0.075,
                    -0.969
                ],
                "y_axis": [
                    0.85,
                    -0.469,
                    -0.241
                ],
                "z_axis": [
                    -0.472,
                    -0.88,
                    0.045
                ],
                "quaternion": [
                    -0.293,
                    -0.545,
                    -0.424,
                    0.661
                ]
            },
            "sse": {
                "sse": null
            },
            "binding_protein": null,
            "binding_ion": null,
            "binding_small-molecule": null,
            "TotalAsa": 252.28996555701784,
            "PolarAsa": 137.11320449678044,
            "ApolarAsa": 115.17676106023747,
            "id": "2tob.A.4"
        },
        {
            "index": 2,
            "index_chain": 2,
            "chain_name": "A",
            "nt_resnum": 5,
            "nt_name": "C",
            "nt_code": "C",
            "nt_id": "A.C5",
            "nt_type": "RNA",
            "dbn": "(",
            "summary": "anti,~C3'-endo,BI,canonical,non-pair-contact,helix,stem",
            "alpha": 132.3,
            "beta": -145.4,
            "gamma": 174.1,
            "delta": 91.7,
            "epsilon": 179.9,
            "zeta": -77.1,
            "epsilon_zeta": -103.0,
            "bb_type": "BI",
            "chi": -164.7,
            "glyco_bond": "anti",
            "C5prime_xyz": [
                -0.879,
                8.485,
                0.794
            ],
            "P_xyz": [
                0.649,
                9.6,
                -1.07
            ],
            "form": "A",
            "ssZp": 4.39,
            "Dp": 4.43,
            "splay_angle": 25.096,
            "splay_distance": 3.714,
            "splay_ratio": 0.217,
            "eta": 156.6,
            "theta": -161.9,
            "eta_prime": 175.4,
            "theta_prime": -156.0,
            "eta_base": -135.8,
            "theta_base": -132.1,
            "v0": 14.3,
            "v1": -35.6,
            "v2": 42.8,
            "v3": -35.3,
            "v4": 13.3,
            "amplitude": 42.9,
            "phase_angle": 359.4,
            "puckering": "C2'-exo",
            "sugar_class": "~C3'-endo",
            "bin": "33t",
            "cluster": "1c",
            "suiteness": 0.352,
            "filter_rmsd": 0.065,
            "frame": {
                "rmsd": 0.006,
                "origin": [
                    -5.228,
                    11.071,
                    -7.737
                ],
                "x_axis": [
                    0.095,
                    -0.245,
                    -0.965
                ],
                "y_axis": [
                    0.74,
                    -0.631,
                    0.233
                ],
                "z_axis": [
                    -0.666,
                    -0.736,
                    0.121
                ],
                "quaternion": [
                    -0.383,
                    -0.633,
                    -0.196,
                    0.643
                ]
            },
            "sse": {
                "sse": null
            },
            "binding_protein": null,
            "binding_ion": null,
            "binding_small-molecule": null,
            "TotalAsa": 177.38120365853652,
            "PolarAsa": 128.61021413082435,
            "ApolarAsa": 48.770989527712146,
            "id": "2tob.A.5"
        },
        {
            "index": 3,
            "index_chain": 3,
            "chain_name": "A",
            "nt_resnum": 6,
            "nt_name": "U",
            "nt_code": "U",
            "nt_id": "A.U6",
            "nt_type": "RNA",
            "dbn": "(",
            "summary": "anti,~C3'-endo,canonical,non-pair-contact,helix,stem,phosphate",
            "alpha": -140.2,
            "beta": -94.6,
            "gamma": 58.6,
            "delta": 86.3,
            "epsilon": -156.9,
            "zeta": -81.5,
            "epsilon_zeta": -75.5,
            "bb_type": "--",
            "chi": -158.5,
            "glyco_bond": "anti",
            "C5prime_xyz": [
                -1.212,
                8.705,
                0.4
            ],
            "P_xyz": [
                0.985,
                8.064,
                1.741
            ],
            "form": ".",
            "ssZp": 4.42,
            "Dp": 4.64,
            "splay_angle": 26.352,
            "splay_distance": 4.44,
            "splay_ratio": 0.237,
            "eta": 166.2,
            "theta": -115.8,
            "eta_prime": 164.9,
            "theta_prime": -125.2,
            "eta_base": -168.9,
            "theta_base": -94.6,
            "v0": 7.3,
            "v1": -32.3,
            "v2": 44.0,
            "v3": -40.7,
            "v4": 20.9,
            "amplitude": 44.6,
            "phase_angle": 9.2,
            "puckering": "C3'-endo",
            "sugar_class": "~C3'-endo",
            "bin": "33p",
            "cluster": "1m",
            "suiteness": 0.176,
            "filter_rmsd": 0.099,
            "frame": {
                "rmsd": 0.011,
                "origin": [
                    -8.437,
                    9.208,
                    -7.896
                ],
                "x_axis": [
                    0.746,
                    -0.26,
                    -0.613
                ],
                "y_axis": [
                    0.517,
                    -0.354,
                    0.779
                ],
                "z_axis": [
                    -0.42,
                    -0.898,
                    -0.129
                ],
                "quaternion": [
                    0.562,
                    0.746,
                    0.086,
                    -0.346
                ]
            },
            "sse": {
                "sse": null
            },
            "binding_protein": null,
            "binding_ion": null,
            "binding_small-molecule": null,
            "TotalAsa": 140.87488453608984,
            "PolarAsa": 93.34727254320389,
            "ApolarAsa": 47.52761199288595,
            "id": "2tob.A.6"
        },
        {
            "index": 4,
            "index_chain": 4,
            "chain_name": "A",
            "nt_resnum": 7,
            "nt_name": "U",
            "nt_code": "U",
            "nt_id": "A.U7",
            "nt_type": "RNA",
            "dbn": "(",
            "summary": "anti,~C3'-endo,BII,canonical,non-canonical,non-pair-contact,helix,stem-end,multiplet,internal-loop,cap-acceptor,phosphate",
            "alpha": 145.8,
            "beta": -167.0,
            "gamma": 170.2,
            "delta": 99.7,
            "epsilon": -96.6,
            "zeta": -167.1,
            "epsilon_zeta": 70.5,
            "bb_type": "BII",
            "chi": 174.9,
            "glyco_bond": "anti",
            "C5prime_xyz": [
                -0.777,
                7.671,
                1.927
            ],
            "P_xyz": [
                1.236,
                9.183,
                1.107
            ],
            "form": ".",
            "ssZp": 4.77,
            "Dp": 4.83,
            "splay_angle": 40.371,
            "splay_distance": 6.302,
            "splay_ratio": 0.347,
            "eta": 165.7,
            "theta": -176.0,
            "eta_prime": 177.9,
            "theta_prime": -171.9,
            "eta_base": -129.3,
            "theta_base": -179.2,
            "v0": 25.2,
            "v1": -40.7,
            "v2": 41.0,
            "v3": -27.2,
            "v4": 1.3,
            "amplitude": 42.7,
            "phase_angle": 343.5,
            "puckering": "C2'-exo",
            "sugar_class": "~C3'-endo",
            "bin": "33t",
            "cluster": "!!",
            "suiteness": 0.0,
            "filter_rmsd": 0.099,
            "frame": {
                "rmsd": 0.011,
                "origin": [
                    -7.428,
                    5.944,
                    -10.733
                ],
                "x_axis": [
                    0.928,
                    -0.372,
                    -0.02
                ],
                "y_axis": [
                    -0.045,
                    -0.166,
                    0.985
                ],
                "z_axis": [
                    -0.369,
                    -0.913,
                    -0.171
                ],
                "quaternion": [
                    0.631,
                    0.752,
                    -0.139,
                    -0.129
                ]
            },
            "sse": {
                "sse": null
            },
            "binding_protein": null,
            "binding_ion": null,
            "binding_small-molecule": true,
            "TotalAsa": 121.94360666810931,
            "PolarAsa": 111.35840466491067,
            "ApolarAsa": 10.585202003198624,
            "id": "2tob.A.7"
        },
        {
            "index": 5,
            "index_chain": 5,
            "chain_name": "A",
            "nt_resnum": 8,
            "nt_name": "G",
            "nt_code": "G",
            "nt_id": "A.G8",
            "nt_type": "RNA",
            "dbn": ".",
            "summary": "anti,~C3'-endo,non-canonical,non-pair-contact,helix,internal-loop,phosphate",
            "alpha": 94.6,
            "beta": -82.2,
            "gamma": -179.3,
            "delta": 84.0,
            "epsilon": -106.0,
            "zeta": -68.8,
            "epsilon_zeta": -37.2,
            "bb_type": "--",
            "chi": 138.8,
            "glyco_bond": "anti",
            "C5prime_xyz": [
                -3.202,
                7.603,
                2.874
            ],
            "P_xyz": [
                -1.218,
                9.194,
                2.142
            ],
            "form": ".",
            "ssZp": 3.61,
            "Dp": 4.1,
            "splay_angle": 24.325,
            "splay_distance": 4.233,
            "splay_ratio": 0.221,
            "eta": -166.8,
            "theta": -101.7,
            "eta_prime": -165.8,
            "theta_prime": -122.9,
            "eta_base": -173.1,
            "theta_base": -61.8,
            "v0": -20.4,
            "v1": -7.7,
            "v2": 30.8,
            "v3": -43.5,
            "v4": 40.2,
            "amplitude": 43.9,
            "phase_angle": 45.5,
            "puckering": "C4'-exo",
            "sugar_class": "~C3'-endo",
            "bin": "33t",
            "cluster": "!!",
            "suiteness": 0.0,
            "filter_rmsd": 0.007,
            "frame": {
                "rmsd": 0.007,
                "origin": [
                    -12.561,
                    4.464,
                    -14.076
                ],
                "x_axis": [
                    0.983,
                    -0.083,
                    -0.165
                ],
                "y_axis": [
                    0.16,
                    -0.068,
                    0.985
                ],
                "z_axis": [
                    -0.093,
                    -0.994,
                    -0.054
                ],
                "quaternion": [
                    0.682,
                    0.725,
                    0.027,
                    -0.089
                ]
            },
            "sse": {
                "sse": null
            },
            "binding_protein": null,
            "binding_ion": null,
            "binding_small-molecule": true,
            "TotalAsa": 188.92012580840128,
            "PolarAsa": 155.4077642894406,
            "ApolarAsa": 33.51236151896066,
            "id": "2tob.A.8"
        },
        {
            "index": 6,
            "index_chain": 6,
            "chain_name": "A",
            "nt_resnum": 9,
            "nt_name": "G",
            "nt_code": "G",
            "nt_id": "A.G9",
            "nt_type": "RNA",
            "dbn": ".",
            "summary": "anti,~C3'-endo,BI,non-canonical,non-pair-contact,helix,internal-loop",
            "alpha": 101.1,
            "beta": -168.5,
            "gamma": -179.9,
            "delta": 89.6,
            "epsilon": -141.1,
            "zeta": -71.5,
            "epsilon_zeta": -69.6,
            "bb_type": "BI",
            "chi": 177.0,
            "glyco_bond": "anti",
            "C5prime_xyz": [
                -0.892,
                8.056,
                1.819
            ],
            "P_xyz": [
                0.601,
                10.082,
                0.989
            ],
            "form": "A",
            "ssZp": 4.88,
            "Dp": 4.78,
            "splay_angle": 27.725,
            "splay_distance": 4.111,
            "splay_ratio": 0.243,
            "eta": 101.1,
            "theta": -165.3,
            "eta_prime": 134.6,
            "theta_prime": -156.8,
            "eta_base": -124.1,
            "theta_base": -120.4,
            "v0": 17.8,
            "v1": -39.9,
            "v2": 46.6,
            "v3": -37.2,
            "v4": 12.1,
            "amplitude": 46.6,
            "phase_angle": 356.7,
            "puckering": "C2'-exo",
            "sugar_class": "~C3'-endo",
            "bin": "33t",
            "cluster": "!!",
            "suiteness": 0.0,
            "filter_rmsd": 0.007,
            "frame": {
                "rmsd": 0.007,
                "origin": [
                    -9.945,
                    1.136,
                    -14.102
                ],
                "x_axis": [
                    0.564,
                    0.158,
                    0.81
                ],
                "y_axis": [
                    -0.825,
                    0.069,
                    0.561
                ],
                "z_axis": [
                    0.033,
                    -0.985,
                    0.17
                ],
                "quaternion": [
                    0.671,
                    0.576,
                    -0.289,
                    0.366
                ]
            },
            "sse": {
                "sse": null
            },
            "binding_protein": null,
            "binding_ion": null,
            "binding_small-molecule": true,
            "TotalAsa": 189.59584689613004,
            "PolarAsa": 158.11341935233216,
            "ApolarAsa": 31.48242754379787,
            "id": "2tob.A.9"
        }
    ],
    "links": [
        {
            "LW": "B53",
            "backbone": true,
            "source": "2tob.A.10",
            "target": "2tob.A.11"
        },
        {
            "LW": "B35",
            "backbone": true,
            "source": "2tob.A.10",
            "target": "2tob.A.9"
        },
        {
            "index": 8,
            "nt1": "A.U10",
            "nt2": "A.A17",
            "bp": "U-A",
            "name": "WC",
            "Saenger": "20-XX",
            "LW": "cWW",
            "DSSR": "cW-W",
            "source": "2tob.A.10",
            "target": "2tob.A.17"
        },
        {
            "LW": "B53",
            "backbone": true,
            "source": "2tob.A.11",
            "target": "2tob.A.12"
        },
        {
            "LW": "B35",
            "backbone": true,
            "source": "2tob.A.11",
            "target": "2tob.A.10"
        },
        {
            "index": 9,
            "nt1": "A.U11",
            "nt2": "A.U16",
            "bp": "U-U",
            "name": "--",
            "Saenger": "16-XVI",
            "LW": "cWW",
            "DSSR": "cW-W",
            "source": "2tob.A.11",
            "target": "2tob.A.16"
        },
        {
            "LW": "B53",
            "backbone": true,
            "source": "2tob.A.12",
            "target": "2tob.A.13"
        },
        {
            "LW": "B35",
            "backbone": true,
            "source": "2tob.A.12",
            "target": "2tob.A.11"
        },
        {
            "LW": "B53",
            "backbone": true,
            "source": "2tob.A.13",
            "target": "2tob.A.14"
        },
        {
            "LW": "B35",
            "backbone": true,
            "source": "2tob.A.13",
            "target": "2tob.A.12"
        },
        {
            "LW": "B53",
            "backbone": true,
            "source": "2tob.A.14",
            "target": "2tob.A.15"
        },
        {
            "LW": "B35",
            "backbone": true,
            "source": "2tob.A.14",
            "target": "2tob.A.13"
        },
        {
            "LW": "B53",
            "backbone": true,
            "source": "2tob.A.15",
            "target": "2tob.A.16"
        },
        {
            "LW": "B35",
            "backbone": true,
            "source": "2tob.A.15",
            "target": "2tob.A.14"
        },
        {
            "index": 4,
            "nt1": "A.G15",
            "nt2": "A.U7",
            "bp": "G+U",
            "name": "--",
            "Saenger": "--",
            "LW": "cWH",
            "DSSR": "cM+W",
            "source": "2tob.A.15",
            "target": "2tob.A.7"
        },
        {
            "LW": "B53",
            "backbone": true,
            "source": "2tob.A.16",
            "target": "2tob.A.17"
        },
        {
            "LW": "B35",
            "backbone": true,
            "source": "2tob.A.16",
            "target": "2tob.A.15"
        },
        {
            "index": 9,
            "nt1": "A.U16",
            "nt2": "A.U11",
            "bp": "U-U",
            "name": "--",
            "Saenger": "16-XVI",
            "LW": "cWW",
            "DSSR": "cW-W",
            "source": "2tob.A.16",
            "target": "2tob.A.11"
        },
        {
            "LW": "B53",
            "backbone": true,
            "source": "2tob.A.17",
            "target": "2tob.A.18"
        },
        {
            "LW": "B35",
            "backbone": true,
            "source": "2tob.A.17",
            "target": "2tob.A.16"
        },
        {
            "index": 8,
            "nt1": "A.A17",
            "nt2": "A.U10",
            "bp": "A-U",
            "name": "WC",
            "Saenger": "20-XX",
            "LW": "cWW",
            "DSSR": "cW-W",
            "source": "2tob.A.17",
            "target": "2tob.A.10"
        },
        {
            "LW": "B53",
            "backbone": true,
            "source": "2tob.A.18",
            "target": "2tob.A.19"
        },
        {
            "LW": "B35",
            "backbone": true,
            "source": "2tob.A.18",
            "target": "2tob.A.17"
        },
        {
            "index": 7,
            "nt1": "A.A18",
            "nt2": "A.G9",
            "bp": "A-G",
            "name": "Imino",
            "Saenger": "08-VIII",
            "LW": "cWW",
            "DSSR": "cW-W",
            "source": "2tob.A.18",
            "target": "2tob.A.9"
        },
        {
            "LW": "B53",
            "backbone": true,
            "source": "2tob.A.19",
            "target": "2tob.A.20"
        },
        {
            "LW": "B35",
            "backbone": true,
            "source": "2tob.A.19",
            "target": "2tob.A.18"
        },
        {
            "index": 6,
            "nt1": "A.U19",
            "nt2": "A.G8",
            "bp": "U-G",
            "name": "--",
            "Saenger": "--",
            "LW": "tWH",
            "DSSR": "tM-W",
            "source": "2tob.A.19",
            "target": "2tob.A.8"
        },
        {
            "LW": "B53",
            "backbone": true,
            "source": "2tob.A.20",
            "target": "2tob.A.21"
        },
        {
            "LW": "B35",
            "backbone": true,
            "source": "2tob.A.20",
            "target": "2tob.A.19"
        },
        {
            "index": 5,
            "nt1": "A.G20",
            "nt2": "A.U7",
            "bp": "G-U",
            "name": "Wobble",
            "Saenger": "28-XXVIII",
            "LW": "cWW",
            "DSSR": "cW-W",
            "source": "2tob.A.20",
            "target": "2tob.A.7"
        },
        {
            "LW": "B53",
            "backbone": true,
            "source": "2tob.A.21",
            "target": "2tob.A.22"
        },
        {
            "LW": "B35",
            "backbone": true,
            "source": "2tob.A.21",
            "target": "2tob.A.20"
        },
        {
            "index": 3,
            "nt1": "A.A21",
            "nt2": "A.U6",
            "bp": "A-U",
            "name": "WC",
            "Saenger": "20-XX",
            "LW": "cWW",
            "DSSR": "cW-W",
            "source": "2tob.A.21",
            "target": "2tob.A.6"
        },
        {
            "LW": "B53",
            "backbone": true,
            "source": "2tob.A.22",
            "target": "2tob.A.23"
        },
        {
            "LW": "B35",
            "backbone": true,
            "source": "2tob.A.22",
            "target": "2tob.A.21"
        },
        {
            "index": 2,
            "nt1": "A.G22",
            "nt2": "A.C5",
            "bp": "G-C",
            "name": "WC",
            "Saenger": "19-XIX",
            "LW": "cWW",
            "DSSR": "cW-W",
            "source": "2tob.A.22",
            "target": "2tob.A.5"
        },
        {
            "LW": "B35",
            "backbone": true,
            "source": "2tob.A.23",
            "target": "2tob.A.22"
        },
        {
            "index": 1,
            "nt1": "A.U23",
            "nt2": "A.A4",
            "bp": "U-A",
            "name": "WC",
            "Saenger": "20-XX",
            "LW": "cWW",
            "DSSR": "cW-W",
            "source": "2tob.A.23",
            "target": "2tob.A.4"
        },
        {
            "LW": "B53",
            "backbone": true,
            "source": "2tob.A.4",
            "target": "2tob.A.5"
        },
        {
            "index": 1,
            "nt1": "A.A4",
            "nt2": "A.U23",
            "bp": "A-U",
            "name": "WC",
            "Saenger": "20-XX",
            "LW": "cWW",
            "DSSR": "cW-W",
            "source": "2tob.A.4",
            "target": "2tob.A.23"
        },
        {
            "LW": "B53",
            "backbone": true,
            "source": "2tob.A.5",
            "target": "2tob.A.6"
        },
        {
            "LW": "B35",
            "backbone": true,
            "source": "2tob.A.5",
            "target": "2tob.A.4"
        },
        {
            "index": 2,
            "nt1": "A.C5",
            "nt2": "A.G22",
            "bp": "C-G",
            "name": "WC",
            "Saenger": "19-XIX",
            "LW": "cWW",
            "DSSR": "cW-W",
            "source": "2tob.A.5",
            "target": "2tob.A.22"
        },
        {
            "LW": "B53",
            "backbone": true,
            "source": "2tob.A.6",
            "target": "2tob.A.7"
        },
        {
            "LW": "B35",
            "backbone": true,
            "source": "2tob.A.6",
            "target": "2tob.A.5"
        },
        {
            "index": 3,
            "nt1": "A.U6",
            "nt2": "A.A21",
            "bp": "U-A",
            "name": "WC",
            "Saenger": "20-XX",
            "LW": "cWW",
            "DSSR": "cW-W",
            "source": "2tob.A.6",
            "target": "2tob.A.21"
        },
        {
            "LW": "B53",
            "backbone": true,
            "source": "2tob.A.7",
            "target": "2tob.A.8"
        },
        {
            "LW": "B35",
            "backbone": true,
            "source": "2tob.A.7",
            "target": "2tob.A.6"
        },
        {
            "index": 4,
            "nt1": "A.U7",
            "nt2": "A.G15",
            "bp": "U+G",
            "name": "--",
            "Saenger": "--",
            "LW": "cHW",
            "DSSR": "cM+W",
            "source": "2tob.A.7",
            "target": "2tob.A.15"
        },
        {
            "index": 5,
            "nt1": "A.U7",
            "nt2": "A.G20",
            "bp": "U-G",
            "name": "Wobble",
            "Saenger": "28-XXVIII",
            "LW": "cWW",
            "DSSR": "cW-W",
            "source": "2tob.A.7",
            "target": "2tob.A.20"
        },
        {
            "LW": "B53",
            "backbone": true,
            "source": "2tob.A.8",
            "target": "2tob.A.9"
        },
        {
            "LW": "B35",
            "backbone": true,
            "source": "2tob.A.8",
            "target": "2tob.A.7"
        },
        {
            "index": 6,
            "nt1": "A.G8",
            "nt2": "A.U19",
            "bp": "G-U",
            "name": "--",
            "Saenger": "--",
            "LW": "tHW",
            "DSSR": "tM-W",
            "source": "2tob.A.8",
            "target": "2tob.A.19"
        },
        {
            "LW": "B53",
            "backbone": true,
            "source": "2tob.A.9",
            "target": "2tob.A.10"
        },
        {
            "LW": "B35",
            "backbone": true,
            "source": "2tob.A.9",
            "target": "2tob.A.8"
        },
        {
            "index": 7,
            "nt1": "A.G9",
            "nt2": "A.A18",
            "bp": "G-A",
            "name": "Imino",
            "Saenger": "08-VIII",
            "LW": "cWW",
            "DSSR": "cW-W",
            "source": "2tob.A.9",
            "target": "2tob.A.18"
        }
    ]
}